date,gross_return,buy_turnover,sell_turnover,cost,net_return,net_value,invested_weight,cash_weight
2020-01-02,0.0,0.0,0.0,0.0,0.0,1.0,0.0,1.0
2020-01-03,0.0,0.0,0.0,0.0,0.0,1.0,0.0,1.0
2020-01-06,0.0,0.0,0.0,0.0,0.0,1.0,0.0,1.0
2020-01-07,0.0,0.0,0.0,0.0,0.0,1.0,0.0,1.0
2020-01-08,0.0,0.0,0.0,0.0,0.0,1.0,0.0,1.0
2020-01-09,0.0,0.0,0.0,0.0,0.0,1.0,0.0,1.0
2020-01-10,0.0,0.0,0.0,0.0,0.0,1.0,0.0,1.0
2020-01-13,0.0,0.0,0.0,0.0,0.0,1.0,0.0,1.0
2020-01-14,0.0,0.0,0.0,0.0,0.0,1.0,0.0,1.0
2020-01-15,0.0,0.0,0.0,0.0,0.0,1.0,0.0,1.0
2020-01-16,0.0,0.0,0.0,0.0,0.0,1.0,0.0,1.0
2020-01-17,0.0,0.0,0.0,0.0,0.0,1.0,0.0,1.0
2020-01-20,0.0,0.0,0.0,0.0,0.0,1.0,0.0,1.0
2020-01-21,0.0,0.0,0.0,0.0,0.0,1.0,0.0,1.0
2020-01-22,0.0,0.0,0.0,0.0,0.0,1.0,0.0,1.0
2020-01-23,0.0,0.0,0.0,0.0,0.0,1.0,0.0,1.0
2020-02-03,0.0,0.0,0.0,0.0,0.0,1.0,0.0,1.0
2020-02-04,0.0,0.0,0.0,0.0,0.0,1.0,0.0,1.0
2020-02-05,0.0,0.0,0.0,0.0,0.0,1.0,0.0,1.0
2020-02-06,0.0,0.0,0.0,0.0,0.0,1.0,0.0,1.0
2020-02-07,0.0,0.0,0.0,0.0,0.0,1.0,0.0,1.0
2020-02-10,0.0,0.0,0.0,0.0,0.0,1.0,0.0,1.0
2020-02-11,0.0,0.0,0.0,0.0,0.0,1.0,0.0,1.0
2020-02-12,0.0,0.0,0.0,0.0,0.0,1.0,0.0,1.0
2020-02-13,0.0,0.0,0.0,0.0,0.0,1.0,0.0,1.0
2020-02-14,0.0,0.0,0.0,0.0,0.0,1.0,0.0,1.0
2020-02-17,0.0,0.0,0.0,0.0,0.0,1.0,0.0,1.0
2020-02-18,0.0,0.0,0.0,0.0,0.0,1.0,0.0,1.0
2020-02-19,0.0,0.0,0.0,0.0,0.0,1.0,0.0,1.0
2020-02-20,0.0,0.0,0.0,0.0,0.0,1.0,0.0,1.0
2020-02-21,0.0,0.0,0.0,0.0,0.0,1.0,0.0,1.0
2020-02-24,0.0,0.0,0.0,0.0,0.0,1.0,0.0,1.0
2020-02-25,0.0,0.0,0.0,0.0,0.0,1.0,0.0,1.0
2020-02-26,0.0,0.0,0.0,0.0,0.0,1.0,0.0,1.0
2020-02-27,0.0,0.0,0.0,0.0,0.0,1.0,0.0,1.0
2020-02-28,0.0,0.0,0.0,0.0,0.0,1.0,0.0,1.0
2020-03-02,0.0,0.0,0.0,0.0,0.0,1.0,0.0,1.0
2020-03-03,0.0,0.0,0.0,0.0,0.0,1.0,0.0,1.0
2020-03-04,0.0,0.0,0.0,0.0,0.0,1.0,0.0,1.0
2020-03-05,0.0,0.0,0.0,0.0,0.0,1.0,0.0,1.0
2020-03-06,0.0,0.0,0.0,0.0,0.0,1.0,0.0,1.0
2020-03-09,0.0,0.0,0.0,0.0,0.0,1.0,0.0,1.0
2020-03-10,0.0,0.0,0.0,0.0,0.0,1.0,0.0,1.0
2020-03-11,0.0,0.0,0.0,0.0,0.0,1.0,0.0,1.0
2020-03-12,0.0,0.0,0.0,0.0,0.0,1.0,0.0,1.0
2020-03-13,0.0,0.0,0.0,0.0,0.0,1.0,0.0,1.0
2020-03-16,0.0,0.0,0.0,0.0,0.0,1.0,0.0,1.0
2020-03-17,0.0,0.0,0.0,0.0,0.0,1.0,0.0,1.0
2020-03-18,0.0,0.0,0.0,0.0,0.0,1.0,0.0,1.0
2020-03-19,0.0,0.0,0.0,0.0,0.0,1.0,0.0,1.0
2020-03-20,0.0,0.0,0.0,0.0,0.0,1.0,0.0,1.0
2020-03-23,0.0,0.0,0.0,0.0,0.0,1.0,0.0,1.0
2020-03-24,0.0,0.0,0.0,0.0,0.0,1.0,0.0,1.0
2020-03-25,0.0,0.0,0.0,0.0,0.0,1.0,0.0,1.0
2020-03-26,0.0,0.0,0.0,0.0,0.0,1.0,0.0,1.0
2020-03-27,0.0,0.0,0.0,0.0,0.0,1.0,0.0,1.0
2020-03-30,0.0,0.0,0.0,0.0,0.0,1.0,0.0,1.0
2020-03-31,0.0,0.0,0.0,0.0,0.0,1.0,0.0,1.0
2020-04-01,0.0,0.0,0.0,0.0,0.0,1.0,0.0,1.0
2020-04-02,0.0,0.0,0.0,0.0,0.0,1.0,0.0,1.0
2020-04-03,0.0,0.0,0.0,0.0,0.0,1.0,0.0,1.0
2020-04-07,0.0,0.0,0.0,0.0,0.0,1.0,0.0,1.0
2020-04-08,0.0,0.0,0.0,0.0,0.0,1.0,0.0,1.0
2020-04-09,0.0,0.0,0.0,0.0,0.0,1.0,0.0,1.0
2020-04-10,0.0,0.0,0.0,0.0,0.0,1.0,0.0,1.0
2020-04-13,0.0,0.0,0.0,0.0,0.0,1.0,0.0,1.0
2020-04-14,0.0,0.0,0.0,0.0,0.0,1.0,0.0,1.0
2020-04-15,0.0,0.0,0.0,0.0,0.0,1.0,0.0,1.0
2020-04-16,0.0,0.0,0.0,0.0,0.0,1.0,0.0,1.0
2020-04-17,0.0,0.0,0.0,0.0,0.0,1.0,0.0,1.0
2020-04-20,0.0,0.0,0.0,0.0,0.0,1.0,0.0,1.0
2020-04-21,0.0,0.0,0.0,0.0,0.0,1.0,0.0,1.0
2020-04-22,0.0,0.0,0.0,0.0,0.0,1.0,0.0,1.0
2020-04-23,0.0,0.0,0.0,0.0,0.0,1.0,0.0,1.0
2020-04-24,0.0,0.0,0.0,0.0,0.0,1.0,0.0,1.0
2020-04-27,0.0,0.0,0.0,0.0,0.0,1.0,0.0,1.0
2020-04-28,0.0,0.0,0.0,0.0,0.0,1.0,0.0,1.0
2020-04-29,0.0,0.0,0.0,0.0,0.0,1.0,0.0,1.0
2020-04-30,0.0,0.0,0.0,0.0,0.0,1.0,0.0,1.0
2020-05-06,0.0,0.0,0.0,0.0,0.0,1.0,0.0,1.0
2020-05-07,0.0,0.0,0.0,0.0,0.0,1.0,0.0,1.0
2020-05-08,0.0,0.0,0.0,0.0,0.0,1.0,0.0,1.0
2020-05-11,0.0,0.0,0.0,0.0,0.0,1.0,0.0,1.0
2020-05-12,0.0,0.0,0.0,0.0,0.0,1.0,0.0,1.0
2020-05-13,0.0,0.0,0.0,0.0,0.0,1.0,0.0,1.0
2020-05-14,0.0,0.0,0.0,0.0,0.0,1.0,0.0,1.0
2020-05-15,0.0,0.0,0.0,0.0,0.0,1.0,0.0,1.0
2020-05-18,0.0,0.0,0.0,0.0,0.0,1.0,0.0,1.0
2020-05-19,0.0,0.0,0.0,0.0,0.0,1.0,0.0,1.0
2020-05-20,0.0,0.0,0.0,0.0,0.0,1.0,0.0,1.0
2020-05-21,0.0,0.0,0.0,0.0,0.0,1.0,0.0,1.0
2020-05-22,0.0,0.0,0.0,0.0,0.0,1.0,0.0,1.0
2020-05-25,0.0,0.0,0.0,0.0,0.0,1.0,0.0,1.0
2020-05-26,0.0,0.0,0.0,0.0,0.0,1.0,0.0,1.0
2020-05-27,0.0,0.0,0.0,0.0,0.0,1.0,0.0,1.0
2020-05-28,0.0,0.0,0.0,0.0,0.0,1.0,0.0,1.0
2020-05-29,0.0,0.0,0.0,0.0,0.0,1.0,0.0,1.0
2020-06-01,0.0,0.0,0.0,0.0,0.0,1.0,0.0,1.0
2020-06-02,0.0,0.0,0.0,0.0,0.0,1.0,0.0,1.0
2020-06-03,0.0,0.0,0.0,0.0,0.0,1.0,0.0,1.0
2020-06-04,0.0,0.0,0.0,0.0,0.0,1.0,0.0,1.0
2020-06-05,0.0,0.0,0.0,0.0,0.0,1.0,0.0,1.0
2020-06-08,0.0,0.0,0.0,0.0,0.0,1.0,0.0,1.0
2020-06-09,0.0,0.0,0.0,0.0,0.0,1.0,0.0,1.0
2020-06-10,0.0,0.0,0.0,0.0,0.0,1.0,0.0,1.0
2020-06-11,0.0,0.0,0.0,0.0,0.0,1.0,0.0,1.0
2020-06-12,0.0,0.0,0.0,0.0,0.0,1.0,0.0,1.0
2020-06-15,0.0,0.0,0.0,0.0,0.0,1.0,0.0,1.0
2020-06-16,0.0,0.0,0.0,0.0,0.0,1.0,0.0,1.0
2020-06-17,0.0,0.0,0.0,0.0,0.0,1.0,0.0,1.0
2020-06-18,0.0,0.0,0.0,0.0,0.0,1.0,0.0,1.0
2020-06-19,0.0,0.0,0.0,0.0,0.0,1.0,0.0,1.0
2020-06-22,0.0,0.0,0.0,0.0,0.0,1.0,0.0,1.0
2020-06-23,0.0,0.0,0.0,0.0,0.0,1.0,0.0,1.0
2020-06-24,0.0,0.0,0.0,0.0,0.0,1.0,0.0,1.0
2020-06-29,0.0,0.0,0.0,0.0,0.0,1.0,0.0,1.0
2020-06-30,0.0,0.0,0.0,0.0,0.0,1.0,0.0,1.0
2020-07-01,0.0,0.0,0.0,0.0,0.0,1.0,0.0,1.0
2020-07-02,0.0,0.0,0.0,0.0,0.0,1.0,0.0,1.0
2020-07-03,0.0,0.0,0.0,0.0,0.0,1.0,0.0,1.0
2020-07-06,0.0,0.0,0.0,0.0,0.0,1.0,0.0,1.0
2020-07-07,0.0,0.0,0.0,0.0,0.0,1.0,0.0,1.0
2020-07-08,0.0,0.0,0.0,0.0,0.0,1.0,0.0,1.0
2020-07-09,0.0,0.0,0.0,0.0,0.0,1.0,0.0,1.0
2020-07-10,0.0,0.0,0.0,0.0,0.0,1.0,0.0,1.0
2020-07-13,0.0,0.0,0.0,0.0,0.0,1.0,0.0,1.0
2020-07-14,0.0,0.0,0.0,0.0,0.0,1.0,0.0,1.0
2020-07-15,0.0,0.0,0.0,0.0,0.0,1.0,0.0,1.0
2020-07-16,0.0,0.0,0.0,0.0,0.0,1.0,0.0,1.0
2020-07-17,0.0,0.0,0.0,0.0,0.0,1.0,0.0,1.0
2020-07-20,0.0,0.0,0.0,0.0,0.0,1.0,0.0,1.0
2020-07-21,0.0,0.0,0.0,0.0,0.0,1.0,0.0,1.0
2020-07-22,0.0,0.0,0.0,0.0,0.0,1.0,0.0,1.0
2020-07-23,0.0,0.0,0.0,0.0,0.0,1.0,0.0,1.0
2020-07-24,0.0,0.0,0.0,0.0,0.0,1.0,0.0,1.0
2020-07-27,0.0,0.0,0.0,0.0,0.0,1.0,0.0,1.0
2020-07-28,0.0,0.0,0.0,0.0,0.0,1.0,0.0,1.0
2020-07-29,0.0,0.0,0.0,0.0,0.0,1.0,0.0,1.0
2020-07-30,0.0,0.0,0.0,0.0,0.0,1.0,0.0,1.0
2020-07-31,0.0,0.0,0.0,0.0,0.0,1.0,0.0,1.0
2020-08-03,0.0,0.0,0.0,0.0,0.0,1.0,0.0,1.0
2020-08-04,0.0,0.0,0.0,0.0,0.0,1.0,0.0,1.0
2020-08-05,0.0,0.0,0.0,0.0,0.0,1.0,0.0,1.0
2020-08-06,0.0,0.0,0.0,0.0,0.0,1.0,0.0,1.0
2020-08-07,0.0,0.0,0.0,0.0,0.0,1.0,0.0,1.0
2020-08-10,0.0,0.0,0.0,0.0,0.0,1.0,0.0,1.0
2020-08-11,0.0,0.0,0.0,0.0,0.0,1.0,0.0,1.0
2020-08-12,0.0,0.0,0.0,0.0,0.0,1.0,0.0,1.0
2020-08-13,0.0,0.0,0.0,0.0,0.0,1.0,0.0,1.0
2020-08-14,0.0,0.0,0.0,0.0,0.0,1.0,0.0,1.0
2020-08-17,0.0,0.0,0.0,0.0,0.0,1.0,0.0,1.0
2020-08-18,0.0,0.0,0.0,0.0,0.0,1.0,0.0,1.0
2020-08-19,0.0,0.0,0.0,0.0,0.0,1.0,0.0,1.0
2020-08-20,0.0,0.0,0.0,0.0,0.0,1.0,0.0,1.0
2020-08-21,0.0,0.0,0.0,0.0,0.0,1.0,0.0,1.0
2020-08-24,0.0,0.0,0.0,0.0,0.0,1.0,0.0,1.0
2020-08-25,0.0,0.0,0.0,0.0,0.0,1.0,0.0,1.0
2020-08-26,0.0,0.0,0.0,0.0,0.0,1.0,0.0,1.0
2020-08-27,0.0,0.0,0.0,0.0,0.0,1.0,0.0,1.0
2020-08-28,0.0,0.0,0.0,0.0,0.0,1.0,0.0,1.0
2020-08-31,0.0,0.0,0.0,0.0,0.0,1.0,0.0,1.0
2020-09-01,0.0,0.0,0.0,0.0,0.0,1.0,0.0,1.0
2020-09-02,0.0,0.0,0.0,0.0,0.0,1.0,0.0,1.0
2020-09-03,0.0,0.0,0.0,0.0,0.0,1.0,0.0,1.0
2020-09-04,0.0,0.0,0.0,0.0,0.0,1.0,0.0,1.0
2020-09-07,0.0,0.0,0.0,0.0,0.0,1.0,0.0,1.0
2020-09-08,0.0,0.0,0.0,0.0,0.0,1.0,0.0,1.0
2020-09-09,0.0,0.0,0.0,0.0,0.0,1.0,0.0,1.0
2020-09-10,0.0,0.0,0.0,0.0,0.0,1.0,0.0,1.0
2020-09-11,0.0,0.0,0.0,0.0,0.0,1.0,0.0,1.0
2020-09-14,0.0,0.0,0.0,0.0,0.0,1.0,0.0,1.0
2020-09-15,0.0,0.0,0.0,0.0,0.0,1.0,0.0,1.0
2020-09-16,0.0,0.0,0.0,0.0,0.0,1.0,0.0,1.0
2020-09-17,0.0,0.0,0.0,0.0,0.0,1.0,0.0,1.0
2020-09-18,0.0,0.0,0.0,0.0,0.0,1.0,0.0,1.0
2020-09-21,0.0,0.0,0.0,0.0,0.0,1.0,0.0,1.0
2020-09-22,0.0,0.0,0.0,0.0,0.0,1.0,0.0,1.0
2020-09-23,0.0,0.0,0.0,0.0,0.0,1.0,0.0,1.0
2020-09-24,0.0,0.0,0.0,0.0,0.0,1.0,0.0,1.0
2020-09-25,0.0,0.0,0.0,0.0,0.0,1.0,0.0,1.0
2020-09-28,0.0,0.0,0.0,0.0,0.0,1.0,0.0,1.0
2020-09-29,0.0,0.0,0.0,0.0,0.0,1.0,0.0,1.0
2020-09-30,0.0,0.0,0.0,0.0,0.0,1.0,0.0,1.0
2020-10-09,0.0,0.0,0.0,0.0,0.0,1.0,0.0,1.0
2020-10-12,0.0,0.0,0.0,0.0,0.0,1.0,0.0,1.0
2020-10-13,0.0,0.0,0.0,0.0,0.0,1.0,0.0,1.0
2020-10-14,0.0,0.0,0.0,0.0,0.0,1.0,0.0,1.0
2020-10-15,0.0,0.0,0.0,0.0,0.0,1.0,0.0,1.0
2020-10-16,0.0,0.0,0.0,0.0,0.0,1.0,0.0,1.0
2020-10-19,0.0,0.0,0.0,0.0,0.0,1.0,0.0,1.0
2020-10-20,0.0,0.0,0.0,0.0,0.0,1.0,0.0,1.0
2020-10-21,0.0,0.0,0.0,0.0,0.0,1.0,0.0,1.0
2020-10-22,0.0,0.0,0.0,0.0,0.0,1.0,0.0,1.0
2020-10-23,0.0,0.0,0.0,0.0,0.0,1.0,0.0,1.0
2020-10-26,0.0,0.0,0.0,0.0,0.0,1.0,0.0,1.0
2020-10-27,0.0,0.0,0.0,0.0,0.0,1.0,0.0,1.0
2020-10-28,0.0,0.0,0.0,0.0,0.0,1.0,0.0,1.0
2020-10-29,0.0,0.0,0.0,0.0,0.0,1.0,0.0,1.0
2020-10-30,0.0,0.0,0.0,0.0,0.0,1.0,0.0,1.0
2020-11-02,0.0,0.0,0.0,0.0,0.0,1.0,0.0,1.0
2020-11-03,0.0,0.0,0.0,0.0,0.0,1.0,0.0,1.0
2020-11-04,0.0,0.0,0.0,0.0,0.0,1.0,0.0,1.0
2020-11-05,0.0,0.0,0.0,0.0,0.0,1.0,0.0,1.0
2020-11-06,0.0,0.0,0.0,0.0,0.0,1.0,0.0,1.0
2020-11-09,0.0,0.0,0.0,0.0,0.0,1.0,0.0,1.0
2020-11-10,0.0,0.0,0.0,0.0,0.0,1.0,0.0,1.0
2020-11-11,0.0,0.0,0.0,0.0,0.0,1.0,0.0,1.0
2020-11-12,0.0,0.0,0.0,0.0,0.0,1.0,0.0,1.0
2020-11-13,0.0,0.0,0.0,0.0,0.0,1.0,0.0,1.0
2020-11-16,0.0,0.0,0.0,0.0,0.0,1.0,0.0,1.0
2020-11-17,0.0,0.0,0.0,0.0,0.0,1.0,0.0,1.0
2020-11-18,0.0,0.0,0.0,0.0,0.0,1.0,0.0,1.0
2020-11-19,0.0,0.0,0.0,0.0,0.0,1.0,0.0,1.0
2020-11-20,0.0,0.0,0.0,0.0,0.0,1.0,0.0,1.0
2020-11-23,0.0,0.0,0.0,0.0,0.0,1.0,0.0,1.0
2020-11-24,0.0,0.0,0.0,0.0,0.0,1.0,0.0,1.0
2020-11-25,0.0,0.0,0.0,0.0,0.0,1.0,0.0,1.0
2020-11-26,0.0,0.0,0.0,0.0,0.0,1.0,0.0,1.0
2020-11-27,0.0,0.0,0.0,0.0,0.0,1.0,0.0,1.0
2020-11-30,0.0,0.0,0.0,0.0,0.0,1.0,0.0,1.0
2020-12-01,0.0,0.0,0.0,0.0,0.0,1.0,0.0,1.0
2020-12-02,0.0,0.0,0.0,0.0,0.0,1.0,0.0,1.0
2020-12-03,0.0,0.0,0.0,0.0,0.0,1.0,0.0,1.0
2020-12-04,0.0,0.0,0.0,0.0,0.0,1.0,0.0,1.0
2020-12-07,0.0,0.0,0.0,0.0,0.0,1.0,0.0,1.0
2020-12-08,0.0,0.0,0.0,0.0,0.0,1.0,0.0,1.0
2020-12-09,0.0,0.0,0.0,0.0,0.0,1.0,0.0,1.0
2020-12-10,0.0,0.0,0.0,0.0,0.0,1.0,0.0,1.0
2020-12-11,0.0,0.0,0.0,0.0,0.0,1.0,0.0,1.0
2020-12-14,0.0,0.0,0.0,0.0,0.0,1.0,0.0,1.0
2020-12-15,0.0,0.0,0.0,0.0,0.0,1.0,0.0,1.0
2020-12-16,0.0,0.0,0.0,0.0,0.0,1.0,0.0,1.0
2020-12-17,0.0,0.0,0.0,0.0,0.0,1.0,0.0,1.0
2020-12-18,0.0,0.0,0.0,0.0,0.0,1.0,0.0,1.0
2020-12-21,0.0,0.0,0.0,0.0,0.0,1.0,0.0,1.0
2020-12-22,0.0,0.0,0.0,0.0,0.0,1.0,0.0,1.0
2020-12-23,0.0,0.0,0.0,0.0,0.0,1.0,0.0,1.0
2020-12-24,0.0,0.0,0.0,0.0,0.0,1.0,0.0,1.0
2020-12-25,0.0,0.0,0.0,0.0,0.0,1.0,0.0,1.0
2020-12-28,0.0,0.0,0.0,0.0,0.0,1.0,0.0,1.0
2020-12-29,0.0,0.0,0.0,0.0,0.0,1.0,0.0,1.0
2020-12-30,0.0,0.0,0.0,0.0,0.0,1.0,0.0,1.0
2020-12-31,0.0,0.0,0.0,0.0,0.0,1.0,0.0,1.0
2021-01-04,0.03838101884159095,1.0,0.0,0.001,0.03738101884159095,1.0373810188415908,1.0,0.0
2021-01-05,0.0040322580645162365,0.0,0.0,0.0,0.0040322580645162365,1.041564006820791,1.0,0.0
2021-01-06,0.005020080321285203,0.0,0.0,0.0,0.005020080321285203,1.046792741794791,1.0,0.0
2021-01-07,0.017649017649017607,0.0,0.0,0.0,0.017649017649017607,1.0652676053695909,1.0,0.0
2021-01-08,-0.00654450261780104,0.0,0.0,0.0,-0.00654450261780104,1.0582959587375909,1.0,0.0
2021-01-11,-0.015480895915678583,0.0,0.0,0.0,-0.015480895915678583,1.041912589152391,1.0,0.0
2021-01-12,0.029106724657075977,0.0,0.0,0.0,0.029106724657075977,1.0722392520015909,1.0,0.0
2021-01-13,-0.016579973992197683,0.0,0.0,0.0,-0.016579973992197683,1.054461553089991,1.0,0.0
2021-01-14,-0.01256198347107429,0.0,0.0,0.0,-0.01256198347107429,1.0412154244891911,1.0,0.0
2021-01-15,0.001004352192835567,0.0,0.0,0.0,0.001004352192835567,1.0422611714839911,1.0,0.0
2021-01-18,0.0187290969899665,0.0,0.0,0.0,0.0187290969899665,1.0617817820535909,1.0,0.0
2021-01-19,-0.022980958634274407,0.0,0.0,0.0,-0.022980958634274407,1.037381018841591,1.0,0.0
2021-01-20,0.040322580645161255,0.0,0.0,0.0,0.040322580645161255,1.0792108986335907,1.0,0.0
2021-01-21,0.025839793281653867,0.0,0.0,0.0,0.025839793281653867,1.1070974851615905,1.0,0.0
2021-01-22,0.02046599496221657,0.0,0.0,0.0,0.02046599496221657,1.1297553367155901,1.0,0.0
2021-01-25,0.000308546744831828,0.0,0.0,0.0,0.000308546744831828,1.1301039190471902,1.0,0.0
2021-01-26,-0.02776064157927205,0.0,0.0,0.0,-0.02776064157927205,1.0987315092031904,1.0,0.0
2021-01-27,0.004441624365482122,0.0,0.0,0.0,0.004441624365482122,1.1036116618455902,1.0,0.0
2021-01-28,-0.03442830069488312,0.0,0.0,0.0,-0.03442830069488312,1.0656161877011905,1.0,0.0
2021-01-29,-0.009159306509650023,0.0,0.0,0.0,-0.009159306509650023,1.0558558824163906,1.0,0.0
2021-02-01,0.0,0.0,1.0,0.001,-0.001,1.0548000265339743,0.0,1.0
2021-02-02,0.0,0.0,0.0,0.0,0.0,1.0548000265339743,0.0,1.0
2021-02-03,0.0,0.0,0.0,0.0,0.0,1.0548000265339743,0.0,1.0
2021-02-04,0.0,0.0,0.0,0.0,0.0,1.0548000265339743,0.0,1.0
2021-02-05,0.0,0.0,0.0,0.0,0.0,1.0548000265339743,0.0,1.0
2021-02-08,0.0,0.0,0.0,0.0,0.0,1.0548000265339743,0.0,1.0
2021-02-09,0.0,0.0,0.0,0.0,0.0,1.0548000265339743,0.0,1.0
2021-02-10,0.0,0.0,0.0,0.0,0.0,1.0548000265339743,0.0,1.0
2021-02-18,0.0,0.0,0.0,0.0,0.0,1.0548000265339743,0.0,1.0
2021-02-19,0.0,0.0,0.0,0.0,0.0,1.0548000265339743,0.0,1.0
2021-02-22,0.0,0.0,0.0,0.0,0.0,1.0548000265339743,0.0,1.0
2021-02-23,0.0,0.0,0.0,0.0,0.0,1.0548000265339743,0.0,1.0
2021-02-24,0.0,0.0,0.0,0.0,0.0,1.0548000265339743,0.0,1.0
2021-02-25,0.0,0.0,0.0,0.0,0.0,1.0548000265339743,0.0,1.0
2021-02-26,0.0,0.0,0.0,0.0,0.0,1.0548000265339743,0.0,1.0
2021-03-01,0.013272658323852937,1.0,0.0,0.001,0.012272658323852936,1.0677452268596168,1.0,0.0
2021-03-02,-0.0056137724550898715,0.0,0.0,0.0,-0.0056137724550898715,1.0617511481160187,1.0,0.0
2021-03-03,0.024463680843056057,0.0,0.0,0.0,0.024463680843056057,1.0877254893382773,1.0,0.0
2021-03-04,-0.0014695077149154967,0.0,0.0,0.0,-0.0014695077149154967,1.0861270683399844,1.0,0.0
2021-03-05,-0.010301692420897735,0.0,0.0,0.0,-0.010301692420897735,1.0749381213519345,1.0,0.0
2021-03-08,-0.004089219330855043,0.0,0.0,0.0,-0.004089219330855043,1.0705424636066292,1.0,0.0
2021-03-09,-0.004106009705113767,0.0,0.0,0.0,-0.004106009705113767,1.066146805861324,1.0,0.0
2021-03-10,-0.005622188905547221,0.0,0.0,0.0,-0.005622188905547221,1.0601527271177258,1.0,0.0
2021-03-11,0.017715793441387184,0.0,0.0,0.0,0.017715793441387184,1.0789341738476668,1.0,0.0
2021-03-12,0.009999999999999787,0.0,0.0,0.0,0.009999999999999787,1.089723515586143,1.0,0.0
2021-03-15,0.009167583425009118,0.0,0.0,0.0,0.009167583425009118,1.0997136468254733,1.0,0.0
2021-03-16,0.0010901162790697416,0.0,0.0,0.0,0.0010901162790697416,1.1009124625741928,1.0,0.0
2021-03-17,-0.005081669691469948,0.0,0.0,0.0,-0.005081669691469948,1.095317989080168,1.0,0.0
2021-03-18,0.0,0.0,0.0,0.0,0.0,1.095317989080168,1.0,0.0
2021-03-19,-0.006202116016052472,0.0,0.0,0.0,-0.006202116016052472,1.0885246998374236,1.0,0.0
2021-03-22,0.009544787077826689,0.0,0.0,0.0,0.009544787077826689,1.098914436326327,1.0,0.0
2021-03-23,-0.007636363636363552,0.0,0.0,0.0,-0.007636363636363552,1.0905227260852897,1.0,0.0
2021-03-24,-0.01758886038842067,0.0,0.0,0.0,-0.01758886038842067,1.0713416741057755,1.0,0.0
2021-03-25,0.0007459903021260761,0.0,0.0,0.0,0.0007459903021260761,1.0721408846049219,1.0,0.0
2021-03-26,0.011926947446887715,0.0,0.0,0.0,0.011926947446887715,1.0849282525912645,1.0,0.0
2021-03-29,0.013259668508287303,0.0,0.0,0.0,0.013259668508287303,1.0993140415759,1.0,0.0
2021-03-30,-0.00036350418029806875,0.0,0.0,0.0,-0.00036350418029806875,1.0989144363263268,1.0,0.0
2021-03-31,-0.0025454545454546285,0.0,0.0,0.0,-0.0025454545454546285,1.0961171995793142,1.0,0.0
2021-04-01,0.02008310249307499,1.0,1.0,0.002,0.018083102493074987,1.1159383992437293,1.0,0.0
2021-04-02,0.00746775288526802,0.0,0.0,0.0,0.00746775288526802,1.124271951444463,1.0,0.0
2021-04-06,-0.016846361185983816,0.0,0.0,0.0,-0.016846361185983816,1.1053320600791587,1.0,0.0
2021-04-07,-0.005483207676490798,0.0,0.0,0.0,-0.005483207676490798,1.0992712948422614,1.0,0.0
2021-04-08,0.019986216402480883,0.0,0.0,0.0,0.019986216402480883,1.1212415688260142,1.0,0.0
2021-04-09,-0.01858108108108114,0.0,0.0,0.0,-0.01858108108108114,1.1004076883241793,1.0,0.0
2021-04-12,-0.02857142857142847,0.0,0.0,0.0,-0.02857142857142847,1.0689674686577744,1.0,0.0
2021-04-13,0.009567682494684648,0.0,0.0,0.0,0.009567682494684648,1.0791950099950387,1.0,0.0
2021-04-14,0.0,0.0,0.0,0.0,0.0,1.0791950099950387,1.0,0.0
2021-04-15,-0.008424008424008478,0.0,0.0,0.0,-0.008424008424008478,1.0701038621396926,1.0,0.0
2021-04-16,-0.005663716814159336,0.0,0.0,0.0,-0.005663716814159336,1.0640430969027952,1.0,0.0
2021-04-19,0.02990388038447822,0.0,0.0,0.0,0.02990388038447822,1.0958621143965062,1.0,0.0
2021-04-20,0.0024196335983408535,0.0,0.0,0.0,0.0024196335983408535,1.0985136991876487,1.0,0.0
2021-04-21,0.02172413793103445,0.0,0.0,0.0,0.02172413793103445,1.1223779623079322,1.0,0.0
2021-04-22,0.0003374957813027102,0.0,0.0,0.0,0.0003374957813027102,1.1227567601352382,1.0,0.0
2021-04-23,0.02294197031039147,0.0,0.0,0.0,0.02294197031039147,1.1485150123920522,1.0,0.0
2021-04-26,-0.004617414248021201,0.0,0.0,0.0,-0.004617414248021201,1.1432118428097668,1.0,0.0
2021-04-27,0.02650762094102066,0.0,0.0,0.0,0.02650762094102066,1.1735156689942539,1.0,0.0
2021-04-28,0.020658489347966436,0.0,0.0,0.0,0.020658489347966436,1.1977587299418433,1.0,0.0
2021-04-29,-0.003795066413662229,0.0,0.0,0.0,-0.003795066413662229,1.1932131560141703,1.0,0.0
2021-04-30,0.016507936507936583,0.0,0.0,0.0,0.016507936507936583,1.2129106430340868,1.0,0.0
2021-05-06,-0.044034978138663305,0.0,0.0,0.0,-0.044034978138663305,1.1595001493839288,1.0,0.0
2021-05-07,-0.02482848742241095,0.0,0.0,0.0,-0.02482848742241095,1.1307115145086664,1.0,0.0
2021-05-10,0.019765494137353512,0.0,0.0,0.0,0.019765494137353512,1.1530605863197254,1.0,0.0
2021-05-11,0.019382391590013093,0.0,0.0,0.0,0.019382391590013093,1.1754096581307845,1.0,0.0
2021-05-12,0.014824363519174932,0.0,0.0,0.0,0.014824363519174932,1.1928343581868643,1.0,0.0
2021-05-13,0.0057161003493171325,0.0,0.0,0.0,0.0057161003493171325,1.1996527190783737,1.0,0.0
2021-05-14,0.0236817177139248,0.0,0.0,0.0,0.0236817177139248,1.22806255612633,1.0,0.0
2021-05-17,0.02128315854410845,0.0,0.0,0.0,0.02128315854410845,1.25419960621045,1.0,0.0
2021-05-18,-0.008758683177287785,0.0,0.0,0.0,-0.008758683177287785,1.2432144692185734,1.0,0.0
2021-05-19,-0.0030469226081658585,0.0,0.0,0.0,-0.0030469226081658585,1.2394264909455124,1.0,0.0
2021-05-20,-0.003667481662591676,0.0,0.0,0.0,-0.003667481662591676,1.2348809170178394,1.0,0.0
2021-05-21,-0.01411042944785268,0.0,0.0,0.0,-0.01411042944785268,1.2174562169617595,1.0,0.0
2021-05-24,-0.005289359054138076,0.0,0.0,0.0,-0.005289359054138076,1.2110166538975562,1.0,0.0
2021-05-25,0.030028151391930047,0.0,0.0,0.0,0.030028151391930047,1.2473812453189406,1.0,0.0
2021-05-26,-0.001214697843911372,0.0,0.0,0.0,-0.001214697843911372,1.2458660540097162,1.0,0.0
2021-05-27,0.007601094557616372,0.0,0.0,0.0,0.007601094557616372,1.2553359996923683,1.0,0.0
2021-05-28,-0.01991550995775493,0.0,0.0,0.0,-0.01991550995775493,1.2303353430901667,1.0,0.0
2021-05-31,0.01477832512315258,0.0,0.0,0.0,0.01477832512315258,1.2485176388008585,1.0,0.0
2021-06-01,-0.006018054162487463,1.0,1.0,0.002,-0.008018054162487463,1.2385069567501323,1.0,0.0
2021-06-02,-0.007063572149344055,0.0,0.0,0.0,-0.007063572149344055,1.2297586735036632,1.0,0.0
2021-06-03,-0.016260162601625994,0.0,0.0,0.0,-0.016260162601625994,1.2097625975117337,1.0,0.0
2021-06-04,0.01446280991735538,0.0,0.0,0.0,0.01446280991735538,1.227259164004672,1.0,0.0
2021-06-07,-0.016293279022403295,0.0,0.0,0.0,-0.016293279022403295,1.2072630880127424,1.0,0.0
2021-06-08,-0.009316770186335366,0.0,0.0,0.0,-0.009316770186335366,1.196015295267282,1.0,0.0
2021-06-09,0.0052246603970742544,0.0,0.0,0.0,0.0052246603970742544,1.2022640690147601,1.0,0.0
2021-06-10,0.042619542619542594,0.0,0.0,0.0,0.042619542619542594,1.2535040137440794,1.0,0.0
2021-06-11,0.017946161515453696,0.0,0.0,0.0,0.017946161515453696,1.2759995992350002,1.0,0.0
2021-06-15,-0.009794319294809006,0.0,0.0,0.0,-0.009794319294809006,1.2635020517400442,1.0,0.0
2021-06-16,-0.05143422354104843,0.0,0.0,0.0,-0.05143422354104843,1.1985148047662735,1.0,0.0
2021-06-17,0.01772679874869665,0.0,0.0,0.0,0.01772679874869665,1.2197606355076986,1.0,0.0
2021-06-18,0.035860655737704805,0.0,0.0,0.0,0.035860655737704805,1.2635020517400442,1.0,0.0
2021-06-21,0.013847675568743778,0.0,0.0,0.0,0.013847675568743778,1.2809986182329824,1.0,0.0
2021-06-22,0.0029268292682926855,0.0,0.0,0.0,0.0029268292682926855,1.2847478824814693,1.0,0.0
2021-06-23,0.02237354085603105,0.0,0.0,0.0,0.02237354085603105,1.3134922417198678,1.0,0.0
2021-06-24,0.007611798287345373,0.0,0.0,0.0,0.007611798287345373,1.3234902797158326,1.0,0.0
2021-06-25,0.014164305949008638,0.0,0.0,0.0,0.014164305949008638,1.3422366009582667,1.0,0.0
2021-06-28,0.01582867783985087,0.0,0.0,0.0,0.01582867783985087,1.3634824316996916,1.0,0.0
2021-06-29,0.013748854262144894,0.0,0.0,0.0,0.013748854262144894,1.3822287529421255,1.0,0.0
2021-06-30,0.020795660036166286,0.0,0.0,0.0,0.020795660036166286,1.410973112180524,1.0,0.0
2021-07-01,-0.024800708591674048,0.0,0.0,0.0,-0.024800708591674048,1.3759799791946474,1.0,0.0
2021-07-02,-0.0072661217075385975,0.0,0.0,0.0,-0.0072661217075385975,1.3659819411986827,1.0,0.0
2021-07-05,0.02104300091491318,0.0,0.0,0.0,0.02104300091491318,1.3947263004370813,1.0,0.0
2021-07-06,-0.010752688172043001,0.0,0.0,0.0,-0.010752688172043001,1.3797292434431343,1.0,0.0
2021-07-07,0.061594202898550554,0.0,0.0,0.0,0.061594202898550554,1.4647125664088343,1.0,0.0
2021-07-08,0.026450511945392607,0.0,0.0,0.0,0.026450511945392607,1.5034549636431978,1.0,0.0
2021-07-09,0.011637572734829682,0.0,0.0,0.0,0.011637572734829682,1.5209515301361363,1.0,0.0
2021-07-12,0.03697617091207883,0.0,0.0,0.0,0.03697617091207883,1.5771904938634378,1.0,0.0
2021-07-13,0.002377179080824021,0.0,0.0,0.0,0.002377179080824021,1.5809397581119244,1.0,0.0
2021-07-14,-0.03320158102766779,0.0,0.0,0.0,-0.03320158102766779,1.5284500586331098,1.0,0.0
2021-07-15,0.03352412101390012,0.0,0.0,0.0,0.03352412101390012,1.5796900033624288,1.0,0.0
2021-07-16,-0.02848101265822789,0.0,0.0,0.0,-0.02848101265822789,1.5346988323805875,1.0,0.0
2021-07-19,-0.017100977198696965,0.0,0.0,0.0,-0.017100977198696965,1.5084539826411802,1.0,0.0
2021-07-20,0.014084507042253502,0.0,0.0,0.0,0.014084507042253502,1.5296998133826052,1.0,0.0
2021-07-21,0.0490196078431373,0.0,0.0,0.0,0.0490196078431373,1.6046850983523409,1.0,0.0
2021-07-22,0.01791277258566981,0.0,0.0,0.0,0.01791277258566981,1.6334294575907395,1.0,0.0
2021-07-23,-0.007651109410864554,0.0,0.0,0.0,-0.007651109410864554,1.6209319100957837,1.0,0.0
2021-07-26,-0.005397070161912043,0.0,0.0,0.0,-0.005397070161912043,1.6121836268493146,1.0,0.0
2021-07-27,-0.06279069767441858,0.0,0.0,0.0,-0.06279069767441858,1.5109534921401717,1.0,0.0
2021-07-28,-0.00413564929693977,0.0,0.0,0.0,-0.00413564929693977,1.5047047183926936,1.0,0.0
2021-07-29,0.07225913621262459,0.0,0.0,0.0,0.07225913621262459,1.6134333815988102,1.0,0.0
2021-07-30,0.013942680092951187,0.0,0.0,0.0,0.013942680092951187,1.6359289670897308,1.0,0.0
2021-08-02,0.0,0.0,1.0,0.001,-0.001,1.634293038122641,0.0,1.0
2021-08-03,0.0,0.0,0.0,0.0,0.0,1.634293038122641,0.0,1.0
2021-08-04,0.0,0.0,0.0,0.0,0.0,1.634293038122641,0.0,1.0
2021-08-05,0.0,0.0,0.0,0.0,0.0,1.634293038122641,0.0,1.0
2021-08-06,0.0,0.0,0.0,0.0,0.0,1.634293038122641,0.0,1.0
2021-08-09,0.0,0.0,0.0,0.0,0.0,1.634293038122641,0.0,1.0
2021-08-10,0.0,0.0,0.0,0.0,0.0,1.634293038122641,0.0,1.0
2021-08-11,0.0,0.0,0.0,0.0,0.0,1.634293038122641,0.0,1.0
2021-08-12,0.0,0.0,0.0,0.0,0.0,1.634293038122641,0.0,1.0
2021-08-13,0.0,0.0,0.0,0.0,0.0,1.634293038122641,0.0,1.0
2021-08-16,0.0,0.0,0.0,0.0,0.0,1.634293038122641,0.0,1.0
2021-08-17,0.0,0.0,0.0,0.0,0.0,1.634293038122641,0.0,1.0
2021-08-18,0.0,0.0,0.0,0.0,0.0,1.634293038122641,0.0,1.0
2021-08-19,0.0,0.0,0.0,0.0,0.0,1.634293038122641,0.0,1.0
2021-08-20,0.0,0.0,0.0,0.0,0.0,1.634293038122641,0.0,1.0
2021-08-23,0.0,0.0,0.0,0.0,0.0,1.634293038122641,0.0,1.0
2021-08-24,0.0,0.0,0.0,0.0,0.0,1.634293038122641,0.0,1.0
2021-08-25,0.0,0.0,0.0,0.0,0.0,1.634293038122641,0.0,1.0
2021-08-26,0.0,0.0,0.0,0.0,0.0,1.634293038122641,0.0,1.0
2021-08-27,0.0,0.0,0.0,0.0,0.0,1.634293038122641,0.0,1.0
2021-08-30,0.0,0.0,0.0,0.0,0.0,1.634293038122641,0.0,1.0
2021-08-31,0.0,0.0,0.0,0.0,0.0,1.634293038122641,0.0,1.0
2021-09-01,0.0,0.0,0.0,0.0,0.0,1.634293038122641,0.0,1.0
2021-09-02,0.0,0.0,0.0,0.0,0.0,1.634293038122641,0.0,1.0
2021-09-03,0.0,0.0,0.0,0.0,0.0,1.634293038122641,0.0,1.0
2021-09-06,0.0,0.0,0.0,0.0,0.0,1.634293038122641,0.0,1.0
2021-09-07,0.0,0.0,0.0,0.0,0.0,1.634293038122641,0.0,1.0
2021-09-08,0.0,0.0,0.0,0.0,0.0,1.634293038122641,0.0,1.0
2021-09-09,0.0,0.0,0.0,0.0,0.0,1.634293038122641,0.0,1.0
2021-09-10,0.0,0.0,0.0,0.0,0.0,1.634293038122641,0.0,1.0
2021-09-13,0.0,0.0,0.0,0.0,0.0,1.634293038122641,0.0,1.0
2021-09-14,0.0,0.0,0.0,0.0,0.0,1.634293038122641,0.0,1.0
2021-09-15,0.0,0.0,0.0,0.0,0.0,1.634293038122641,0.0,1.0
2021-09-16,0.0,0.0,0.0,0.0,0.0,1.634293038122641,0.0,1.0
2021-09-17,0.0,0.0,0.0,0.0,0.0,1.634293038122641,0.0,1.0
2021-09-22,0.0,0.0,0.0,0.0,0.0,1.634293038122641,0.0,1.0
2021-09-23,0.0,0.0,0.0,0.0,0.0,1.634293038122641,0.0,1.0
2021-09-24,0.0,0.0,0.0,0.0,0.0,1.634293038122641,0.0,1.0
2021-09-27,0.0,0.0,0.0,0.0,0.0,1.634293038122641,0.0,1.0
2021-09-28,0.0,0.0,0.0,0.0,0.0,1.634293038122641,0.0,1.0
2021-09-29,0.0,0.0,0.0,0.0,0.0,1.634293038122641,0.0,1.0
2021-09-30,0.0,0.0,0.0,0.0,0.0,1.634293038122641,0.0,1.0
2021-10-08,0.0,0.0,0.0,0.0,0.0,1.634293038122641,0.0,1.0
2021-10-11,0.0,0.0,0.0,0.0,0.0,1.634293038122641,0.0,1.0
2021-10-12,0.0,0.0,0.0,0.0,0.0,1.634293038122641,0.0,1.0
2021-10-13,0.0,0.0,0.0,0.0,0.0,1.634293038122641,0.0,1.0
2021-10-14,0.0,0.0,0.0,0.0,0.0,1.634293038122641,0.0,1.0
2021-10-15,0.0,0.0,0.0,0.0,0.0,1.634293038122641,0.0,1.0
2021-10-18,0.0,0.0,0.0,0.0,0.0,1.634293038122641,0.0,1.0
2021-10-19,0.0,0.0,0.0,0.0,0.0,1.634293038122641,0.0,1.0
2021-10-20,0.0,0.0,0.0,0.0,0.0,1.634293038122641,0.0,1.0
2021-10-21,0.0,0.0,0.0,0.0,0.0,1.634293038122641,0.0,1.0
2021-10-22,0.0,0.0,0.0,0.0,0.0,1.634293038122641,0.0,1.0
2021-10-25,0.0,0.0,0.0,0.0,0.0,1.634293038122641,0.0,1.0
2021-10-26,0.0,0.0,0.0,0.0,0.0,1.634293038122641,0.0,1.0
2021-10-27,0.0,0.0,0.0,0.0,0.0,1.634293038122641,0.0,1.0
2021-10-28,0.0,0.0,0.0,0.0,0.0,1.634293038122641,0.0,1.0
2021-10-29,0.0,0.0,0.0,0.0,0.0,1.634293038122641,0.0,1.0
2021-11-01,0.0,0.0,0.0,0.0,0.0,1.634293038122641,0.0,1.0
2021-11-02,0.0,0.0,0.0,0.0,0.0,1.634293038122641,0.0,1.0
2021-11-03,0.0,0.0,0.0,0.0,0.0,1.634293038122641,0.0,1.0
2021-11-04,0.0,0.0,0.0,0.0,0.0,1.634293038122641,0.0,1.0
2021-11-05,0.0,0.0,0.0,0.0,0.0,1.634293038122641,0.0,1.0
2021-11-08,0.0,0.0,0.0,0.0,0.0,1.634293038122641,0.0,1.0
2021-11-09,0.0,0.0,0.0,0.0,0.0,1.634293038122641,0.0,1.0
2021-11-10,0.0,0.0,0.0,0.0,0.0,1.634293038122641,0.0,1.0
2021-11-11,0.0,0.0,0.0,0.0,0.0,1.634293038122641,0.0,1.0
2021-11-12,0.0,0.0,0.0,0.0,0.0,1.634293038122641,0.0,1.0
2021-11-15,0.0,0.0,0.0,0.0,0.0,1.634293038122641,0.0,1.0
2021-11-16,0.0,0.0,0.0,0.0,0.0,1.634293038122641,0.0,1.0
2021-11-17,0.0,0.0,0.0,0.0,0.0,1.634293038122641,0.0,1.0
2021-11-18,0.0,0.0,0.0,0.0,0.0,1.634293038122641,0.0,1.0
2021-11-19,0.0,0.0,0.0,0.0,0.0,1.634293038122641,0.0,1.0
2021-11-22,0.0,0.0,0.0,0.0,0.0,1.634293038122641,0.0,1.0
2021-11-23,0.0,0.0,0.0,0.0,0.0,1.634293038122641,0.0,1.0
2021-11-24,0.0,0.0,0.0,0.0,0.0,1.634293038122641,0.0,1.0
2021-11-25,0.0,0.0,0.0,0.0,0.0,1.634293038122641,0.0,1.0
2021-11-26,0.0,0.0,0.0,0.0,0.0,1.634293038122641,0.0,1.0
2021-11-29,0.0,0.0,0.0,0.0,0.0,1.634293038122641,0.0,1.0
2021-11-30,0.0,0.0,0.0,0.0,0.0,1.634293038122641,0.0,1.0
2021-12-01,0.0,0.0,0.0,0.0,0.0,1.634293038122641,0.0,1.0
2021-12-02,0.0,0.0,0.0,0.0,0.0,1.634293038122641,0.0,1.0
2021-12-03,0.0,0.0,0.0,0.0,0.0,1.634293038122641,0.0,1.0
2021-12-06,0.0,0.0,0.0,0.0,0.0,1.634293038122641,0.0,1.0
2021-12-07,0.0,0.0,0.0,0.0,0.0,1.634293038122641,0.0,1.0
2021-12-08,0.0,0.0,0.0,0.0,0.0,1.634293038122641,0.0,1.0
2021-12-09,0.0,0.0,0.0,0.0,0.0,1.634293038122641,0.0,1.0
2021-12-10,0.0,0.0,0.0,0.0,0.0,1.634293038122641,0.0,1.0
2021-12-13,0.0,0.0,0.0,0.0,0.0,1.634293038122641,0.0,1.0
2021-12-14,0.0,0.0,0.0,0.0,0.0,1.634293038122641,0.0,1.0
2021-12-15,0.0,0.0,0.0,0.0,0.0,1.634293038122641,0.0,1.0
2021-12-16,0.0,0.0,0.0,0.0,0.0,1.634293038122641,0.0,1.0
2021-12-17,0.0,0.0,0.0,0.0,0.0,1.634293038122641,0.0,1.0
2021-12-20,0.0,0.0,0.0,0.0,0.0,1.634293038122641,0.0,1.0
2021-12-21,0.0,0.0,0.0,0.0,0.0,1.634293038122641,0.0,1.0
2021-12-22,0.0,0.0,0.0,0.0,0.0,1.634293038122641,0.0,1.0
2021-12-23,0.0,0.0,0.0,0.0,0.0,1.634293038122641,0.0,1.0
2021-12-24,0.0,0.0,0.0,0.0,0.0,1.634293038122641,0.0,1.0
2021-12-27,0.0,0.0,0.0,0.0,0.0,1.634293038122641,0.0,1.0
2021-12-28,0.0,0.0,0.0,0.0,0.0,1.634293038122641,0.0,1.0
2021-12-29,0.0,0.0,0.0,0.0,0.0,1.634293038122641,0.0,1.0
2021-12-30,0.0,0.0,0.0,0.0,0.0,1.634293038122641,0.0,1.0
2021-12-31,0.0,0.0,0.0,0.0,0.0,1.634293038122641,0.0,1.0
2022-01-04,0.0,0.0,0.0,0.0,0.0,1.634293038122641,0.0,1.0
2022-01-05,0.0,0.0,0.0,0.0,0.0,1.634293038122641,0.0,1.0
2022-01-06,0.0,0.0,0.0,0.0,0.0,1.634293038122641,0.0,1.0
2022-01-07,0.0,0.0,0.0,0.0,0.0,1.634293038122641,0.0,1.0
2022-01-10,0.0,0.0,0.0,0.0,0.0,1.634293038122641,0.0,1.0
2022-01-11,0.0,0.0,0.0,0.0,0.0,1.634293038122641,0.0,1.0
2022-01-12,0.0,0.0,0.0,0.0,0.0,1.634293038122641,0.0,1.0
2022-01-13,0.0,0.0,0.0,0.0,0.0,1.634293038122641,0.0,1.0
2022-01-14,0.0,0.0,0.0,0.0,0.0,1.634293038122641,0.0,1.0
2022-01-17,0.0,0.0,0.0,0.0,0.0,1.634293038122641,0.0,1.0
2022-01-18,0.0,0.0,0.0,0.0,0.0,1.634293038122641,0.0,1.0
2022-01-19,0.0,0.0,0.0,0.0,0.0,1.634293038122641,0.0,1.0
2022-01-20,0.0,0.0,0.0,0.0,0.0,1.634293038122641,0.0,1.0
2022-01-21,0.0,0.0,0.0,0.0,0.0,1.634293038122641,0.0,1.0
2022-01-24,0.0,0.0,0.0,0.0,0.0,1.634293038122641,0.0,1.0
2022-01-25,0.0,0.0,0.0,0.0,0.0,1.634293038122641,0.0,1.0
2022-01-26,0.0,0.0,0.0,0.0,0.0,1.634293038122641,0.0,1.0
2022-01-27,0.0,0.0,0.0,0.0,0.0,1.634293038122641,0.0,1.0
2022-01-28,0.0,0.0,0.0,0.0,0.0,1.634293038122641,0.0,1.0
2022-02-07,0.0,0.0,0.0,0.0,0.0,1.634293038122641,0.0,1.0
2022-02-08,0.0,0.0,0.0,0.0,0.0,1.634293038122641,0.0,1.0
2022-02-09,0.0,0.0,0.0,0.0,0.0,1.634293038122641,0.0,1.0
2022-02-10,0.0,0.0,0.0,0.0,0.0,1.634293038122641,0.0,1.0
2022-02-11,0.0,0.0,0.0,0.0,0.0,1.634293038122641,0.0,1.0
2022-02-14,0.0,0.0,0.0,0.0,0.0,1.634293038122641,0.0,1.0
2022-02-15,0.0,0.0,0.0,0.0,0.0,1.634293038122641,0.0,1.0
2022-02-16,0.0,0.0,0.0,0.0,0.0,1.634293038122641,0.0,1.0
2022-02-17,0.0,0.0,0.0,0.0,0.0,1.634293038122641,0.0,1.0
2022-02-18,0.0,0.0,0.0,0.0,0.0,1.634293038122641,0.0,1.0
2022-02-21,0.0,0.0,0.0,0.0,0.0,1.634293038122641,0.0,1.0
2022-02-22,0.0,0.0,0.0,0.0,0.0,1.634293038122641,0.0,1.0
2022-02-23,0.0,0.0,0.0,0.0,0.0,1.634293038122641,0.0,1.0
2022-02-24,0.0,0.0,0.0,0.0,0.0,1.634293038122641,0.0,1.0
2022-02-25,0.0,0.0,0.0,0.0,0.0,1.634293038122641,0.0,1.0
2022-02-28,0.0,0.0,0.0,0.0,0.0,1.634293038122641,0.0,1.0
2022-03-01,0.0,0.0,0.0,0.0,0.0,1.634293038122641,0.0,1.0
2022-03-02,0.0,0.0,0.0,0.0,0.0,1.634293038122641,0.0,1.0
2022-03-03,0.0,0.0,0.0,0.0,0.0,1.634293038122641,0.0,1.0
2022-03-04,0.0,0.0,0.0,0.0,0.0,1.634293038122641,0.0,1.0
2022-03-07,0.0,0.0,0.0,0.0,0.0,1.634293038122641,0.0,1.0
2022-03-08,0.0,0.0,0.0,0.0,0.0,1.634293038122641,0.0,1.0
2022-03-09,0.0,0.0,0.0,0.0,0.0,1.634293038122641,0.0,1.0
2022-03-10,0.0,0.0,0.0,0.0,0.0,1.634293038122641,0.0,1.0
2022-03-11,0.0,0.0,0.0,0.0,0.0,1.634293038122641,0.0,1.0
2022-03-14,0.0,0.0,0.0,0.0,0.0,1.634293038122641,0.0,1.0
2022-03-15,0.0,0.0,0.0,0.0,0.0,1.634293038122641,0.0,1.0
2022-03-16,0.0,0.0,0.0,0.0,0.0,1.634293038122641,0.0,1.0
2022-03-17,0.0,0.0,0.0,0.0,0.0,1.634293038122641,0.0,1.0
2022-03-18,0.0,0.0,0.0,0.0,0.0,1.634293038122641,0.0,1.0
2022-03-21,0.0,0.0,0.0,0.0,0.0,1.634293038122641,0.0,1.0
2022-03-22,0.0,0.0,0.0,0.0,0.0,1.634293038122641,0.0,1.0
2022-03-23,0.0,0.0,0.0,0.0,0.0,1.634293038122641,0.0,1.0
2022-03-24,0.0,0.0,0.0,0.0,0.0,1.634293038122641,0.0,1.0
2022-03-25,0.0,0.0,0.0,0.0,0.0,1.634293038122641,0.0,1.0
2022-03-28,0.0,0.0,0.0,0.0,0.0,1.634293038122641,0.0,1.0
2022-03-29,0.0,0.0,0.0,0.0,0.0,1.634293038122641,0.0,1.0
2022-03-30,0.0,0.0,0.0,0.0,0.0,1.634293038122641,0.0,1.0
2022-03-31,0.0,0.0,0.0,0.0,0.0,1.634293038122641,0.0,1.0
2022-04-01,0.0,0.0,0.0,0.0,0.0,1.634293038122641,0.0,1.0
2022-04-06,0.0,0.0,0.0,0.0,0.0,1.634293038122641,0.0,1.0
2022-04-07,0.0,0.0,0.0,0.0,0.0,1.634293038122641,0.0,1.0
2022-04-08,0.0,0.0,0.0,0.0,0.0,1.634293038122641,0.0,1.0
2022-04-11,0.0,0.0,0.0,0.0,0.0,1.634293038122641,0.0,1.0
2022-04-12,0.0,0.0,0.0,0.0,0.0,1.634293038122641,0.0,1.0
2022-04-13,0.0,0.0,0.0,0.0,0.0,1.634293038122641,0.0,1.0
2022-04-14,0.0,0.0,0.0,0.0,0.0,1.634293038122641,0.0,1.0
2022-04-15,0.0,0.0,0.0,0.0,0.0,1.634293038122641,0.0,1.0
2022-04-18,0.0,0.0,0.0,0.0,0.0,1.634293038122641,0.0,1.0
2022-04-19,0.0,0.0,0.0,0.0,0.0,1.634293038122641,0.0,1.0
2022-04-20,0.0,0.0,0.0,0.0,0.0,1.634293038122641,0.0,1.0
2022-04-21,0.0,0.0,0.0,0.0,0.0,1.634293038122641,0.0,1.0
2022-04-22,0.0,0.0,0.0,0.0,0.0,1.634293038122641,0.0,1.0
2022-04-25,0.0,0.0,0.0,0.0,0.0,1.634293038122641,0.0,1.0
2022-04-26,0.0,0.0,0.0,0.0,0.0,1.634293038122641,0.0,1.0
2022-04-27,0.0,0.0,0.0,0.0,0.0,1.634293038122641,0.0,1.0
2022-04-28,0.0,0.0,0.0,0.0,0.0,1.634293038122641,0.0,1.0
2022-04-29,0.0,0.0,0.0,0.0,0.0,1.634293038122641,0.0,1.0
2022-05-05,0.0,0.0,0.0,0.0,0.0,1.634293038122641,0.0,1.0
2022-05-06,0.0,0.0,0.0,0.0,0.0,1.634293038122641,0.0,1.0
2022-05-09,0.0,0.0,0.0,0.0,0.0,1.634293038122641,0.0,1.0
2022-05-10,0.0,0.0,0.0,0.0,0.0,1.634293038122641,0.0,1.0
2022-05-11,0.0,0.0,0.0,0.0,0.0,1.634293038122641,0.0,1.0
2022-05-12,0.0,0.0,0.0,0.0,0.0,1.634293038122641,0.0,1.0
2022-05-13,0.0,0.0,0.0,0.0,0.0,1.634293038122641,0.0,1.0
2022-05-16,0.0,0.0,0.0,0.0,0.0,1.634293038122641,0.0,1.0
2022-05-17,0.0,0.0,0.0,0.0,0.0,1.634293038122641,0.0,1.0
2022-05-18,0.0,0.0,0.0,0.0,0.0,1.634293038122641,0.0,1.0
2022-05-19,0.0,0.0,0.0,0.0,0.0,1.634293038122641,0.0,1.0
2022-05-20,0.0,0.0,0.0,0.0,0.0,1.634293038122641,0.0,1.0
2022-05-23,0.0,0.0,0.0,0.0,0.0,1.634293038122641,0.0,1.0
2022-05-24,0.0,0.0,0.0,0.0,0.0,1.634293038122641,0.0,1.0
2022-05-25,0.0,0.0,0.0,0.0,0.0,1.634293038122641,0.0,1.0
2022-05-26,0.0,0.0,0.0,0.0,0.0,1.634293038122641,0.0,1.0
2022-05-27,0.0,0.0,0.0,0.0,0.0,1.634293038122641,0.0,1.0
2022-05-30,0.0,0.0,0.0,0.0,0.0,1.634293038122641,0.0,1.0
2022-05-31,0.0,0.0,0.0,0.0,0.0,1.634293038122641,0.0,1.0
2022-06-01,0.0,0.0,0.0,0.0,0.0,1.634293038122641,0.0,1.0
2022-06-02,0.0,0.0,0.0,0.0,0.0,1.634293038122641,0.0,1.0
2022-06-06,0.0,0.0,0.0,0.0,0.0,1.634293038122641,0.0,1.0
2022-06-07,0.0,0.0,0.0,0.0,0.0,1.634293038122641,0.0,1.0
2022-06-08,0.0,0.0,0.0,0.0,0.0,1.634293038122641,0.0,1.0
2022-06-09,0.0,0.0,0.0,0.0,0.0,1.634293038122641,0.0,1.0
2022-06-10,0.0,0.0,0.0,0.0,0.0,1.634293038122641,0.0,1.0
2022-06-13,0.0,0.0,0.0,0.0,0.0,1.634293038122641,0.0,1.0
2022-06-14,0.0,0.0,0.0,0.0,0.0,1.634293038122641,0.0,1.0
2022-06-15,0.0,0.0,0.0,0.0,0.0,1.634293038122641,0.0,1.0
2022-06-16,0.0,0.0,0.0,0.0,0.0,1.634293038122641,0.0,1.0
2022-06-17,0.0,0.0,0.0,0.0,0.0,1.634293038122641,0.0,1.0
2022-06-20,0.0,0.0,0.0,0.0,0.0,1.634293038122641,0.0,1.0
2022-06-21,0.0,0.0,0.0,0.0,0.0,1.634293038122641,0.0,1.0
2022-06-22,0.0,0.0,0.0,0.0,0.0,1.634293038122641,0.0,1.0
2022-06-23,0.0,0.0,0.0,0.0,0.0,1.634293038122641,0.0,1.0
2022-06-24,0.0,0.0,0.0,0.0,0.0,1.634293038122641,0.0,1.0
2022-06-27,0.0,0.0,0.0,0.0,0.0,1.634293038122641,0.0,1.0
2022-06-28,0.0,0.0,0.0,0.0,0.0,1.634293038122641,0.0,1.0
2022-06-29,0.0,0.0,0.0,0.0,0.0,1.634293038122641,0.0,1.0
2022-06-30,0.0,0.0,0.0,0.0,0.0,1.634293038122641,0.0,1.0
2022-07-01,0.0,0.0,0.0,0.0,0.0,1.634293038122641,0.0,1.0
2022-07-04,0.0,0.0,0.0,0.0,0.0,1.634293038122641,0.0,1.0
2022-07-05,0.0,0.0,0.0,0.0,0.0,1.634293038122641,0.0,1.0
2022-07-06,0.0,0.0,0.0,0.0,0.0,1.634293038122641,0.0,1.0
2022-07-07,0.0,0.0,0.0,0.0,0.0,1.634293038122641,0.0,1.0
2022-07-08,0.0,0.0,0.0,0.0,0.0,1.634293038122641,0.0,1.0
2022-07-11,0.0,0.0,0.0,0.0,0.0,1.634293038122641,0.0,1.0
2022-07-12,0.0,0.0,0.0,0.0,0.0,1.634293038122641,0.0,1.0
2022-07-13,0.0,0.0,0.0,0.0,0.0,1.634293038122641,0.0,1.0
2022-07-14,0.0,0.0,0.0,0.0,0.0,1.634293038122641,0.0,1.0
2022-07-15,0.0,0.0,0.0,0.0,0.0,1.634293038122641,0.0,1.0
2022-07-18,0.0,0.0,0.0,0.0,0.0,1.634293038122641,0.0,1.0
2022-07-19,0.0,0.0,0.0,0.0,0.0,1.634293038122641,0.0,1.0
2022-07-20,0.0,0.0,0.0,0.0,0.0,1.634293038122641,0.0,1.0
2022-07-21,0.0,0.0,0.0,0.0,0.0,1.634293038122641,0.0,1.0
2022-07-22,0.0,0.0,0.0,0.0,0.0,1.634293038122641,0.0,1.0
2022-07-25,0.0,0.0,0.0,0.0,0.0,1.634293038122641,0.0,1.0
2022-07-26,0.0,0.0,0.0,0.0,0.0,1.634293038122641,0.0,1.0
2022-07-27,0.0,0.0,0.0,0.0,0.0,1.634293038122641,0.0,1.0
2022-07-28,0.0,0.0,0.0,0.0,0.0,1.634293038122641,0.0,1.0
2022-07-29,0.0,0.0,0.0,0.0,0.0,1.634293038122641,0.0,1.0
2022-08-01,0.0,0.0,0.0,0.0,0.0,1.634293038122641,0.0,1.0
2022-08-02,0.0,0.0,0.0,0.0,0.0,1.634293038122641,0.0,1.0
2022-08-03,0.0,0.0,0.0,0.0,0.0,1.634293038122641,0.0,1.0
2022-08-04,0.0,0.0,0.0,0.0,0.0,1.634293038122641,0.0,1.0
2022-08-05,0.0,0.0,0.0,0.0,0.0,1.634293038122641,0.0,1.0
2022-08-08,0.0,0.0,0.0,0.0,0.0,1.634293038122641,0.0,1.0
2022-08-09,0.0,0.0,0.0,0.0,0.0,1.634293038122641,0.0,1.0
2022-08-10,0.0,0.0,0.0,0.0,0.0,1.634293038122641,0.0,1.0
2022-08-11,0.0,0.0,0.0,0.0,0.0,1.634293038122641,0.0,1.0
2022-08-12,0.0,0.0,0.0,0.0,0.0,1.634293038122641,0.0,1.0
2022-08-15,0.0,0.0,0.0,0.0,0.0,1.634293038122641,0.0,1.0
2022-08-16,0.0,0.0,0.0,0.0,0.0,1.634293038122641,0.0,1.0
2022-08-17,0.0,0.0,0.0,0.0,0.0,1.634293038122641,0.0,1.0
2022-08-18,0.0,0.0,0.0,0.0,0.0,1.634293038122641,0.0,1.0
2022-08-19,0.0,0.0,0.0,0.0,0.0,1.634293038122641,0.0,1.0
2022-08-22,0.0,0.0,0.0,0.0,0.0,1.634293038122641,0.0,1.0
2022-08-23,0.0,0.0,0.0,0.0,0.0,1.634293038122641,0.0,1.0
2022-08-24,0.0,0.0,0.0,0.0,0.0,1.634293038122641,0.0,1.0
2022-08-25,0.0,0.0,0.0,0.0,0.0,1.634293038122641,0.0,1.0
2022-08-26,0.0,0.0,0.0,0.0,0.0,1.634293038122641,0.0,1.0
2022-08-29,0.0,0.0,0.0,0.0,0.0,1.634293038122641,0.0,1.0
2022-08-30,0.0,0.0,0.0,0.0,0.0,1.634293038122641,0.0,1.0
2022-08-31,0.0,0.0,0.0,0.0,0.0,1.634293038122641,0.0,1.0
2022-09-01,0.0,0.0,0.0,0.0,0.0,1.634293038122641,0.0,1.0
2022-09-02,0.0,0.0,0.0,0.0,0.0,1.634293038122641,0.0,1.0
2022-09-05,0.0,0.0,0.0,0.0,0.0,1.634293038122641,0.0,1.0
2022-09-06,0.0,0.0,0.0,0.0,0.0,1.634293038122641,0.0,1.0
2022-09-07,0.0,0.0,0.0,0.0,0.0,1.634293038122641,0.0,1.0
2022-09-08,0.0,0.0,0.0,0.0,0.0,1.634293038122641,0.0,1.0
2022-09-09,0.0,0.0,0.0,0.0,0.0,1.634293038122641,0.0,1.0
2022-09-13,0.0,0.0,0.0,0.0,0.0,1.634293038122641,0.0,1.0
2022-09-14,0.0,0.0,0.0,0.0,0.0,1.634293038122641,0.0,1.0
2022-09-15,0.0,0.0,0.0,0.0,0.0,1.634293038122641,0.0,1.0
2022-09-16,0.0,0.0,0.0,0.0,0.0,1.634293038122641,0.0,1.0
2022-09-19,0.0,0.0,0.0,0.0,0.0,1.634293038122641,0.0,1.0
2022-09-20,0.0,0.0,0.0,0.0,0.0,1.634293038122641,0.0,1.0
2022-09-21,0.0,0.0,0.0,0.0,0.0,1.634293038122641,0.0,1.0
2022-09-22,0.0,0.0,0.0,0.0,0.0,1.634293038122641,0.0,1.0
2022-09-23,0.0,0.0,0.0,0.0,0.0,1.634293038122641,0.0,1.0
2022-09-26,0.0,0.0,0.0,0.0,0.0,1.634293038122641,0.0,1.0
2022-09-27,0.0,0.0,0.0,0.0,0.0,1.634293038122641,0.0,1.0
2022-09-28,0.0,0.0,0.0,0.0,0.0,1.634293038122641,0.0,1.0
2022-09-29,0.0,0.0,0.0,0.0,0.0,1.634293038122641,0.0,1.0
2022-09-30,0.0,0.0,0.0,0.0,0.0,1.634293038122641,0.0,1.0
2022-10-10,0.0,0.0,0.0,0.0,0.0,1.634293038122641,0.0,1.0
2022-10-11,0.0,0.0,0.0,0.0,0.0,1.634293038122641,0.0,1.0
2022-10-12,0.0,0.0,0.0,0.0,0.0,1.634293038122641,0.0,1.0
2022-10-13,0.0,0.0,0.0,0.0,0.0,1.634293038122641,0.0,1.0
2022-10-14,0.0,0.0,0.0,0.0,0.0,1.634293038122641,0.0,1.0
2022-10-17,0.0,0.0,0.0,0.0,0.0,1.634293038122641,0.0,1.0
2022-10-18,0.0,0.0,0.0,0.0,0.0,1.634293038122641,0.0,1.0
2022-10-19,0.0,0.0,0.0,0.0,0.0,1.634293038122641,0.0,1.0
2022-10-20,0.0,0.0,0.0,0.0,0.0,1.634293038122641,0.0,1.0
2022-10-21,0.0,0.0,0.0,0.0,0.0,1.634293038122641,0.0,1.0
2022-10-24,0.0,0.0,0.0,0.0,0.0,1.634293038122641,0.0,1.0
2022-10-25,0.0,0.0,0.0,0.0,0.0,1.634293038122641,0.0,1.0
2022-10-26,0.0,0.0,0.0,0.0,0.0,1.634293038122641,0.0,1.0
2022-10-27,0.0,0.0,0.0,0.0,0.0,1.634293038122641,0.0,1.0
2022-10-28,0.0,0.0,0.0,0.0,0.0,1.634293038122641,0.0,1.0
2022-10-31,0.0,0.0,0.0,0.0,0.0,1.634293038122641,0.0,1.0
2022-11-01,0.0,0.0,0.0,0.0,0.0,1.634293038122641,0.0,1.0
2022-11-02,0.0,0.0,0.0,0.0,0.0,1.634293038122641,0.0,1.0
2022-11-03,0.0,0.0,0.0,0.0,0.0,1.634293038122641,0.0,1.0
2022-11-04,0.0,0.0,0.0,0.0,0.0,1.634293038122641,0.0,1.0
2022-11-07,0.0,0.0,0.0,0.0,0.0,1.634293038122641,0.0,1.0
2022-11-08,0.0,0.0,0.0,0.0,0.0,1.634293038122641,0.0,1.0
2022-11-09,0.0,0.0,0.0,0.0,0.0,1.634293038122641,0.0,1.0
2022-11-10,0.0,0.0,0.0,0.0,0.0,1.634293038122641,0.0,1.0
2022-11-11,0.0,0.0,0.0,0.0,0.0,1.634293038122641,0.0,1.0
2022-11-14,0.0,0.0,0.0,0.0,0.0,1.634293038122641,0.0,1.0
2022-11-15,0.0,0.0,0.0,0.0,0.0,1.634293038122641,0.0,1.0
2022-11-16,0.0,0.0,0.0,0.0,0.0,1.634293038122641,0.0,1.0
2022-11-17,0.0,0.0,0.0,0.0,0.0,1.634293038122641,0.0,1.0
2022-11-18,0.0,0.0,0.0,0.0,0.0,1.634293038122641,0.0,1.0
2022-11-21,0.0,0.0,0.0,0.0,0.0,1.634293038122641,0.0,1.0
2022-11-22,0.0,0.0,0.0,0.0,0.0,1.634293038122641,0.0,1.0
2022-11-23,0.0,0.0,0.0,0.0,0.0,1.634293038122641,0.0,1.0
2022-11-24,0.0,0.0,0.0,0.0,0.0,1.634293038122641,0.0,1.0
2022-11-25,0.0,0.0,0.0,0.0,0.0,1.634293038122641,0.0,1.0
2022-11-28,0.0,0.0,0.0,0.0,0.0,1.634293038122641,0.0,1.0
2022-11-29,0.0,0.0,0.0,0.0,0.0,1.634293038122641,0.0,1.0
2022-11-30,0.0,0.0,0.0,0.0,0.0,1.634293038122641,0.0,1.0
2022-12-01,0.0,0.0,0.0,0.0,0.0,1.634293038122641,0.0,1.0
2022-12-02,0.0,0.0,0.0,0.0,0.0,1.634293038122641,0.0,1.0
2022-12-05,0.0,0.0,0.0,0.0,0.0,1.634293038122641,0.0,1.0
2022-12-06,0.0,0.0,0.0,0.0,0.0,1.634293038122641,0.0,1.0
2022-12-07,0.0,0.0,0.0,0.0,0.0,1.634293038122641,0.0,1.0
2022-12-08,0.0,0.0,0.0,0.0,0.0,1.634293038122641,0.0,1.0
2022-12-09,0.0,0.0,0.0,0.0,0.0,1.634293038122641,0.0,1.0
2022-12-12,0.0,0.0,0.0,0.0,0.0,1.634293038122641,0.0,1.0
2022-12-13,0.0,0.0,0.0,0.0,0.0,1.634293038122641,0.0,1.0
2022-12-14,0.0,0.0,0.0,0.0,0.0,1.634293038122641,0.0,1.0
2022-12-15,0.0,0.0,0.0,0.0,0.0,1.634293038122641,0.0,1.0
2022-12-16,0.0,0.0,0.0,0.0,0.0,1.634293038122641,0.0,1.0
2022-12-19,0.0,0.0,0.0,0.0,0.0,1.634293038122641,0.0,1.0
2022-12-20,0.0,0.0,0.0,0.0,0.0,1.634293038122641,0.0,1.0
2022-12-21,0.0,0.0,0.0,0.0,0.0,1.634293038122641,0.0,1.0
2022-12-22,0.0,0.0,0.0,0.0,0.0,1.634293038122641,0.0,1.0
2022-12-23,0.0,0.0,0.0,0.0,0.0,1.634293038122641,0.0,1.0
2022-12-26,0.0,0.0,0.0,0.0,0.0,1.634293038122641,0.0,1.0
2022-12-27,0.0,0.0,0.0,0.0,0.0,1.634293038122641,0.0,1.0
2022-12-28,0.0,0.0,0.0,0.0,0.0,1.634293038122641,0.0,1.0
2022-12-29,0.0,0.0,0.0,0.0,0.0,1.634293038122641,0.0,1.0
2022-12-30,0.0,0.0,0.0,0.0,0.0,1.634293038122641,0.0,1.0
2023-01-03,0.0,0.0,0.0,0.0,0.0,1.634293038122641,0.0,1.0
2023-01-04,0.0,0.0,0.0,0.0,0.0,1.634293038122641,0.0,1.0
2023-01-05,0.0,0.0,0.0,0.0,0.0,1.634293038122641,0.0,1.0
2023-01-06,0.0,0.0,0.0,0.0,0.0,1.634293038122641,0.0,1.0
2023-01-09,0.0,0.0,0.0,0.0,0.0,1.634293038122641,0.0,1.0
2023-01-10,0.0,0.0,0.0,0.0,0.0,1.634293038122641,0.0,1.0
2023-01-11,0.0,0.0,0.0,0.0,0.0,1.634293038122641,0.0,1.0
2023-01-12,0.0,0.0,0.0,0.0,0.0,1.634293038122641,0.0,1.0
2023-01-13,0.0,0.0,0.0,0.0,0.0,1.634293038122641,0.0,1.0
2023-01-16,0.0,0.0,0.0,0.0,0.0,1.634293038122641,0.0,1.0
2023-01-17,0.0,0.0,0.0,0.0,0.0,1.634293038122641,0.0,1.0
2023-01-18,0.0,0.0,0.0,0.0,0.0,1.634293038122641,0.0,1.0
2023-01-19,0.0,0.0,0.0,0.0,0.0,1.634293038122641,0.0,1.0
2023-01-20,0.0,0.0,0.0,0.0,0.0,1.634293038122641,0.0,1.0
2023-01-30,0.0,0.0,0.0,0.0,0.0,1.634293038122641,0.0,1.0
2023-01-31,0.0,0.0,0.0,0.0,0.0,1.634293038122641,0.0,1.0
2023-02-01,0.026150627615062705,1.0,0.0,0.001,0.025150627615062704,1.675396533738353,1.0,0.0
2023-02-02,-0.020387359836901098,0.0,0.0,0.0,-0.020387359836901098,1.6412396217355323,1.0,0.0
2023-02-03,-0.008324661810613976,0.0,0.0,0.0,-0.008324661810613976,1.627576856934404,1.0,0.0
2023-02-06,-0.018887722980062915,0.0,0.0,0.0,-0.018887722980062915,1.5968356361318654,1.0,0.0
2023-02-07,0.0032085561497325887,0.0,0.0,0.0,0.0032085561497325887,1.6019591729322884,1.0,0.0
2023-02-08,-0.00959488272921094,0.0,0.0,0.0,-0.00959488272921094,1.5865885625310194,1.0,0.0
2023-02-09,0.016146393972012785,0.0,0.0,0.0,0.016146393972012785,1.6122062465331346,1.0,0.0
2023-02-10,-0.008474576271186307,0.0,0.0,0.0,-0.008474576271186307,1.5985434817320066,1.0,0.0
2023-02-13,0.0064102564102563875,0.0,0.0,0.0,0.0064102564102563875,1.6087905553328528,1.0,0.0
2023-02-14,-0.002123142250530785,0.0,0.0,0.0,-0.002123142250530785,1.6053748641325707,1.0,0.0
2023-02-15,-0.009574468085106314,0.0,0.0,0.0,-0.009574468085106314,1.5900042537313015,1.0,0.0
2023-02-16,-0.00537056928034374,0.0,0.0,0.0,-0.00537056928034374,1.5814650257305962,1.0,0.0
2023-02-17,-0.018358531317494653,0.0,0.0,0.0,-0.018358531317494653,1.5524316505281985,1.0,0.0
2023-02-20,0.040704070407040716,0.0,0.0,0.0,0.040704070407040716,1.6156219377334167,1.0,0.0
2023-02-21,0.0021141649048626032,0.0,0.0,0.0,0.0021141649048626032,1.6190376289336987,1.0,0.0
2023-02-22,-0.009493670886076,0.0,0.0,0.0,-0.009493670886076,1.6036670185324293,1.0,0.0
2023-02-23,0.008519701810436597,0.0,0.0,0.0,0.008519701810436597,1.6173297833335576,1.0,0.0
2023-02-24,-0.0168954593453009,0.0,0.0,0.0,-0.0168954593453009,1.590004253731301,1.0,0.0
2023-02-27,-0.012889366272824887,0.0,0.0,0.0,-0.012889366272824887,1.5695101065296087,1.0,0.0
2023-02-28,0.008705114254624613,0.0,0.0,0.0,0.008705114254624613,1.583172871330737,1.0,0.0
2023-03-01,0.0,0.0,1.0,0.001,-0.001,1.5815896984594062,0.0,1.0
2023-03-02,0.0,0.0,0.0,0.0,0.0,1.5815896984594062,0.0,1.0
2023-03-03,0.0,0.0,0.0,0.0,0.0,1.5815896984594062,0.0,1.0
2023-03-06,0.0,0.0,0.0,0.0,0.0,1.5815896984594062,0.0,1.0
2023-03-07,0.0,0.0,0.0,0.0,0.0,1.5815896984594062,0.0,1.0
2023-03-08,0.0,0.0,0.0,0.0,0.0,1.5815896984594062,0.0,1.0
2023-03-09,0.0,0.0,0.0,0.0,0.0,1.5815896984594062,0.0,1.0
2023-03-10,0.0,0.0,0.0,0.0,0.0,1.5815896984594062,0.0,1.0
2023-03-13,0.0,0.0,0.0,0.0,0.0,1.5815896984594062,0.0,1.0
2023-03-14,0.0,0.0,0.0,0.0,0.0,1.5815896984594062,0.0,1.0
2023-03-15,0.0,0.0,0.0,0.0,0.0,1.5815896984594062,0.0,1.0
2023-03-16,0.0,0.0,0.0,0.0,0.0,1.5815896984594062,0.0,1.0
2023-03-17,0.0,0.0,0.0,0.0,0.0,1.5815896984594062,0.0,1.0
2023-03-20,0.0,0.0,0.0,0.0,0.0,1.5815896984594062,0.0,1.0
2023-03-21,0.0,0.0,0.0,0.0,0.0,1.5815896984594062,0.0,1.0
2023-03-22,0.0,0.0,0.0,0.0,0.0,1.5815896984594062,0.0,1.0
2023-03-23,0.0,0.0,0.0,0.0,0.0,1.5815896984594062,0.0,1.0
2023-03-24,0.0,0.0,0.0,0.0,0.0,1.5815896984594062,0.0,1.0
2023-03-27,0.0,0.0,0.0,0.0,0.0,1.5815896984594062,0.0,1.0
2023-03-28,0.0,0.0,0.0,0.0,0.0,1.5815896984594062,0.0,1.0
2023-03-29,0.0,0.0,0.0,0.0,0.0,1.5815896984594062,0.0,1.0
2023-03-30,0.0,0.0,0.0,0.0,0.0,1.5815896984594062,0.0,1.0
2023-03-31,0.0,0.0,0.0,0.0,0.0,1.5815896984594062,0.0,1.0
2023-04-03,0.0,0.0,0.0,0.0,0.0,1.5815896984594062,0.0,1.0
2023-04-04,0.0,0.0,0.0,0.0,0.0,1.5815896984594062,0.0,1.0
2023-04-06,0.0,0.0,0.0,0.0,0.0,1.5815896984594062,0.0,1.0
2023-04-07,0.0,0.0,0.0,0.0,0.0,1.5815896984594062,0.0,1.0
2023-04-10,0.0,0.0,0.0,0.0,0.0,1.5815896984594062,0.0,1.0
2023-04-11,0.0,0.0,0.0,0.0,0.0,1.5815896984594062,0.0,1.0
2023-04-12,0.0,0.0,0.0,0.0,0.0,1.5815896984594062,0.0,1.0
2023-04-13,0.0,0.0,0.0,0.0,0.0,1.5815896984594062,0.0,1.0
2023-04-14,0.0,0.0,0.0,0.0,0.0,1.5815896984594062,0.0,1.0
2023-04-17,0.0,0.0,0.0,0.0,0.0,1.5815896984594062,0.0,1.0
2023-04-18,0.0,0.0,0.0,0.0,0.0,1.5815896984594062,0.0,1.0
2023-04-19,0.0,0.0,0.0,0.0,0.0,1.5815896984594062,0.0,1.0
2023-04-20,0.0,0.0,0.0,0.0,0.0,1.5815896984594062,0.0,1.0
2023-04-21,0.0,0.0,0.0,0.0,0.0,1.5815896984594062,0.0,1.0
2023-04-24,0.0,0.0,0.0,0.0,0.0,1.5815896984594062,0.0,1.0
2023-04-25,0.0,0.0,0.0,0.0,0.0,1.5815896984594062,0.0,1.0
2023-04-26,0.0,0.0,0.0,0.0,0.0,1.5815896984594062,0.0,1.0
2023-04-27,0.0,0.0,0.0,0.0,0.0,1.5815896984594062,0.0,1.0
2023-04-28,0.0,0.0,0.0,0.0,0.0,1.5815896984594062,0.0,1.0
2023-05-04,0.0,0.0,0.0,0.0,0.0,1.5815896984594062,0.0,1.0
2023-05-05,0.0,0.0,0.0,0.0,0.0,1.5815896984594062,0.0,1.0
2023-05-08,0.0,0.0,0.0,0.0,0.0,1.5815896984594062,0.0,1.0
2023-05-09,0.0,0.0,0.0,0.0,0.0,1.5815896984594062,0.0,1.0
2023-05-10,0.0,0.0,0.0,0.0,0.0,1.5815896984594062,0.0,1.0
2023-05-11,0.0,0.0,0.0,0.0,0.0,1.5815896984594062,0.0,1.0
2023-05-12,0.0,0.0,0.0,0.0,0.0,1.5815896984594062,0.0,1.0
2023-05-15,0.0,0.0,0.0,0.0,0.0,1.5815896984594062,0.0,1.0
2023-05-16,0.0,0.0,0.0,0.0,0.0,1.5815896984594062,0.0,1.0
2023-05-17,0.0,0.0,0.0,0.0,0.0,1.5815896984594062,0.0,1.0
2023-05-18,0.0,0.0,0.0,0.0,0.0,1.5815896984594062,0.0,1.0
2023-05-19,0.0,0.0,0.0,0.0,0.0,1.5815896984594062,0.0,1.0
2023-05-22,0.0,0.0,0.0,0.0,0.0,1.5815896984594062,0.0,1.0
2023-05-23,0.0,0.0,0.0,0.0,0.0,1.5815896984594062,0.0,1.0
2023-05-24,0.0,0.0,0.0,0.0,0.0,1.5815896984594062,0.0,1.0
2023-05-25,0.0,0.0,0.0,0.0,0.0,1.5815896984594062,0.0,1.0
2023-05-26,0.0,0.0,0.0,0.0,0.0,1.5815896984594062,0.0,1.0
2023-05-29,0.0,0.0,0.0,0.0,0.0,1.5815896984594062,0.0,1.0
2023-05-30,0.0,0.0,0.0,0.0,0.0,1.5815896984594062,0.0,1.0
2023-05-31,0.0,0.0,0.0,0.0,0.0,1.5815896984594062,0.0,1.0
2023-06-01,0.0,0.0,0.0,0.0,0.0,1.5815896984594062,0.0,1.0
2023-06-02,0.0,0.0,0.0,0.0,0.0,1.5815896984594062,0.0,1.0
2023-06-05,0.0,0.0,0.0,0.0,0.0,1.5815896984594062,0.0,1.0
2023-06-06,0.0,0.0,0.0,0.0,0.0,1.5815896984594062,0.0,1.0
2023-06-07,0.0,0.0,0.0,0.0,0.0,1.5815896984594062,0.0,1.0
2023-06-08,0.0,0.0,0.0,0.0,0.0,1.5815896984594062,0.0,1.0
2023-06-09,0.0,0.0,0.0,0.0,0.0,1.5815896984594062,0.0,1.0
2023-06-12,0.0,0.0,0.0,0.0,0.0,1.5815896984594062,0.0,1.0
2023-06-13,0.0,0.0,0.0,0.0,0.0,1.5815896984594062,0.0,1.0
2023-06-14,0.0,0.0,0.0,0.0,0.0,1.5815896984594062,0.0,1.0
2023-06-15,0.0,0.0,0.0,0.0,0.0,1.5815896984594062,0.0,1.0
2023-06-16,0.0,0.0,0.0,0.0,0.0,1.5815896984594062,0.0,1.0
2023-06-19,0.0,0.0,0.0,0.0,0.0,1.5815896984594062,0.0,1.0
2023-06-20,0.0,0.0,0.0,0.0,0.0,1.5815896984594062,0.0,1.0
2023-06-21,0.0,0.0,0.0,0.0,0.0,1.5815896984594062,0.0,1.0
2023-06-26,0.0,0.0,0.0,0.0,0.0,1.5815896984594062,0.0,1.0
2023-06-27,0.0,0.0,0.0,0.0,0.0,1.5815896984594062,0.0,1.0
2023-06-28,0.0,0.0,0.0,0.0,0.0,1.5815896984594062,0.0,1.0
2023-06-29,0.0,0.0,0.0,0.0,0.0,1.5815896984594062,0.0,1.0
2023-06-30,0.0,0.0,0.0,0.0,0.0,1.5815896984594062,0.0,1.0
2023-07-03,0.0,0.0,0.0,0.0,0.0,1.5815896984594062,0.0,1.0
2023-07-04,0.0,0.0,0.0,0.0,0.0,1.5815896984594062,0.0,1.0
2023-07-05,0.0,0.0,0.0,0.0,0.0,1.5815896984594062,0.0,1.0
2023-07-06,0.0,0.0,0.0,0.0,0.0,1.5815896984594062,0.0,1.0
2023-07-07,0.0,0.0,0.0,0.0,0.0,1.5815896984594062,0.0,1.0
2023-07-10,0.0,0.0,0.0,0.0,0.0,1.5815896984594062,0.0,1.0
2023-07-11,0.0,0.0,0.0,0.0,0.0,1.5815896984594062,0.0,1.0
2023-07-12,0.0,0.0,0.0,0.0,0.0,1.5815896984594062,0.0,1.0
2023-07-13,0.0,0.0,0.0,0.0,0.0,1.5815896984594062,0.0,1.0
2023-07-14,0.0,0.0,0.0,0.0,0.0,1.5815896984594062,0.0,1.0
2023-07-17,0.0,0.0,0.0,0.0,0.0,1.5815896984594062,0.0,1.0
2023-07-18,0.0,0.0,0.0,0.0,0.0,1.5815896984594062,0.0,1.0
2023-07-19,0.0,0.0,0.0,0.0,0.0,1.5815896984594062,0.0,1.0
2023-07-20,0.0,0.0,0.0,0.0,0.0,1.5815896984594062,0.0,1.0
2023-07-21,0.0,0.0,0.0,0.0,0.0,1.5815896984594062,0.0,1.0
2023-07-24,0.0,0.0,0.0,0.0,0.0,1.5815896984594062,0.0,1.0
2023-07-25,0.0,0.0,0.0,0.0,0.0,1.5815896984594062,0.0,1.0
2023-07-26,0.0,0.0,0.0,0.0,0.0,1.5815896984594062,0.0,1.0
2023-07-27,0.0,0.0,0.0,0.0,0.0,1.5815896984594062,0.0,1.0
2023-07-28,0.0,0.0,0.0,0.0,0.0,1.5815896984594062,0.0,1.0
2023-07-31,0.0,0.0,0.0,0.0,0.0,1.5815896984594062,0.0,1.0
2023-08-01,-0.001974333662388972,1.0,0.0,0.001,-0.002974333662388972,1.5768855229791907,1.0,0.0
2023-08-02,0.006923837784372111,0.0,0.0,0.0,0.006923837784372111,1.5878036225448233,1.0,0.0
2023-08-03,0.035363457760314354,0.0,0.0,0.0,0.035363457760314354,1.6439538488823613,1.0,0.0
2023-08-04,0.008538899430740043,0.0,0.0,0.0,0.008538899430740043,1.6579914054667457,1.0,0.0
2023-08-07,0.002822201317027373,0.0,0.0,0.0,0.002822201317027373,1.662670590994874,1.0,0.0
2023-08-08,-0.0065666041275798115,0.0,0.0,0.0,-0.0065666041275798115,1.6517524914292414,1.0,0.0
2023-08-09,-0.005665722379603388,0.0,0.0,0.0,-0.005665722379603388,1.642394120372985,1.0,0.0
2023-08-10,0.019943019943020168,0.0,0.0,0.0,0.019943019943020168,1.6751484190698827,1.0,0.0
2023-08-11,-0.043761638733705865,0.0,0.0,0.0,-0.043761638733705865,1.601841179129208,1.0,0.0
2023-08-14,-0.009737098344693274,0.0,0.0,0.0,-0.009737098344693274,1.5862438940354475,1.0,0.0
2023-08-15,0.01868239921337289,0.0,0.0,0.0,0.01868239921337289,1.6158787357135929,1.0,0.0
2023-08-16,0.0019305019305020377,0.0,0.0,0.0,0.0019305019305020377,1.6189981927323451,1.0,0.0
2023-08-17,0.0,0.0,0.0,0.0,0.0,1.6189981927323451,1.0,0.0
2023-08-18,-0.016377649325626353,0.0,0.0,0.0,-0.016377649325626353,1.592482808072952,1.0,0.0
2023-08-21,-0.03525954946131238,0.0,0.0,0.0,-0.03525954946131238,1.536332581735414,1.0,0.0
2023-08-22,0.019289340101522834,0.0,0.0,0.0,0.019289340101522834,1.5659674234135592,1.0,0.0
2023-08-23,-0.02689243027888444,0.0,0.0,0.0,-0.02689243027888444,1.5238547536604057,1.0,0.0
2023-08-24,0.01535312180143289,0.0,0.0,0.0,0.01535312180143289,1.5472506813010465,1.0,0.0
2023-08-25,0.006048387096774244,0.0,0.0,0.0,0.006048387096774244,1.5566090523573028,1.0,0.0
2023-08-28,0.02505010020040066,0.0,0.0,0.0,0.02505010020040066,1.595602265091704,1.0,0.0
2023-08-29,-0.006842619745845435,0.0,0.0,0.0,-0.006842619745845435,1.584684165526072,1.0,0.0
2023-08-30,-0.028543307086614234,0.0,0.0,0.0,-0.028543307086614234,1.5394520387541661,1.0,0.0
2023-08-31,-0.019250253292806496,0.0,0.0,0.0,-0.019250253292806496,1.509817197076021,1.0,0.0
2023-09-01,0.0,0.0,1.0,0.001,-0.001,1.508307379878945,0.0,1.0
2023-09-04,0.0,0.0,0.0,0.0,0.0,1.508307379878945,0.0,1.0
2023-09-05,0.0,0.0,0.0,0.0,0.0,1.508307379878945,0.0,1.0
2023-09-06,0.0,0.0,0.0,0.0,0.0,1.508307379878945,0.0,1.0
2023-09-07,0.0,0.0,0.0,0.0,0.0,1.508307379878945,0.0,1.0
2023-09-08,0.0,0.0,0.0,0.0,0.0,1.508307379878945,0.0,1.0
2023-09-11,0.0,0.0,0.0,0.0,0.0,1.508307379878945,0.0,1.0
2023-09-12,0.0,0.0,0.0,0.0,0.0,1.508307379878945,0.0,1.0
2023-09-13,0.0,0.0,0.0,0.0,0.0,1.508307379878945,0.0,1.0
2023-09-14,0.0,0.0,0.0,0.0,0.0,1.508307379878945,0.0,1.0
2023-09-15,0.0,0.0,0.0,0.0,0.0,1.508307379878945,0.0,1.0
2023-09-18,0.0,0.0,0.0,0.0,0.0,1.508307379878945,0.0,1.0
2023-09-19,0.0,0.0,0.0,0.0,0.0,1.508307379878945,0.0,1.0
2023-09-20,0.0,0.0,0.0,0.0,0.0,1.508307379878945,0.0,1.0
2023-09-21,0.0,0.0,0.0,0.0,0.0,1.508307379878945,0.0,1.0
2023-09-22,0.0,0.0,0.0,0.0,0.0,1.508307379878945,0.0,1.0
2023-09-25,0.0,0.0,0.0,0.0,0.0,1.508307379878945,0.0,1.0
2023-09-26,0.0,0.0,0.0,0.0,0.0,1.508307379878945,0.0,1.0
2023-09-27,0.0,0.0,0.0,0.0,0.0,1.508307379878945,0.0,1.0
2023-09-28,0.0,0.0,0.0,0.0,0.0,1.508307379878945,0.0,1.0
2023-10-09,0.0,0.0,0.0,0.0,0.0,1.508307379878945,0.0,1.0
2023-10-10,0.0,0.0,0.0,0.0,0.0,1.508307379878945,0.0,1.0
2023-10-11,0.0,0.0,0.0,0.0,0.0,1.508307379878945,0.0,1.0
2023-10-12,0.0,0.0,0.0,0.0,0.0,1.508307379878945,0.0,1.0
2023-10-13,0.0,0.0,0.0,0.0,0.0,1.508307379878945,0.0,1.0
2023-10-16,0.0,0.0,0.0,0.0,0.0,1.508307379878945,0.0,1.0
2023-10-17,0.0,0.0,0.0,0.0,0.0,1.508307379878945,0.0,1.0
2023-10-18,0.0,0.0,0.0,0.0,0.0,1.508307379878945,0.0,1.0
2023-10-19,0.0,0.0,0.0,0.0,0.0,1.508307379878945,0.0,1.0
2023-10-20,0.0,0.0,0.0,0.0,0.0,1.508307379878945,0.0,1.0
2023-10-23,0.0,0.0,0.0,0.0,0.0,1.508307379878945,0.0,1.0
2023-10-24,0.0,0.0,0.0,0.0,0.0,1.508307379878945,0.0,1.0
2023-10-25,0.0,0.0,0.0,0.0,0.0,1.508307379878945,0.0,1.0
2023-10-26,0.0,0.0,0.0,0.0,0.0,1.508307379878945,0.0,1.0
2023-10-27,0.0,0.0,0.0,0.0,0.0,1.508307379878945,0.0,1.0
2023-10-30,0.0,0.0,0.0,0.0,0.0,1.508307379878945,0.0,1.0
2023-10-31,0.0,0.0,0.0,0.0,0.0,1.508307379878945,0.0,1.0
2023-11-01,0.0,0.0,0.0,0.0,0.0,1.508307379878945,0.0,1.0
2023-11-02,0.0,0.0,0.0,0.0,0.0,1.508307379878945,0.0,1.0
2023-11-03,0.0,0.0,0.0,0.0,0.0,1.508307379878945,0.0,1.0
2023-11-06,0.0,0.0,0.0,0.0,0.0,1.508307379878945,0.0,1.0
2023-11-07,0.0,0.0,0.0,0.0,0.0,1.508307379878945,0.0,1.0
2023-11-08,0.0,0.0,0.0,0.0,0.0,1.508307379878945,0.0,1.0
2023-11-09,0.0,0.0,0.0,0.0,0.0,1.508307379878945,0.0,1.0
2023-11-10,0.0,0.0,0.0,0.0,0.0,1.508307379878945,0.0,1.0
2023-11-13,0.0,0.0,0.0,0.0,0.0,1.508307379878945,0.0,1.0
2023-11-14,0.0,0.0,0.0,0.0,0.0,1.508307379878945,0.0,1.0
2023-11-15,0.0,0.0,0.0,0.0,0.0,1.508307379878945,0.0,1.0
2023-11-16,0.0,0.0,0.0,0.0,0.0,1.508307379878945,0.0,1.0
2023-11-17,0.0,0.0,0.0,0.0,0.0,1.508307379878945,0.0,1.0
2023-11-20,0.0,0.0,0.0,0.0,0.0,1.508307379878945,0.0,1.0
2023-11-21,0.0,0.0,0.0,0.0,0.0,1.508307379878945,0.0,1.0
2023-11-22,0.0,0.0,0.0,0.0,0.0,1.508307379878945,0.0,1.0
2023-11-23,0.0,0.0,0.0,0.0,0.0,1.508307379878945,0.0,1.0
2023-11-24,0.0,0.0,0.0,0.0,0.0,1.508307379878945,0.0,1.0
2023-11-27,0.0,0.0,0.0,0.0,0.0,1.508307379878945,0.0,1.0
2023-11-28,0.0,0.0,0.0,0.0,0.0,1.508307379878945,0.0,1.0
2023-11-29,0.0,0.0,0.0,0.0,0.0,1.508307379878945,0.0,1.0
2023-11-30,0.0,0.0,0.0,0.0,0.0,1.508307379878945,0.0,1.0
2023-12-01,0.0,0.0,0.0,0.0,0.0,1.508307379878945,0.0,1.0
2023-12-04,0.0,0.0,0.0,0.0,0.0,1.508307379878945,0.0,1.0
2023-12-05,0.0,0.0,0.0,0.0,0.0,1.508307379878945,0.0,1.0
2023-12-06,0.0,0.0,0.0,0.0,0.0,1.508307379878945,0.0,1.0
2023-12-07,0.0,0.0,0.0,0.0,0.0,1.508307379878945,0.0,1.0
2023-12-08,0.0,0.0,0.0,0.0,0.0,1.508307379878945,0.0,1.0
2023-12-11,0.0,0.0,0.0,0.0,0.0,1.508307379878945,0.0,1.0
2023-12-12,0.0,0.0,0.0,0.0,0.0,1.508307379878945,0.0,1.0
2023-12-13,0.0,0.0,0.0,0.0,0.0,1.508307379878945,0.0,1.0
2023-12-14,0.0,0.0,0.0,0.0,0.0,1.508307379878945,0.0,1.0
2023-12-15,0.0,0.0,0.0,0.0,0.0,1.508307379878945,0.0,1.0
2023-12-18,0.0,0.0,0.0,0.0,0.0,1.508307379878945,0.0,1.0
2023-12-19,0.0,0.0,0.0,0.0,0.0,1.508307379878945,0.0,1.0
2023-12-20,0.0,0.0,0.0,0.0,0.0,1.508307379878945,0.0,1.0
2023-12-21,0.0,0.0,0.0,0.0,0.0,1.508307379878945,0.0,1.0
2023-12-22,0.0,0.0,0.0,0.0,0.0,1.508307379878945,0.0,1.0
2023-12-25,0.0,0.0,0.0,0.0,0.0,1.508307379878945,0.0,1.0
2023-12-26,0.0,0.0,0.0,0.0,0.0,1.508307379878945,0.0,1.0
2023-12-27,0.0,0.0,0.0,0.0,0.0,1.508307379878945,0.0,1.0
2023-12-28,0.0,0.0,0.0,0.0,0.0,1.508307379878945,0.0,1.0
2023-12-29,0.0,0.0,0.0,0.0,0.0,1.508307379878945,0.0,1.0
2024-01-02,0.0,0.0,0.0,0.0,0.0,1.508307379878945,0.0,1.0
2024-01-03,0.0,0.0,0.0,0.0,0.0,1.508307379878945,0.0,1.0
2024-01-04,0.0,0.0,0.0,0.0,0.0,1.508307379878945,0.0,1.0
2024-01-05,0.0,0.0,0.0,0.0,0.0,1.508307379878945,0.0,1.0
2024-01-08,0.0,0.0,0.0,0.0,0.0,1.508307379878945,0.0,1.0
2024-01-09,0.0,0.0,0.0,0.0,0.0,1.508307379878945,0.0,1.0
2024-01-10,0.0,0.0,0.0,0.0,0.0,1.508307379878945,0.0,1.0
2024-01-11,0.0,0.0,0.0,0.0,0.0,1.508307379878945,0.0,1.0
2024-01-12,0.0,0.0,0.0,0.0,0.0,1.508307379878945,0.0,1.0
2024-01-15,0.0,0.0,0.0,0.0,0.0,1.508307379878945,0.0,1.0
2024-01-16,0.0,0.0,0.0,0.0,0.0,1.508307379878945,0.0,1.0
2024-01-17,0.0,0.0,0.0,0.0,0.0,1.508307379878945,0.0,1.0
2024-01-18,0.0,0.0,0.0,0.0,0.0,1.508307379878945,0.0,1.0
2024-01-19,0.0,0.0,0.0,0.0,0.0,1.508307379878945,0.0,1.0
2024-01-22,0.0,0.0,0.0,0.0,0.0,1.508307379878945,0.0,1.0
2024-01-23,0.0,0.0,0.0,0.0,0.0,1.508307379878945,0.0,1.0
2024-01-24,0.0,0.0,0.0,0.0,0.0,1.508307379878945,0.0,1.0
2024-01-25,0.0,0.0,0.0,0.0,0.0,1.508307379878945,0.0,1.0
2024-01-26,0.0,0.0,0.0,0.0,0.0,1.508307379878945,0.0,1.0
2024-01-29,0.0,0.0,0.0,0.0,0.0,1.508307379878945,0.0,1.0
2024-01-30,0.0,0.0,0.0,0.0,0.0,1.508307379878945,0.0,1.0
2024-01-31,0.0,0.0,0.0,0.0,0.0,1.508307379878945,0.0,1.0
2024-02-01,0.0,0.0,0.0,0.0,0.0,1.508307379878945,0.0,1.0
2024-02-02,0.0,0.0,0.0,0.0,0.0,1.508307379878945,0.0,1.0
2024-02-05,0.0,0.0,0.0,0.0,0.0,1.508307379878945,0.0,1.0
2024-02-06,0.0,0.0,0.0,0.0,0.0,1.508307379878945,0.0,1.0
2024-02-07,0.0,0.0,0.0,0.0,0.0,1.508307379878945,0.0,1.0
2024-02-08,0.0,0.0,0.0,0.0,0.0,1.508307379878945,0.0,1.0
2024-02-19,0.0,0.0,0.0,0.0,0.0,1.508307379878945,0.0,1.0
2024-02-20,0.0,0.0,0.0,0.0,0.0,1.508307379878945,0.0,1.0
2024-02-21,0.0,0.0,0.0,0.0,0.0,1.508307379878945,0.0,1.0
2024-02-22,0.0,0.0,0.0,0.0,0.0,1.508307379878945,0.0,1.0
2024-02-23,0.0,0.0,0.0,0.0,0.0,1.508307379878945,0.0,1.0
2024-02-26,0.0,0.0,0.0,0.0,0.0,1.508307379878945,0.0,1.0
2024-02-27,0.0,0.0,0.0,0.0,0.0,1.508307379878945,0.0,1.0
2024-02-28,0.0,0.0,0.0,0.0,0.0,1.508307379878945,0.0,1.0
2024-02-29,0.0,0.0,0.0,0.0,0.0,1.508307379878945,0.0,1.0
2024-03-01,0.0,0.0,0.0,0.0,0.0,1.508307379878945,0.0,1.0
2024-03-04,0.0,0.0,0.0,0.0,0.0,1.508307379878945,0.0,1.0
2024-03-05,0.0,0.0,0.0,0.0,0.0,1.508307379878945,0.0,1.0
2024-03-06,0.0,0.0,0.0,0.0,0.0,1.508307379878945,0.0,1.0
2024-03-07,0.0,0.0,0.0,0.0,0.0,1.508307379878945,0.0,1.0
2024-03-08,0.0,0.0,0.0,0.0,0.0,1.508307379878945,0.0,1.0
2024-03-11,0.0,0.0,0.0,0.0,0.0,1.508307379878945,0.0,1.0
2024-03-12,0.0,0.0,0.0,0.0,0.0,1.508307379878945,0.0,1.0
2024-03-13,0.0,0.0,0.0,0.0,0.0,1.508307379878945,0.0,1.0
2024-03-14,0.0,0.0,0.0,0.0,0.0,1.508307379878945,0.0,1.0
2024-03-15,0.0,0.0,0.0,0.0,0.0,1.508307379878945,0.0,1.0
2024-03-18,0.0,0.0,0.0,0.0,0.0,1.508307379878945,0.0,1.0
2024-03-19,0.0,0.0,0.0,0.0,0.0,1.508307379878945,0.0,1.0
2024-03-20,0.0,0.0,0.0,0.0,0.0,1.508307379878945,0.0,1.0
2024-03-21,0.0,0.0,0.0,0.0,0.0,1.508307379878945,0.0,1.0
2024-03-22,0.0,0.0,0.0,0.0,0.0,1.508307379878945,0.0,1.0
2024-03-25,0.0,0.0,0.0,0.0,0.0,1.508307379878945,0.0,1.0
2024-03-26,0.0,0.0,0.0,0.0,0.0,1.508307379878945,0.0,1.0
2024-03-27,0.0,0.0,0.0,0.0,0.0,1.508307379878945,0.0,1.0
2024-03-28,0.0,0.0,0.0,0.0,0.0,1.508307379878945,0.0,1.0
2024-03-29,0.0,0.0,0.0,0.0,0.0,1.508307379878945,0.0,1.0
2024-04-01,0.0,0.0,0.0,0.0,0.0,1.508307379878945,0.0,1.0
2024-04-02,0.0,0.0,0.0,0.0,0.0,1.508307379878945,0.0,1.0
2024-04-03,0.0,0.0,0.0,0.0,0.0,1.508307379878945,0.0,1.0
2024-04-08,0.0,0.0,0.0,0.0,0.0,1.508307379878945,0.0,1.0
2024-04-09,0.0,0.0,0.0,0.0,0.0,1.508307379878945,0.0,1.0
2024-04-10,0.0,0.0,0.0,0.0,0.0,1.508307379878945,0.0,1.0
2024-04-11,0.0,0.0,0.0,0.0,0.0,1.508307379878945,0.0,1.0
2024-04-12,0.0,0.0,0.0,0.0,0.0,1.508307379878945,0.0,1.0
2024-04-15,0.0,0.0,0.0,0.0,0.0,1.508307379878945,0.0,1.0
2024-04-16,0.0,0.0,0.0,0.0,0.0,1.508307379878945,0.0,1.0
2024-04-17,0.0,0.0,0.0,0.0,0.0,1.508307379878945,0.0,1.0
2024-04-18,0.0,0.0,0.0,0.0,0.0,1.508307379878945,0.0,1.0
2024-04-19,0.0,0.0,0.0,0.0,0.0,1.508307379878945,0.0,1.0
2024-04-22,0.0,0.0,0.0,0.0,0.0,1.508307379878945,0.0,1.0
2024-04-23,0.0,0.0,0.0,0.0,0.0,1.508307379878945,0.0,1.0
2024-04-24,0.0,0.0,0.0,0.0,0.0,1.508307379878945,0.0,1.0
2024-04-25,0.0,0.0,0.0,0.0,0.0,1.508307379878945,0.0,1.0
2024-04-26,0.0,0.0,0.0,0.0,0.0,1.508307379878945,0.0,1.0
2024-04-29,0.0,0.0,0.0,0.0,0.0,1.508307379878945,0.0,1.0
2024-04-30,0.0,0.0,0.0,0.0,0.0,1.508307379878945,0.0,1.0
2024-05-06,0.0,0.0,0.0,0.0,0.0,1.508307379878945,0.0,1.0
2024-05-07,0.0,0.0,0.0,0.0,0.0,1.508307379878945,0.0,1.0
2024-05-08,0.0,0.0,0.0,0.0,0.0,1.508307379878945,0.0,1.0
2024-05-09,0.0,0.0,0.0,0.0,0.0,1.508307379878945,0.0,1.0
2024-05-10,0.0,0.0,0.0,0.0,0.0,1.508307379878945,0.0,1.0
2024-05-13,0.0,0.0,0.0,0.0,0.0,1.508307379878945,0.0,1.0
2024-05-14,0.0,0.0,0.0,0.0,0.0,1.508307379878945,0.0,1.0
2024-05-15,0.0,0.0,0.0,0.0,0.0,1.508307379878945,0.0,1.0
2024-05-16,0.0,0.0,0.0,0.0,0.0,1.508307379878945,0.0,1.0
2024-05-17,0.0,0.0,0.0,0.0,0.0,1.508307379878945,0.0,1.0
2024-05-20,0.0,0.0,0.0,0.0,0.0,1.508307379878945,0.0,1.0
2024-05-21,0.0,0.0,0.0,0.0,0.0,1.508307379878945,0.0,1.0
2024-05-22,0.0,0.0,0.0,0.0,0.0,1.508307379878945,0.0,1.0
2024-05-23,0.0,0.0,0.0,0.0,0.0,1.508307379878945,0.0,1.0
2024-05-24,0.0,0.0,0.0,0.0,0.0,1.508307379878945,0.0,1.0
2024-05-27,0.0,0.0,0.0,0.0,0.0,1.508307379878945,0.0,1.0
2024-05-28,0.0,0.0,0.0,0.0,0.0,1.508307379878945,0.0,1.0
2024-05-29,0.0,0.0,0.0,0.0,0.0,1.508307379878945,0.0,1.0
2024-05-30,0.0,0.0,0.0,0.0,0.0,1.508307379878945,0.0,1.0
2024-05-31,0.0,0.0,0.0,0.0,0.0,1.508307379878945,0.0,1.0
2024-06-03,0.0,0.0,0.0,0.0,0.0,1.508307379878945,0.0,1.0
2024-06-04,0.0,0.0,0.0,0.0,0.0,1.508307379878945,0.0,1.0
2024-06-05,0.0,0.0,0.0,0.0,0.0,1.508307379878945,0.0,1.0
2024-06-06,0.0,0.0,0.0,0.0,0.0,1.508307379878945,0.0,1.0
2024-06-07,0.0,0.0,0.0,0.0,0.0,1.508307379878945,0.0,1.0
2024-06-11,0.0,0.0,0.0,0.0,0.0,1.508307379878945,0.0,1.0
2024-06-12,0.0,0.0,0.0,0.0,0.0,1.508307379878945,0.0,1.0
2024-06-13,0.0,0.0,0.0,0.0,0.0,1.508307379878945,0.0,1.0
2024-06-14,0.0,0.0,0.0,0.0,0.0,1.508307379878945,0.0,1.0
2024-06-17,0.0,0.0,0.0,0.0,0.0,1.508307379878945,0.0,1.0
2024-06-18,0.0,0.0,0.0,0.0,0.0,1.508307379878945,0.0,1.0
2024-06-19,0.0,0.0,0.0,0.0,0.0,1.508307379878945,0.0,1.0
2024-06-20,0.0,0.0,0.0,0.0,0.0,1.508307379878945,0.0,1.0
2024-06-21,0.0,0.0,0.0,0.0,0.0,1.508307379878945,0.0,1.0
2024-06-24,0.0,0.0,0.0,0.0,0.0,1.508307379878945,0.0,1.0
2024-06-25,0.0,0.0,0.0,0.0,0.0,1.508307379878945,0.0,1.0
2024-06-26,0.0,0.0,0.0,0.0,0.0,1.508307379878945,0.0,1.0
2024-06-27,0.0,0.0,0.0,0.0,0.0,1.508307379878945,0.0,1.0
2024-06-28,0.0,0.0,0.0,0.0,0.0,1.508307379878945,0.0,1.0
2024-07-01,0.0,0.0,0.0,0.0,0.0,1.508307379878945,0.0,1.0
2024-07-02,0.0,0.0,0.0,0.0,0.0,1.508307379878945,0.0,1.0
2024-07-03,0.0,0.0,0.0,0.0,0.0,1.508307379878945,0.0,1.0
2024-07-04,0.0,0.0,0.0,0.0,0.0,1.508307379878945,0.0,1.0
2024-07-05,0.0,0.0,0.0,0.0,0.0,1.508307379878945,0.0,1.0
2024-07-08,0.0,0.0,0.0,0.0,0.0,1.508307379878945,0.0,1.0
2024-07-09,0.0,0.0,0.0,0.0,0.0,1.508307379878945,0.0,1.0
2024-07-10,0.0,0.0,0.0,0.0,0.0,1.508307379878945,0.0,1.0
2024-07-11,0.0,0.0,0.0,0.0,0.0,1.508307379878945,0.0,1.0
2024-07-12,0.0,0.0,0.0,0.0,0.0,1.508307379878945,0.0,1.0
2024-07-15,0.0,0.0,0.0,0.0,0.0,1.508307379878945,0.0,1.0
2024-07-16,0.0,0.0,0.0,0.0,0.0,1.508307379878945,0.0,1.0
2024-07-17,0.0,0.0,0.0,0.0,0.0,1.508307379878945,0.0,1.0
2024-07-18,0.0,0.0,0.0,0.0,0.0,1.508307379878945,0.0,1.0
2024-07-19,0.0,0.0,0.0,0.0,0.0,1.508307379878945,0.0,1.0
2024-07-22,0.0,0.0,0.0,0.0,0.0,1.508307379878945,0.0,1.0
2024-07-23,0.0,0.0,0.0,0.0,0.0,1.508307379878945,0.0,1.0
2024-07-24,0.0,0.0,0.0,0.0,0.0,1.508307379878945,0.0,1.0
2024-07-25,0.0,0.0,0.0,0.0,0.0,1.508307379878945,0.0,1.0
2024-07-26,0.0,0.0,0.0,0.0,0.0,1.508307379878945,0.0,1.0
2024-07-29,0.0,0.0,0.0,0.0,0.0,1.508307379878945,0.0,1.0
2024-07-30,0.0,0.0,0.0,0.0,0.0,1.508307379878945,0.0,1.0
2024-07-31,0.0,0.0,0.0,0.0,0.0,1.508307379878945,0.0,1.0
2024-08-01,0.0,0.0,0.0,0.0,0.0,1.508307379878945,0.0,1.0
2024-08-02,0.0,0.0,0.0,0.0,0.0,1.508307379878945,0.0,1.0
2024-08-05,0.0,0.0,0.0,0.0,0.0,1.508307379878945,0.0,1.0
2024-08-06,0.0,0.0,0.0,0.0,0.0,1.508307379878945,0.0,1.0
2024-08-07,0.0,0.0,0.0,0.0,0.0,1.508307379878945,0.0,1.0
2024-08-08,0.0,0.0,0.0,0.0,0.0,1.508307379878945,0.0,1.0
2024-08-09,0.0,0.0,0.0,0.0,0.0,1.508307379878945,0.0,1.0
2024-08-12,0.0,0.0,0.0,0.0,0.0,1.508307379878945,0.0,1.0
2024-08-13,0.0,0.0,0.0,0.0,0.0,1.508307379878945,0.0,1.0
2024-08-14,0.0,0.0,0.0,0.0,0.0,1.508307379878945,0.0,1.0
2024-08-15,0.0,0.0,0.0,0.0,0.0,1.508307379878945,0.0,1.0
2024-08-16,0.0,0.0,0.0,0.0,0.0,1.508307379878945,0.0,1.0
2024-08-19,0.0,0.0,0.0,0.0,0.0,1.508307379878945,0.0,1.0
2024-08-20,0.0,0.0,0.0,0.0,0.0,1.508307379878945,0.0,1.0
2024-08-21,0.0,0.0,0.0,0.0,0.0,1.508307379878945,0.0,1.0
2024-08-22,0.0,0.0,0.0,0.0,0.0,1.508307379878945,0.0,1.0
2024-08-23,0.0,0.0,0.0,0.0,0.0,1.508307379878945,0.0,1.0
2024-08-26,0.0,0.0,0.0,0.0,0.0,1.508307379878945,0.0,1.0
2024-08-27,0.0,0.0,0.0,0.0,0.0,1.508307379878945,0.0,1.0
2024-08-28,0.0,0.0,0.0,0.0,0.0,1.508307379878945,0.0,1.0
2024-08-29,0.0,0.0,0.0,0.0,0.0,1.508307379878945,0.0,1.0
2024-08-30,0.0,0.0,0.0,0.0,0.0,1.508307379878945,0.0,1.0
2024-09-02,0.0,0.0,0.0,0.0,0.0,1.508307379878945,0.0,1.0
2024-09-03,0.0,0.0,0.0,0.0,0.0,1.508307379878945,0.0,1.0
2024-09-04,0.0,0.0,0.0,0.0,0.0,1.508307379878945,0.0,1.0
2024-09-05,0.0,0.0,0.0,0.0,0.0,1.508307379878945,0.0,1.0
2024-09-06,0.0,0.0,0.0,0.0,0.0,1.508307379878945,0.0,1.0
2024-09-09,0.0,0.0,0.0,0.0,0.0,1.508307379878945,0.0,1.0
2024-09-10,0.0,0.0,0.0,0.0,0.0,1.508307379878945,0.0,1.0
2024-09-11,0.0,0.0,0.0,0.0,0.0,1.508307379878945,0.0,1.0
2024-09-12,0.0,0.0,0.0,0.0,0.0,1.508307379878945,0.0,1.0
2024-09-13,0.0,0.0,0.0,0.0,0.0,1.508307379878945,0.0,1.0
2024-09-18,0.0,0.0,0.0,0.0,0.0,1.508307379878945,0.0,1.0
2024-09-19,0.0,0.0,0.0,0.0,0.0,1.508307379878945,0.0,1.0
2024-09-20,0.0,0.0,0.0,0.0,0.0,1.508307379878945,0.0,1.0
2024-09-23,0.0,0.0,0.0,0.0,0.0,1.508307379878945,0.0,1.0
2024-09-24,0.0,0.0,0.0,0.0,0.0,1.508307379878945,0.0,1.0
2024-09-25,0.0,0.0,0.0,0.0,0.0,1.508307379878945,0.0,1.0
2024-09-26,0.0,0.0,0.0,0.0,0.0,1.508307379878945,0.0,1.0
2024-09-27,0.0,0.0,0.0,0.0,0.0,1.508307379878945,0.0,1.0
2024-09-30,0.0,0.0,0.0,0.0,0.0,1.508307379878945,0.0,1.0
2024-10-08,0.19982078853046592,1.0,0.0,0.001,0.19882078853046592,1.8081902424927978,1.0,0.0
2024-10-09,-0.16280806572068707,0.0,0.0,0.0,-0.16280806572068707,1.5138022866575254,1.0,0.0
2024-10-10,-0.030330062444246186,0.0,0.0,0.0,-0.030330062444246186,1.4678885687749599,1.0,0.0
2024-10-11,-0.05243790248390057,0.0,0.0,0.0,-0.05243790248390057,1.390915571148306,1.0,0.0
2024-10-14,0.027184466019417597,0.0,0.0,0.0,0.027184466019417597,1.428726868228066,1.0,0.0
2024-10-15,-0.03355387523629494,0.0,0.0,0.0,-0.03355387523629494,1.380787545144799,1.0,0.0
2024-10-16,-0.022004889975550057,0.0,0.0,0.0,-0.022004889975550057,1.350403467134278,1.0,0.0
2024-10-17,-0.0024999999999999467,0.0,0.0,0.0,-0.0024999999999999467,1.3470274584664423,1.0,0.0
2024-10-18,0.08070175438596494,0.0,0.0,0.0,0.08070175438596494,1.4557349375707518,1.0,0.0
2024-10-21,0.005102040816326481,0.0,0.0,0.0,0.005102040816326481,1.4631621566399902,1.0,0.0
2024-10-22,0.00369173973234882,0.0,0.0,0.0,0.00369173973234882,1.4685637705085273,1.0,0.0
2024-10-23,-0.005977011494252782,0.0,0.0,0.0,-0.005977011494252782,1.4597861479721546,1.0,0.0
2024-10-24,-0.013876040703052595,0.0,0.0,0.0,-0.013876040703052595,1.4395300959651405,1.0,0.0
2024-10-25,0.030018761726078758,0.0,0.0,0.0,0.030018761726078758,1.4827430069134373,1.0,0.0
2024-10-28,-0.0036429872495445936,0.0,0.0,0.0,-0.0036429872495445936,1.4773413930449002,1.0,0.0
2024-10-29,-0.024223034734917936,0.0,0.0,0.0,-0.024223034734917936,1.4415557011658415,1.0,0.0
2024-10-30,-0.01124121779859466,0.0,0.0,0.0,-0.01124121779859466,1.4253508595602304,1.0,0.0
2024-10-31,0.005210800568450802,0.0,0.0,0.0,0.005210800568450802,1.4327780786294688,1.0,0.0
2024-11-01,-0.01109057301293892,1.0,1.0,0.002,-0.01309057301293892,1.4140221925798313,1.0,0.0
2024-11-04,0.007476635514018559,0.0,0.0,0.0,0.007476635514018559,1.424594321122484,1.0,0.0
2024-11-05,0.028293135435992545,0.0,0.0,0.0,0.028293135435992545,1.4649005611913484,1.0,0.0
2024-11-06,-0.00045105999097883043,0.0,0.0,0.0,-0.00045105999097883043,1.4642398031574326,1.0,0.0
2024-11-07,0.0072202166064982976,0.0,0.0,0.0,0.0072202166064982976,1.4748119317000856,1.0,0.0
2024-11-08,-0.0008960573476703981,0.0,0.0,0.0,-0.0008960573476703981,1.4734904156322537,1.0,0.0
2024-11-11,0.03408071748878938,0.0,0.0,0.0,0.03408071748878938,1.5237080262098555,1.0,0.0
2024-11-12,-0.0030355594102342565,0.0,0.0,0.0,-0.0030355594102342565,1.5190827199724446,1.0,0.0
2024-11-13,0.008264462809917328,0.0,0.0,0.0,0.008264462809917328,1.5316371226168448,1.0,0.0
2024-11-14,-0.031492666091458066,0.0,0.0,0.0,-0.031492666091458066,1.483401786140991,1.0,0.0
2024-11-15,-0.03429844097995538,0.0,0.0,0.0,-0.03429844097995538,1.4325234175294739,1.0,0.0
2024-11-18,-0.013837638376383965,0.0,0.0,0.0,-0.013837638376383965,1.4127006765119994,1.0,0.0
2024-11-19,0.036482694106641844,0.0,0.0,0.0,0.036482694106641844,1.4642398031574326,1.0,0.0
2024-11-20,-0.0027075812274368616,0.0,0.0,0.0,-0.0027075812274368616,1.4602752549539377,1.0,0.0
2024-11-21,-0.0004524886877828038,0.0,0.0,0.0,-0.0004524886877828038,1.459614496920022,1.0,0.0
2024-11-22,-0.03576278859212323,0.0,0.0,0.0,-0.03576278859212323,1.407414612240673,1.0,0.0
2024-11-25,0.010328638497652642,0.0,0.0,0.0,0.010328638497652642,1.4219512889868209,1.0,0.0
2024-11-26,-0.0185873605947956,0.0,0.0,0.0,-0.0185873605947956,1.3955209676301885,1.0,0.0
2024-11-27,0.019412878787878896,0.0,0.0,0.0,0.019412878787878896,1.4226120470207368,1.0,0.0
2024-11-28,-0.00836042731072928,0.0,0.0,0.0,-0.00836042731072928,1.4107184024102521,1.0,0.0
2024-11-29,0.011709601873536535,0.0,0.0,0.0,0.011709601873536535,1.4272373532581477,1.0,0.0
2024-12-02,0.0,0.0,1.0,0.001,-0.001,1.4258101159048895,0.0,1.0
2024-12-03,0.0,0.0,0.0,0.0,0.0,1.4258101159048895,0.0,1.0
2024-12-04,0.0,0.0,0.0,0.0,0.0,1.4258101159048895,0.0,1.0
2024-12-05,0.0,0.0,0.0,0.0,0.0,1.4258101159048895,0.0,1.0
2024-12-06,0.0,0.0,0.0,0.0,0.0,1.4258101159048895,0.0,1.0
2024-12-09,0.0,0.0,0.0,0.0,0.0,1.4258101159048895,0.0,1.0
2024-12-10,0.0,0.0,0.0,0.0,0.0,1.4258101159048895,0.0,1.0
2024-12-11,0.0,0.0,0.0,0.0,0.0,1.4258101159048895,0.0,1.0
2024-12-12,0.0,0.0,0.0,0.0,0.0,1.4258101159048895,0.0,1.0
2024-12-13,0.0,0.0,0.0,0.0,0.0,1.4258101159048895,0.0,1.0
2024-12-16,0.0,0.0,0.0,0.0,0.0,1.4258101159048895,0.0,1.0
2024-12-17,0.0,0.0,0.0,0.0,0.0,1.4258101159048895,0.0,1.0
2024-12-18,0.0,0.0,0.0,0.0,0.0,1.4258101159048895,0.0,1.0
2024-12-19,0.0,0.0,0.0,0.0,0.0,1.4258101159048895,0.0,1.0
2024-12-20,0.0,0.0,0.0,0.0,0.0,1.4258101159048895,0.0,1.0
2024-12-23,0.0,0.0,0.0,0.0,0.0,1.4258101159048895,0.0,1.0
2024-12-24,0.0,0.0,0.0,0.0,0.0,1.4258101159048895,0.0,1.0
2024-12-25,0.0,0.0,0.0,0.0,0.0,1.4258101159048895,0.0,1.0
2024-12-26,0.0,0.0,0.0,0.0,0.0,1.4258101159048895,0.0,1.0
2024-12-27,0.0,0.0,0.0,0.0,0.0,1.4258101159048895,0.0,1.0
2024-12-30,0.0,0.0,0.0,0.0,0.0,1.4258101159048895,0.0,1.0
2024-12-31,0.0,0.0,0.0,0.0,0.0,1.4258101159048895,0.0,1.0
2025-01-02,0.0,0.0,0.0,0.0,0.0,1.4258101159048895,0.0,1.0
2025-01-03,0.0,0.0,0.0,0.0,0.0,1.4258101159048895,0.0,1.0
2025-01-06,0.0,0.0,0.0,0.0,0.0,1.4258101159048895,0.0,1.0
2025-01-07,0.0,0.0,0.0,0.0,0.0,1.4258101159048895,0.0,1.0
2025-01-08,0.0,0.0,0.0,0.0,0.0,1.4258101159048895,0.0,1.0
2025-01-09,0.0,0.0,0.0,0.0,0.0,1.4258101159048895,0.0,1.0
2025-01-10,0.0,0.0,0.0,0.0,0.0,1.4258101159048895,0.0,1.0
2025-01-13,0.0,0.0,0.0,0.0,0.0,1.4258101159048895,0.0,1.0
2025-01-14,0.0,0.0,0.0,0.0,0.0,1.4258101159048895,0.0,1.0
2025-01-15,0.0,0.0,0.0,0.0,0.0,1.4258101159048895,0.0,1.0
2025-01-16,0.0,0.0,0.0,0.0,0.0,1.4258101159048895,0.0,1.0
2025-01-17,0.0,0.0,0.0,0.0,0.0,1.4258101159048895,0.0,1.0
2025-01-20,0.0,0.0,0.0,0.0,0.0,1.4258101159048895,0.0,1.0
2025-01-21,0.0,0.0,0.0,0.0,0.0,1.4258101159048895,0.0,1.0
2025-01-22,0.0,0.0,0.0,0.0,0.0,1.4258101159048895,0.0,1.0
2025-01-23,0.0,0.0,0.0,0.0,0.0,1.4258101159048895,0.0,1.0
2025-01-24,0.0,0.0,0.0,0.0,0.0,1.4258101159048895,0.0,1.0
2025-01-27,0.0,0.0,0.0,0.0,0.0,1.4258101159048895,0.0,1.0
2025-02-05,-0.0019723865877712132,1.0,0.0,0.001,-0.0029723865877712132,1.4215720570396653,1.0,0.0
2025-02-06,0.027667984189723382,0.0,0.0,0.0,0.027667984189723382,1.4609040902383912,1.0,0.0
2025-02-07,0.02451923076923057,0.0,0.0,0.0,0.02451923076923057,1.4967243347586592,1.0,0.0
2025-02-10,0.005161895823557083,0.0,0.0,0.0,0.005161895823557083,1.504450269851266,1.0,0.0
2025-02-11,-0.013538748832866432,0.0,0.0,0.0,-0.013538748832866432,1.4840818955162116,1.0,0.0
2025-02-12,0.017510648367250248,0.0,0.0,0.0,0.017510648367250248,1.5100691317367982,1.0,0.0
2025-02-13,-0.006976744186046546,0.0,0.0,0.0,-0.006976744186046546,1.4995337657014252,1.0,0.0
2025-02-14,0.01826697892271678,0.0,0.0,0.0,0.01826697892271678,1.5269257173933952,1.0,0.0
2025-02-17,0.0036798528058876734,0.0,0.0,0.0,0.0036798528058876734,1.5325445792789274,1.0,0.0
2025-02-18,-0.019248395967002674,0.0,0.0,0.0,-0.019248395967002674,1.503045554379883,1.0,0.0
2025-02-19,0.02102803738317749,0.0,0.0,0.0,0.02102803738317749,1.5346516524860019,1.0,0.0
2025-02-20,-0.0004576659038900699,0.0,0.0,0.0,-0.0004576659038900699,1.5339492947503104,1.0,0.0
2025-02-21,0.025183150183150094,0.0,0.0,0.0,0.025183150183150094,1.5725789702133446,1.0,0.0
2025-02-24,-0.008039303260384045,0.0,0.0,0.0,-0.008039303260384045,1.559936530970897,1.0,0.0
2025-02-25,-0.010805943268797802,0.0,0.0,0.0,-0.010805943268797802,1.5430799453143003,1.0,0.0
2025-02-26,0.011834319526627057,0.0,0.0,0.0,0.011834319526627057,1.56134124644228,1.0,0.0
2025-02-27,-0.004948268106162668,0.0,0.0,0.0,-0.004948268106162668,1.5536153113496733,1.0,0.0
2025-02-28,-0.03797468354430378,0.0,0.0,0.0,-0.03797468354430378,1.4946172615515845,1.0,0.0
2025-03-03,-0.012356575463371544,1.0,1.0,0.002,-0.014356575463371544,1.4731596760472614,1.0,0.0
2025-03-04,0.01787310098302064,0.0,0.0,0.0,0.01787310098302064,1.499489607701368,1.0,0.0
2025-03-05,0.0026338893766459925,0.0,0.0,0.0,0.0026338893766459925,1.5034390974494836,1.0,0.0
2025-03-06,0.034150612959719995,0.0,0.0,0.0,0.034150612959719995,1.5547824641749917,1.0,0.0
2025-03-07,-0.011854360711261669,0.0,0.0,0.0,-0.011854360711261669,1.536351512017117,1.0,0.0
2025-03-10,-0.003427592116538092,0.0,0.0,0.0,-0.003427592116538092,1.5310855256862956,1.0,0.0
2025-03-11,-0.004299226139295009,0.0,0.0,0.0,-0.004299226139295009,1.5245030427727688,1.0,0.0
2025-03-12,-0.006908462867012077,0.0,0.0,0.0,-0.006908462867012077,1.5139710701111262,1.0,0.0
2025-03-13,-0.02086956521739136,0.0,0.0,0.0,-0.02086956521739136,1.4823751521261983,1.0,0.0
2025-03-14,0.017761989342806483,0.0,0.0,0.0,0.017761989342806483,1.5087050837803049,1.0,0.0
2025-03-17,-0.005235602094240788,0.0,0.0,0.0,-0.005235602094240788,1.500806104284073,1.0,0.0
2025-03-18,0.0052631578947368585,0.0,0.0,0.0,0.0052631578947368585,1.508705083780305,1.0,0.0
2025-03-19,-0.01308900523560197,0.0,0.0,0.0,-0.01308900523560197,1.4889576350397253,1.0,0.0
2025-03-20,-0.010610079575596787,0.0,0.0,0.0,-0.010610079575596787,1.4731596760472614,1.0,0.0
2025-03-21,-0.02144772117962468,0.0,0.0,0.0,-0.02144772117962468,1.4415637580623335,1.0,0.0
2025-03-24,0.005479452054794498,0.0,0.0,0.0,0.005479452054794498,1.4494627375585654,1.0,0.0
2025-03-25,-0.016348773841961872,0.0,0.0,0.0,-0.016348773841961872,1.4257657990698693,1.0,0.0
2025-03-26,-0.001846722068328699,0.0,0.0,0.0,-0.001846722068328699,1.4231328059044588,1.0,0.0
2025-03-27,0.010175763182238784,0.0,0.0,0.0,0.010175763182238784,1.4376142683142175,1.0,0.0
2025-03-28,-0.010073260073260148,0.0,0.0,0.0,-0.010073260073260148,1.4231328059044588,1.0,0.0
2025-03-31,-0.006475485661424529,0.0,0.0,0.0,-0.006475485661424529,1.4139173298255217,1.0,0.0
2025-04-01,0.0,0.0,1.0,0.001,-0.001,1.412503412495696,0.0,1.0
2025-04-02,0.0,0.0,0.0,0.0,0.0,1.412503412495696,0.0,1.0
2025-04-03,0.0,0.0,0.0,0.0,0.0,1.412503412495696,0.0,1.0
2025-04-07,0.0,0.0,0.0,0.0,0.0,1.412503412495696,0.0,1.0
2025-04-08,0.0,0.0,0.0,0.0,0.0,1.412503412495696,0.0,1.0
2025-04-09,0.0,0.0,0.0,0.0,0.0,1.412503412495696,0.0,1.0
2025-04-10,0.0,0.0,0.0,0.0,0.0,1.412503412495696,0.0,1.0
2025-04-11,0.0,0.0,0.0,0.0,0.0,1.412503412495696,0.0,1.0
2025-04-14,0.0,0.0,0.0,0.0,0.0,1.412503412495696,0.0,1.0
2025-04-15,0.0,0.0,0.0,0.0,0.0,1.412503412495696,0.0,1.0
2025-04-16,0.0,0.0,0.0,0.0,0.0,1.412503412495696,0.0,1.0
2025-04-17,0.0,0.0,0.0,0.0,0.0,1.412503412495696,0.0,1.0
2025-04-18,0.0,0.0,0.0,0.0,0.0,1.412503412495696,0.0,1.0
2025-04-21,0.0,0.0,0.0,0.0,0.0,1.412503412495696,0.0,1.0
2025-04-22,0.0,0.0,0.0,0.0,0.0,1.412503412495696,0.0,1.0
2025-04-23,0.0,0.0,0.0,0.0,0.0,1.412503412495696,0.0,1.0
2025-04-24,0.0,0.0,0.0,0.0,0.0,1.412503412495696,0.0,1.0
2025-04-25,0.0,0.0,0.0,0.0,0.0,1.412503412495696,0.0,1.0
2025-04-28,0.0,0.0,0.0,0.0,0.0,1.412503412495696,0.0,1.0
2025-04-29,0.0,0.0,0.0,0.0,0.0,1.412503412495696,0.0,1.0
2025-04-30,0.0,0.0,0.0,0.0,0.0,1.412503412495696,0.0,1.0
2025-05-06,0.0,0.0,0.0,0.0,0.0,1.412503412495696,0.0,1.0
2025-05-07,0.0,0.0,0.0,0.0,0.0,1.412503412495696,0.0,1.0
2025-05-08,0.0,0.0,0.0,0.0,0.0,1.412503412495696,0.0,1.0
2025-05-09,0.0,0.0,0.0,0.0,0.0,1.412503412495696,0.0,1.0
2025-05-12,0.0,0.0,0.0,0.0,0.0,1.412503412495696,0.0,1.0
2025-05-13,0.0,0.0,0.0,0.0,0.0,1.412503412495696,0.0,1.0
2025-05-14,0.0,0.0,0.0,0.0,0.0,1.412503412495696,0.0,1.0
2025-05-15,0.0,0.0,0.0,0.0,0.0,1.412503412495696,0.0,1.0
2025-05-16,0.0,0.0,0.0,0.0,0.0,1.412503412495696,0.0,1.0
2025-05-19,0.0,0.0,0.0,0.0,0.0,1.412503412495696,0.0,1.0
2025-05-20,0.0,0.0,0.0,0.0,0.0,1.412503412495696,0.0,1.0
2025-05-21,0.0,0.0,0.0,0.0,0.0,1.412503412495696,0.0,1.0
2025-05-22,0.0,0.0,0.0,0.0,0.0,1.412503412495696,0.0,1.0
2025-05-23,0.0,0.0,0.0,0.0,0.0,1.412503412495696,0.0,1.0
2025-05-26,0.0,0.0,0.0,0.0,0.0,1.412503412495696,0.0,1.0
2025-05-27,0.0,0.0,0.0,0.0,0.0,1.412503412495696,0.0,1.0
2025-05-28,0.0,0.0,0.0,0.0,0.0,1.412503412495696,0.0,1.0
2025-05-29,0.0,0.0,0.0,0.0,0.0,1.412503412495696,0.0,1.0
2025-05-30,0.0,0.0,0.0,0.0,0.0,1.412503412495696,0.0,1.0
2025-06-03,0.0,0.0,0.0,0.0,0.0,1.412503412495696,0.0,1.0
2025-06-04,0.0,0.0,0.0,0.0,0.0,1.412503412495696,0.0,1.0
2025-06-05,0.0,0.0,0.0,0.0,0.0,1.412503412495696,0.0,1.0
2025-06-06,0.0,0.0,0.0,0.0,0.0,1.412503412495696,0.0,1.0
2025-06-09,0.0,0.0,0.0,0.0,0.0,1.412503412495696,0.0,1.0
2025-06-10,0.0,0.0,0.0,0.0,0.0,1.412503412495696,0.0,1.0
2025-06-11,0.0,0.0,0.0,0.0,0.0,1.412503412495696,0.0,1.0
2025-06-12,0.0,0.0,0.0,0.0,0.0,1.412503412495696,0.0,1.0
2025-06-13,0.0,0.0,0.0,0.0,0.0,1.412503412495696,0.0,1.0
2025-06-16,0.0,0.0,0.0,0.0,0.0,1.412503412495696,0.0,1.0
2025-06-17,0.0,0.0,0.0,0.0,0.0,1.412503412495696,0.0,1.0
2025-06-18,0.0,0.0,0.0,0.0,0.0,1.412503412495696,0.0,1.0
2025-06-19,0.0,0.0,0.0,0.0,0.0,1.412503412495696,0.0,1.0
2025-06-20,0.0,0.0,0.0,0.0,0.0,1.412503412495696,0.0,1.0
2025-06-23,0.0,0.0,0.0,0.0,0.0,1.412503412495696,0.0,1.0
2025-06-24,0.0,0.0,0.0,0.0,0.0,1.412503412495696,0.0,1.0
2025-06-25,0.0,0.0,0.0,0.0,0.0,1.412503412495696,0.0,1.0
2025-06-26,0.0,0.0,0.0,0.0,0.0,1.412503412495696,0.0,1.0
2025-06-27,0.0,0.0,0.0,0.0,0.0,1.412503412495696,0.0,1.0
2025-06-30,0.0,0.0,0.0,0.0,0.0,1.412503412495696,0.0,1.0
2025-07-01,-0.0031729243786356998,1.0,0.0,0.001,-0.0041729243786357,1.4066091425707867,1.0,0.0
2025-07-02,0.011671087533156488,0.0,0.0,0.0,0.011671087533156488,1.4230258009986685,1.0,0.0
2025-07-03,0.011536444677504143,0.0,0.0,0.0,0.011536444677504143,1.4394424594265507,1.0,0.0
2025-07-04,-0.008294453084499831,0.0,0.0,0.0,-0.008294453084499831,1.427503071479,1.0,0.0
2025-07-07,-0.004181913225300593,0.0,0.0,0.0,-0.004181913225300593,1.4215333775052248,1.0,0.0
2025-07-08,0.032545931758530156,0.0,0.0,0.0,0.032545931758530156,1.4677985058019827,1.0,0.0
2025-07-09,-0.002541942043721379,0.0,0.0,0.0,-0.002541942043721379,1.4640674470683732,1.0,0.0
2025-07-10,0.008154943934760572,0.0,0.0,0.0,0.008154943934760572,1.476006835015924,1.0,0.0
2025-07-11,-0.004044489383215444,0.0,0.0,0.0,-0.004044489383215444,1.4700371410421487,1.0,0.0
2025-07-14,0.0020304568527917954,0.0,0.0,0.0,0.0020304568527917954,1.473021988029036,1.0,0.0
2025-07-15,-0.011144883485308954,0.0,0.0,0.0,-0.011144883485308954,1.4566053296011543,1.0,0.0
2025-07-16,-0.002049180327868827,0.0,0.0,0.0,-0.002049180327868827,1.4536204826142667,1.0,0.0
2025-07-17,0.010266940451745254,0.0,0.0,0.0,0.010266940451745254,1.4685447175487045,1.0,0.0
2025-07-18,0.0060975609756097615,0.0,0.0,0.0,0.0060975609756097615,1.4774992585093674,1.0,0.0
2025-07-21,0.013131313131312883,0.0,0.0,0.0,0.013131313131312883,1.4969007639241365,1.0,0.0
2025-07-22,0.022432701894317342,0.0,0.0,0.0,0.022432701894317342,1.5304802925266225,1.0,0.0
2025-07-23,-0.008776206728425273,0.0,0.0,0.0,-0.008776206728425273,1.5170484810856282,1.0,0.0
2025-07-24,0.026069847515986178,0.0,0.0,0.0,0.026069847515986178,1.556597703661889,1.0,0.0
2025-07-25,-0.00431447746883995,0.0,0.0,0.0,-0.00431447746883995,1.5498817979413917,1.0,0.0
2025-07-28,-0.003370245546461259,0.0,0.0,0.0,-0.003370245546461259,1.5446583157143383,1.0,0.0
2025-07-29,0.008695652173913215,0.0,0.0,0.0,0.008695652173913215,1.558090127155333,1.0,0.0
2025-07-30,-0.019157088122605415,0.0,0.0,0.0,-0.019157088122605415,1.5282416572864568,1.0,0.0
2025-07-31,-0.029296875,0.0,0.0,0.0,-0.029296875,1.4834689524831426,1.0,0.0
2025-08-01,-0.016826923076923128,1.0,1.0,0.002,-0.01882692307692313,1.4555397966277388,1.0,0.0
2025-08-04,0.0,0.0,0.0,0.0,0.0,1.4555397966277388,1.0,0.0
2025-08-05,0.004889975550122161,0.0,0.0,0.0,0.004889975550122161,1.4626573506454783,1.0,0.0
2025-08-06,-0.0024330900243308973,0.0,0.0,0.0,-0.0024330900243308973,1.4590985736366084,1.0,0.0
2025-08-07,-0.007317073170731714,0.0,0.0,0.0,-0.007317073170731714,1.448422242609999,1.0,0.0
2025-08-08,-0.002457002457002311,0.0,0.0,0.0,-0.002457002457002311,1.4448634656011294,1.0,0.0
2025-08-11,0.0024630541871919487,0.0,0.0,0.0,0.0024630541871919487,1.448422242609999,1.0,0.0
2025-08-12,0.002457002457002533,0.0,0.0,0.0,0.002457002457002533,1.451981019618869,1.0,0.0
2025-08-13,0.02450980392156854,0.0,0.0,0.0,0.02450980392156854,1.4875687897075667,1.0,0.0
2025-08-14,-0.0071770334928229484,0.0,0.0,0.0,-0.0071770334928229484,1.4768924586809573,1.0,0.0
2025-08-15,0.004819277108433662,0.0,0.0,0.0,0.004819277108433662,1.4840100126986968,1.0,0.0
2025-08-18,0.0023980815347721673,0.0,0.0,0.0,0.0023980815347721673,1.4875687897075667,1.0,0.0
2025-08-19,-0.01674641148325362,0.0,0.0,0.0,-0.01674641148325362,1.462657350645478,1.0,0.0
2025-08-20,0.009732360097323589,0.0,0.0,0.0,0.009732360097323589,1.476892458680957,1.0,0.0
2025-08-21,0.012048192771084265,0.0,0.0,0.0,0.012048192771084265,1.494686343725306,1.0,0.0
2025-08-22,0.00952380952380949,0.0,0.0,0.0,0.00952380952380949,1.508921451760785,1.0,0.0
2025-08-25,0.02358490566037741,0.0,0.0,0.0,0.02358490566037741,1.5445092218494827,1.0,0.0
2025-08-26,-0.011520737327188946,0.0,0.0,0.0,-0.011520737327188946,1.5267153368051338,1.0,0.0
2025-08-27,-0.020979020979021046,0.0,0.0,0.0,-0.020979020979021046,1.4946863437253057,1.0,0.0
2025-08-28,-0.0023809523809523725,0.0,0.0,0.0,-0.0023809523809523725,1.4911275667164359,1.0,0.0
2025-08-29,0.02863961813842475,0.0,0.0,0.0,0.02863961813842475,1.533832890822873,1.0,0.0
2025-09-01,0.013456090651558172,1.0,1.0,0.002,0.011456090651558172,1.5514046194644815,1.0,0.0
2025-09-02,-0.025856044723969407,0.0,0.0,0.0,-0.025856044723969407,1.511291432238635,1.0,0.0
2025-09-03,-0.020803443328550886,0.0,0.0,0.0,-0.020803443328550886,1.479851366575134,1.0,0.0
2025-09-04,-0.06080586080586081,0.0,0.0,0.0,-0.06080586080586081,1.3898677303658036,1.0,0.0
2025-09-05,0.03432137285491432,0.0,0.0,0.0,0.03432137285491432,1.4375698989587018,1.0,0.0
2025-09-08,0.0015082956259426794,0.0,0.0,0.0,0.0015082956259426794,1.439738179349288,1.0,0.0
2025-09-09,-0.01581325301204828,0.0,0.0,0.0,-0.01581325301204828,1.416971235248132,1.0,0.0
2025-09-10,0.010711553175210442,0.0,0.0,0.0,0.010711553175210442,1.432149197982236,1.0,0.0
2025-09-11,0.054504163512490544,0.0,0.0,0.0,0.054504163512490544,1.510207292043342,1.0,0.0
2025-09-12,0.009332376166546918,0.0,0.0,0.0,0.009332376166546918,1.5243011145821528,1.0,0.0
2025-09-15,0.002133712660028486,0.0,0.0,0.0,0.002133712660028486,1.5275535351680323,1.0,0.0
2025-09-16,0.012065294535131166,0.0,0.0,0.0,0.012065294535131166,1.5459839184880155,1.0,0.0
2025-09-17,0.009817671809256634,0.0,0.0,0.0,0.009817671809256634,1.5611618812221195,1.0,0.0
2025-09-18,0.00694444444444442,0.0,0.0,0.0,0.00694444444444442,1.5720032831750508,1.0,0.0
2025-09-19,-0.013103448275861962,0.0,0.0,0.0,-0.013103448275861962,1.5514046194644813,1.0,0.0
2025-09-22,0.03354297693920327,0.0,0.0,0.0,0.03354297693920327,1.6034433488385518,1.0,0.0
2025-09-23,-0.0027045300878972833,0.0,0.0,0.0,-0.0027045300878972833,1.599106788057379,1.0,0.0
2025-09-24,0.037288135593220195,0.0,0.0,0.0,0.037288135593220195,1.6587344987985013,1.0,0.0
2025-09-25,0.0117647058823529,0.0,0.0,0.0,0.0117647058823529,1.6782490223137778,1.0,0.0
2025-09-26,-0.015503875968992276,0.0,0.0,0.0,-0.015503875968992276,1.6522296576267426,1.0,0.0
2025-09-29,0.012467191601049699,0.0,0.0,0.0,0.012467191601049699,1.6728283213373119,1.0,0.0
2025-09-30,0.017498379779650186,0.0,0.0,0.0,0.017498379779650186,1.7021001066102268,1.0,0.0
2025-10-09,0.03801478352692689,1.0,1.0,0.002,0.036014783526926886,1.7634008734909532,1.0,0.0
2025-10-10,-0.060698541878602685,0.0,0.0,0.0,-0.060698541878602685,1.656365011722598,1.0,0.0
2025-10-13,0.006859205776173383,0.0,0.0,0.0,0.006859205776173383,1.6677263601784573,1.0,0.0
2025-10-14,-0.021154535675869668,0.0,0.0,0.0,-0.021154535675869668,1.6324463833944738,1.0,0.0
2025-10-15,0.017948717948717885,0.0,0.0,0.0,0.017948717948717885,1.6617467030964257,1.0,0.0
2025-10-16,0.004318100035984207,0.0,0.0,0.0,0.004318100035984207,1.668922291594863,1.0,0.0
2025-10-17,-0.04765317090648524,0.0,0.0,0.0,-0.04765317090648524,1.5893928524038499,1.0,0.0
2025-10-20,0.003386004514672747,0.0,0.0,0.0,0.003386004514672747,1.594774543777678,1.0,0.0
2025-10-21,0.0164979377577803,0.0,0.0,0.0,0.0164979377577803,1.6210850349386146,1.0,0.0
2025-10-22,-0.01475470306160076,0.0,0.0,0.0,-0.01475470306160076,1.5971664066104907,1.0,0.0
2025-10-23,0.015350056158742076,0.0,0.0,0.0,0.015350056158742076,1.621683000646818,1.0,0.0
2025-10-24,0.01880530973451333,0.0,0.0,0.0,0.01880530973451333,1.6521792517651763,1.0,0.0
2025-10-27,0.009410061527325375,0.0,0.0,0.0,0.009410061527325375,1.667726360178457,1.0,0.0
2025-10-28,-0.007888131946934496,0.0,0.0,0.0,-0.007888131946934496,1.6545711145979887,1.0,0.0
2025-10-29,0.06252258764004326,0.0,0.0,0.0,0.06252258764004326,1.7580191821171254,1.0,0.0
2025-10-30,0.008843537414966018,0.0,0.0,0.0,0.008843537414966018,1.7735662905304062,1.0,0.0
2025-10-31,-0.0131490222521915,0.0,0.0,0.0,-0.0131490222521915,1.7502456279104852,1.0,0.0
2025-11-03,0.012299282541851753,0.0,0.0,0.0,0.012299282541851753,1.771772393405797,1.0,0.0
2025-11-04,-0.029024637192035185,0.0,0.0,0.0,-0.029024637192035185,1.72034734250033,1.0,0.0
2025-11-05,0.035453597497393075,0.0,0.0,0.0,0.035453597497393075,1.7813398447370465,1.0,0.0
2025-11-06,0.01611278952668682,0.0,0.0,0.0,0.01611278952668682,1.8100421987307955,1.0,0.0
2025-11-07,0.01850016518004649,0.0,0.0,0.0,0.01850016518004649,1.8435282783901699,1.0,0.0
2025-11-10,-0.00648718780408708,0.0,0.0,0.0,-0.00648718780408708,1.8315689642261075,1.0,0.0
2025-11-11,-0.007835455435847294,0.0,0.0,0.0,-0.007835455435847294,1.8172177872292328,1.0,0.0
2025-11-12,-0.02566633761105619,0.0,0.0,0.0,-0.02566633761105619,1.770576461989391,1.0,0.0
2025-11-13,0.04660587639311031,0.0,0.0,0.0,0.04660587639311031,1.853095729721419,1.0,0.0
2025-11-14,-0.015488867376572957,0.0,0.0,0.0,-0.015488867376572957,1.8243933757276702,1.0,0.0
2025-11-17,0.004260898066207552,0.0,0.0,0.0,0.004260898066207552,1.8321669299343102,1.0,0.0
2025-11-18,-0.030026109660574396,0.0,0.0,0.0,-0.030026109660574396,1.7771540847796246,1.0,0.0
2025-11-19,0.0053835800807537915,0.0,0.0,0.0,0.0053835800807537915,1.7867215361108744,1.0,0.0
2025-11-20,-0.015729585006693414,0.0,0.0,0.0,-0.015729585006693414,1.7586171478253285,1.0,0.0
2025-11-21,-0.061543692621557455,0.0,0.0,0.0,-0.061543692621557455,1.6503853546405665,1.0,0.0
2025-11-24,-0.010869565217391353,0.0,0.0,0.0,-0.010869565217391353,1.6324463833944733,1.0,0.0
2025-11-25,0.019413919413919345,0.0,0.0,0.0,0.019413919413919345,1.6641385659292378,1.0,0.0
2025-11-26,0.002155946819978549,0.0,0.0,0.0,0.002155946819978549,1.6677263601784567,1.0,0.0
2025-11-27,-0.0014342058085335951,0.0,0.0,0.0,-0.0014342058085335951,1.665334497345644,1.0,0.0
2025-11-28,0.01579892280071804,0.0,0.0,0.0,0.01579892280071804,1.6916449885065805,1.0,0.0
2025-12-01,0.0,0.0,1.0,0.001,-0.001,1.689953343518074,0.0,1.0
2025-12-02,0.0,0.0,0.0,0.0,0.0,1.689953343518074,0.0,1.0
2025-12-03,0.0,0.0,0.0,0.0,0.0,1.689953343518074,0.0,1.0
2025-12-04,0.0,0.0,0.0,0.0,0.0,1.689953343518074,0.0,1.0
2025-12-05,0.0,0.0,0.0,0.0,0.0,1.689953343518074,0.0,1.0
2025-12-08,0.0,0.0,0.0,0.0,0.0,1.689953343518074,0.0,1.0
2025-12-09,0.0,0.0,0.0,0.0,0.0,1.689953343518074,0.0,1.0
2025-12-10,0.0,0.0,0.0,0.0,0.0,1.689953343518074,0.0,1.0
2025-12-11,0.0,0.0,0.0,0.0,0.0,1.689953343518074,0.0,1.0
2025-12-12,0.0,0.0,0.0,0.0,0.0,1.689953343518074,0.0,1.0
2025-12-15,0.0,0.0,0.0,0.0,0.0,1.689953343518074,0.0,1.0
2025-12-16,0.0,0.0,0.0,0.0,0.0,1.689953343518074,0.0,1.0
2025-12-17,0.0,0.0,0.0,0.0,0.0,1.689953343518074,0.0,1.0
2025-12-18,0.0,0.0,0.0,0.0,0.0,1.689953343518074,0.0,1.0
2025-12-19,0.0,0.0,0.0,0.0,0.0,1.689953343518074,0.0,1.0
2025-12-22,0.0,0.0,0.0,0.0,0.0,1.689953343518074,0.0,1.0
2025-12-23,0.0,0.0,0.0,0.0,0.0,1.689953343518074,0.0,1.0
2025-12-24,0.0,0.0,0.0,0.0,0.0,1.689953343518074,0.0,1.0
2025-12-25,0.0,0.0,0.0,0.0,0.0,1.689953343518074,0.0,1.0
2025-12-26,0.0,0.0,0.0,0.0,0.0,1.689953343518074,0.0,1.0
2025-12-29,0.0,0.0,0.0,0.0,0.0,1.689953343518074,0.0,1.0
2025-12-30,0.0,0.0,0.0,0.0,0.0,1.689953343518074,0.0,1.0
2025-12-31,0.0,0.0,0.0,0.0,0.0,1.689953343518074,0.0,1.0
2026-01-05,0.026884554559831297,1.0,0.0,0.001,0.025884554559831296,1.7336970330419372,1.0,0.0
2026-01-06,0.021688911704312197,0.0,0.0,0.0,0.021688911704312197,1.7712990349136117,1.0,0.0
2026-01-07,0.004773269689737347,0.0,0.0,0.0,0.004773269689737347,1.7797539229084258,1.0,0.0
2026-01-08,0.0031253906738342163,0.0,0.0,0.0,0.0031253906738342163,1.7853163492208037,1.0,0.0
2026-01-09,0.023928215353938187,0.0,0.0,0.0,0.023928215353938187,1.828035783299866,1.0,0.0
2026-01-12,0.02434274586173335,0.0,0.0,0.0,0.02434274586173335,1.8725351937988892,1.0,0.0
2026-01-13,-0.013070342205323326,0.0,0.0,0.0,-0.013070342205323326,1.8480605180244263,1.0,0.0
2026-01-14,0.007103298820130055,0.0,0.0,0.0,0.007103298820130055,1.861187844121638,1.0,0.0
2026-01-15,-0.003108188882247398,0.0,0.0,0.0,-0.003108188882247398,1.8554029207567653,1.0,0.0
2026-01-16,-0.005276412039812994,0.0,0.0,0.0,-0.005276412039812994,1.84561305044698,1.0,0.0
2026-01-19,0.006389391199517869,0.0,0.0,0.0,0.006389391199517869,1.8574053942292215,1.0,0.0
2026-01-20,-0.0028749401054145585,0.0,0.0,0.0,-0.0028749401054145585,1.8520654649693384,1.0,0.0
2026-01-21,0.012974531475252293,0.0,0.0,0.0,0.012974531475252293,1.876095146638811,1.0,0.0
2026-01-22,0.004388045540796748,0.0,0.0,0.0,0.004388045540796748,1.8843275375811297,1.0,0.0
2026-01-23,0.02951942378084782,0.0,0.0,0.0,0.02951942378084782,1.9399518007049086,1.0,0.0
2026-01-26,-0.01777726803532509,0.0,0.0,0.0,-0.01777726803532509,1.9054647575681658,1.0,0.0
2026-01-27,0.006422232601587918,0.0,0.0,0.0,0.006422232601587918,1.917702095455397,1.0,0.0
2026-01-28,0.008353637312913387,0.0,0.0,0.0,0.008353637312913387,1.9337218832350453,1.0,0.0
2026-01-29,-0.01150615579334957,0.0,0.0,0.0,-0.01150615579334957,1.9114721779855335,1.0,0.0
2026-01-30,-0.01757653358165523,0.0,0.0,0.0,-0.01757653358165523,1.8778751230587711,1.0,0.0
2026-02-02,0.0,0.0,1.0,0.001,-0.001,1.8759972479357123,0.0,1.0
2026-02-03,0.0,0.0,0.0,0.0,0.0,1.8759972479357123,0.0,1.0
2026-02-04,0.0,0.0,0.0,0.0,0.0,1.8759972479357123,0.0,1.0
2026-02-05,0.0,0.0,0.0,0.0,0.0,1.8759972479357123,0.0,1.0
2026-02-06,0.0,0.0,0.0,0.0,0.0,1.8759972479357123,0.0,1.0
2026-02-09,0.0,0.0,0.0,0.0,0.0,1.8759972479357123,0.0,1.0
2026-02-10,0.0,0.0,0.0,0.0,0.0,1.8759972479357123,0.0,1.0
2026-02-11,0.0,0.0,0.0,0.0,0.0,1.8759972479357123,0.0,1.0
2026-02-12,0.0,0.0,0.0,0.0,0.0,1.8759972479357123,0.0,1.0
2026-02-13,0.0,0.0,0.0,0.0,0.0,1.8759972479357123,0.0,1.0
2026-02-24,0.0,0.0,0.0,0.0,0.0,1.8759972479357123,0.0,1.0
2026-02-25,0.0,0.0,0.0,0.0,0.0,1.8759972479357123,0.0,1.0
2026-02-26,0.0,0.0,0.0,0.0,0.0,1.8759972479357123,0.0,1.0
2026-02-27,0.0,0.0,0.0,0.0,0.0,1.8759972479357123,0.0,1.0
2026-03-02,-0.00045782305139063784,1.0,0.0,0.001,-0.0014578230513906379,1.8732623759033262,1.0,0.0
2026-03-03,-0.0409939310660713,0.0,0.0,0.0,-0.0409939310660713,1.7964699871968803,1.0,0.0
2026-03-04,-0.006925373134328283,0.0,0.0,0.0,-0.006925373134328283,1.7840287622109199,1.0,0.0
2026-03-05,0.006492725742455185,0.0,0.0,0.0,0.006492725742455185,1.7956119716806072,1.0,0.0
2026-03-06,0.005973002030820629,0.0,0.0,0.0,0.005973002030820629,1.8063371656340212,1.0,0.0
2026-03-09,-0.007718798242489,0.0,0.0,0.0,-0.007718798242489,1.7923944134945828,1.0,0.0
2026-03-10,0.014959310674964144,0.0,0.0,0.0,0.014959310674964144,1.8192073983781185,1.0,0.0
2026-03-11,-0.00153283810871363,0.0,0.0,0.0,-0.00153283810871363,1.8164188479502308,1.0,0.0
2026-03-12,-0.004959848842701953,0.0,0.0,0.0,-0.004959848842701953,1.8074096850293628,1.0,0.0
2026-03-13,-0.013648231663897503,0.0,0.0,0.0,-0.013648231663897503,1.7827417389365101,1.0,0.0
2026-03-16,-0.006256768138611424,0.0,0.0,0.0,-0.006256768138611424,1.7715875372249594,1.0,0.0
2026-03-17,-0.021915486136336204,0.0,0.0,0.0,-0.021915486136336204,1.7327623351136,1.0,0.0
2026-03-18,0.009655855409754999,0.0,0.0,0.0,0.009655855409754999,1.7494936376809263,1.0,0.0
2026-03-19,-0.025870524767042657,0.0,0.0,0.0,-0.025870524767042657,1.7042333191975183,1.0,0.0
2026-03-20,-0.016740088105726914,0.0,0.0,0.0,-0.016740088105726914,1.6757043032814365,1.0,0.0
2026-03-23,-0.03840245775729656,0.0,0.0,0.0,-0.03840245775729656,1.611353139560951,1.0,0.0
2026-03-24,0.01863684771033025,0.0,0.0,0.0,0.01863684771033025,1.641383682630511,1.0,0.0
2026-03-25,0.0227391531625718,0.0,0.0,0.0,0.0227391531625718,1.6787073575883924,1.0,0.0
2026-03-26,-0.01610017889087645,0.0,0.0,0.0,-0.01610017889087645,1.6516798688257888,1.0,0.0
2026-03-27,0.013376623376623265,0.0,0.0,0.0,0.013376623376623265,1.673773768369822,1.0,0.0
2026-03-30,0.0019223375624759509,0.0,0.0,0.0,0.0019223375624759509,1.6769913265558463,1.0,0.0
2026-03-31,-0.01726784343821952,0.0,0.0,0.0,-0.01726784343821952,1.6480333028816279,1.0,0.0
2026-04-01,0.0,0.0,1.0,0.001,-0.001,1.6463852695787462,0.0,1.0
2026-04-02,0.0,0.0,0.0,0.0,0.0,1.6463852695787462,0.0,1.0
2026-04-03,0.0,0.0,0.0,0.0,0.0,1.6463852695787462,0.0,1.0
2026-04-07,0.0,0.0,0.0,0.0,0.0,1.6463852695787462,0.0,1.0
2026-04-08,0.0,0.0,0.0,0.0,0.0,1.6463852695787462,0.0,1.0
2026-04-09,0.0,0.0,0.0,0.0,0.0,1.6463852695787462,0.0,1.0
2026-04-10,0.0,0.0,0.0,0.0,0.0,1.6463852695787462,0.0,1.0
2026-04-13,0.0,0.0,0.0,0.0,0.0,1.6463852695787462,0.0,1.0
2026-04-14,0.0,0.0,0.0,0.0,0.0,1.6463852695787462,0.0,1.0
2026-04-15,0.0,0.0,0.0,0.0,0.0,1.6463852695787462,0.0,1.0
2026-04-16,0.0,0.0,0.0,0.0,0.0,1.6463852695787462,0.0,1.0
2026-04-17,0.0,0.0,0.0,0.0,0.0,1.6463852695787462,0.0,1.0
2026-04-20,0.0,0.0,0.0,0.0,0.0,1.6463852695787462,0.0,1.0
2026-04-21,0.0,0.0,0.0,0.0,0.0,1.6463852695787462,0.0,1.0
2026-04-22,0.0,0.0,0.0,0.0,0.0,1.6463852695787462,0.0,1.0
2026-04-23,0.0,0.0,0.0,0.0,0.0,1.6463852695787462,0.0,1.0
2026-04-24,0.0,0.0,0.0,0.0,0.0,1.6463852695787462,0.0,1.0
2026-04-27,0.0,0.0,0.0,0.0,0.0,1.6463852695787462,0.0,1.0
2026-04-28,0.0,0.0,0.0,0.0,0.0,1.6463852695787462,0.0,1.0
2026-04-29,0.0,0.0,0.0,0.0,0.0,1.6463852695787462,0.0,1.0
2026-04-30,0.0,0.0,0.0,0.0,0.0,1.6463852695787462,0.0,1.0
2026-05-06,0.054413542926239566,1.0,0.0,0.001,0.053413542926239566,1.734324539848519,1.0,0.0
2026-05-07,0.014334862385321001,0.0,0.0,0.0,0.014334862385321001,1.7591858434587326,1.0,0.0
2026-05-08,-0.02374222724703212,0.0,0.0,0.0,-0.02374222724703212,1.7174188533935735,1.0,0.0
2026-05-11,0.04863925883034148,0.0,0.0,0.0,0.04863925883034148,1.8009528335238918,1.0,0.0
2026-05-12,0.002760905577029238,0.0,0.0,0.0,0.002760905577029238,1.8059250942459346,1.0,0.0
2026-05-13,0.02698237885462551,0.0,0.0,0.0,0.02698237885462551,1.8546532493219536,1.0,0.0
2026-05-14,-0.02680965147453085,0.0,0.0,0.0,-0.02680965147453085,1.8049306421015259,1.0,0.0
2026-05-15,-0.015426997245179042,0.0,0.0,0.0,-0.015426997245179042,1.7770859820580864,1.0,0.0
2026-05-18,0.008953553441522155,0.0,0.0,0.0,0.008953553441522155,1.7929972163686234,1.0,0.0
2026-05-19,0.03771491957848028,0.0,0.0,0.0,0.03771491957848028,1.860619962188405,1.0,0.0
2026-05-20,0.032068412613575736,0.0,0.0,0.0,0.032068412613575736,1.9202870908529184,1.0,0.0
2026-05-21,-0.03676851372345935,0.0,0.0,0.0,-0.03676851372345935,1.849680988599911,1.0,0.0
2026-05-22,0.014516129032257963,0.0,0.0,0.0,0.014516129032257963,1.8765311964989417,1.0,0.0
2026-05-25,0.05882352941176472,0.0,0.0,0.0,0.05882352941176472,1.9869153845282912,1.0,0.0
2026-05-26,-0.01501501501501501,0.0,0.0,0.0,-0.01501501501501501,1.9570818201960345,1.0,0.0
2026-05-27,-0.02896341463414631,0.0,0.0,0.0,-0.02896341463414631,1.9003980479647469,1.0,0.0
2026-05-28,0.016221873364730355,0.0,0.0,0.0,0.016221873364730355,1.9312260644414116,1.0,0.0
2026-05-29,-0.05046343975283207,0.0,0.0,0.0,-0.05046343975283207,1.8337697542893734,1.0,0.0
