date,gross_return,buy_turnover,sell_turnover,cost,net_return,net_value,invested_weight,cash_weight,holding_count,drawdown
2023-02-01,0.015730510531904475,1.0,-0.0,0.001,0.014730510531904474,1.441187208829578,1.0,0.0,3,0.0
2023-02-02,-0.012400723238482327,0.0,-0.0,0.0,-0.012400723238482327,1.4233154451180416,1.0,0.0,3,-0.012400723238482292
2023-02-03,-0.01170727405798222,0.0,-0.0,0.0,-0.01170727405798222,1.4066523011310859,1.0,0.0,3,-0.023962818630994365
2023-02-06,-0.014574920005700043,0.0,-0.0,0.0,-0.014574920005700043,1.3861504563662663,1.0,0.0,3,-0.038188482472036656
2023-02-07,0.0004364861907815523,0.0,-0.0,0.0,0.0004364861907815523,1.3867554918988156,1.0,0.0,3,-0.037768665026501114
2023-02-08,-0.0063429818313703494,0.0,-0.0,0.0,-0.0063429818313703494,1.3779593270091484,1.0,0.0,3,-0.04387208090181327
2023-02-09,0.01572098929852772,0.0,-0.0,0.0,0.01572098929852772,1.3996222108428655,1.0,0.0,3,-0.028840804117647223
2023-02-10,-0.01244920711817421,0.0,-0.0,0.0,-0.01244920711817421,1.3821980240528857,1.0,0.0,3,-0.04093096609190616
2023-02-13,0.007453786714092691,0.0,-0.0,0.0,0.007453786714092691,1.3925006333208163,1.0,0.0,3,-0.03378227006906431
2023-02-14,-0.002945082731666641,0.0,-0.0,0.0,-0.002945082731666641,1.3883996037517883,1.0,0.0,3,-0.03662786122051409
2023-02-15,-0.008028750737701262,0.0,-0.0,0.0,-0.008028750737701262,1.377252489408942,1.0,0.0,3,-0.044362535990420726
2023-02-16,-0.012455343114101753,0.0,-0.0,0.0,-0.012455343114101753,1.3600983370986028,1.0,0.0,3,-0.05626532849735
2023-02-17,-0.021815475213694126,0.0,-0.0,0.0,-0.021815475213694126,1.3304271455374417,1.0,0.0,3,-0.07685334883181982
2023-02-20,0.020713547275037564,0.0,-0.0,0.0,0.020713547275037564,1.3579850111125247,1.0,0.0,3,-0.057731707031055235
2023-02-21,0.0018870736447345418,0.0,-0.0,0.0,0.0018870736447345418,1.3605476288369396,1.0,0.0,3,-0.05595357736912454
2023-02-22,-0.008596605436998583,0.0,-0.0,0.0,-0.008596605436998583,1.3488515376935843,1.0,0.0,3,-0.06406917197869222
2023-02-23,0.008226854758399682,0.0,-0.0,0.0,0.008226854758399682,1.3599483433848336,1.0,0.0,3,-0.056369404992652195
2023-02-24,-0.015052131781978763,0.0,-0.0,0.0,-0.015052131781978763,1.3394782217035215,1.0,0.0,3,-0.07057305706220973
2023-02-27,-0.007030022300728058,0.0,-0.0,0.0,-0.007030022300728058,1.3300616599336061,1.0,0.0,3,-0.0771069491979599
2023-02-28,0.006267670580415367,0.0,-0.0,0.0,0.006267670580415367,1.3383980482697104,1.0,0.0,3,-0.07132255957457823
2023-03-01,0.0,0.0,1.0,0.001,-0.001,1.3370596502214407,0.0,1.0,0,-0.07225123701500369
2023-03-02,0.0,0.0,-0.0,0.0,0.0,1.3370596502214407,0.0,1.0,0,-0.07225123701500369
2023-03-03,0.0,0.0,-0.0,0.0,0.0,1.3370596502214407,0.0,1.0,0,-0.07225123701500369
2023-03-06,0.0,0.0,-0.0,0.0,0.0,1.3370596502214407,0.0,1.0,0,-0.07225123701500369
2023-03-07,0.0,0.0,-0.0,0.0,0.0,1.3370596502214407,0.0,1.0,0,-0.07225123701500369
2023-03-08,0.0,0.0,-0.0,0.0,0.0,1.3370596502214407,0.0,1.0,0,-0.07225123701500369
2023-03-09,0.0,0.0,-0.0,0.0,0.0,1.3370596502214407,0.0,1.0,0,-0.07225123701500369
2023-03-10,0.0,0.0,-0.0,0.0,0.0,1.3370596502214407,0.0,1.0,0,-0.07225123701500369
2023-03-13,0.0,0.0,-0.0,0.0,0.0,1.3370596502214407,0.0,1.0,0,-0.07225123701500369
2023-03-14,0.0,0.0,-0.0,0.0,0.0,1.3370596502214407,0.0,1.0,0,-0.07225123701500369
2023-03-15,0.0,0.0,-0.0,0.0,0.0,1.3370596502214407,0.0,1.0,0,-0.07225123701500369
2023-03-16,0.0,0.0,-0.0,0.0,0.0,1.3370596502214407,0.0,1.0,0,-0.07225123701500369
2023-03-17,0.0,0.0,-0.0,0.0,0.0,1.3370596502214407,0.0,1.0,0,-0.07225123701500369
2023-03-20,0.0,0.0,-0.0,0.0,0.0,1.3370596502214407,0.0,1.0,0,-0.07225123701500369
2023-03-21,0.0,0.0,-0.0,0.0,0.0,1.3370596502214407,0.0,1.0,0,-0.07225123701500369
2023-03-22,0.0,0.0,-0.0,0.0,0.0,1.3370596502214407,0.0,1.0,0,-0.07225123701500369
2023-03-23,0.0,0.0,-0.0,0.0,0.0,1.3370596502214407,0.0,1.0,0,-0.07225123701500369
2023-03-24,0.0,0.0,-0.0,0.0,0.0,1.3370596502214407,0.0,1.0,0,-0.07225123701500369
2023-03-27,0.0,0.0,-0.0,0.0,0.0,1.3370596502214407,0.0,1.0,0,-0.07225123701500369
2023-03-28,0.0,0.0,-0.0,0.0,0.0,1.3370596502214407,0.0,1.0,0,-0.07225123701500369
2023-03-29,0.0,0.0,-0.0,0.0,0.0,1.3370596502214407,0.0,1.0,0,-0.07225123701500369
2023-03-30,0.0,0.0,-0.0,0.0,0.0,1.3370596502214407,0.0,1.0,0,-0.07225123701500369
2023-03-31,0.0,0.0,-0.0,0.0,0.0,1.3370596502214407,0.0,1.0,0,-0.07225123701500369
2023-04-03,0.0,0.0,-0.0,0.0,0.0,1.3370596502214407,0.0,1.0,0,-0.07225123701500369
2023-04-04,0.0,0.0,-0.0,0.0,0.0,1.3370596502214407,0.0,1.0,0,-0.07225123701500369
2023-04-06,0.0,0.0,-0.0,0.0,0.0,1.3370596502214407,0.0,1.0,0,-0.07225123701500369
2023-04-07,0.0,0.0,-0.0,0.0,0.0,1.3370596502214407,0.0,1.0,0,-0.07225123701500369
2023-04-10,0.0,0.0,-0.0,0.0,0.0,1.3370596502214407,0.0,1.0,0,-0.07225123701500369
2023-04-11,0.0,0.0,-0.0,0.0,0.0,1.3370596502214407,0.0,1.0,0,-0.07225123701500369
2023-04-12,0.0,0.0,-0.0,0.0,0.0,1.3370596502214407,0.0,1.0,0,-0.07225123701500369
2023-04-13,0.0,0.0,-0.0,0.0,0.0,1.3370596502214407,0.0,1.0,0,-0.07225123701500369
2023-04-14,0.0,0.0,-0.0,0.0,0.0,1.3370596502214407,0.0,1.0,0,-0.07225123701500369
2023-04-17,0.0,0.0,-0.0,0.0,0.0,1.3370596502214407,0.0,1.0,0,-0.07225123701500369
2023-04-18,0.0,0.0,-0.0,0.0,0.0,1.3370596502214407,0.0,1.0,0,-0.07225123701500369
2023-04-19,0.0,0.0,-0.0,0.0,0.0,1.3370596502214407,0.0,1.0,0,-0.07225123701500369
2023-04-20,0.0,0.0,-0.0,0.0,0.0,1.3370596502214407,0.0,1.0,0,-0.07225123701500369
2023-04-21,0.0,0.0,-0.0,0.0,0.0,1.3370596502214407,0.0,1.0,0,-0.07225123701500369
2023-04-24,0.0,0.0,-0.0,0.0,0.0,1.3370596502214407,0.0,1.0,0,-0.07225123701500369
2023-04-25,0.0,0.0,-0.0,0.0,0.0,1.3370596502214407,0.0,1.0,0,-0.07225123701500369
2023-04-26,0.0,0.0,-0.0,0.0,0.0,1.3370596502214407,0.0,1.0,0,-0.07225123701500369
2023-04-27,0.0,0.0,-0.0,0.0,0.0,1.3370596502214407,0.0,1.0,0,-0.07225123701500369
2023-04-28,0.0,0.0,-0.0,0.0,0.0,1.3370596502214407,0.0,1.0,0,-0.07225123701500369
2023-05-04,0.0,0.0,-0.0,0.0,0.0,1.3370596502214407,0.0,1.0,0,-0.07225123701500369
2023-05-05,0.0,0.0,-0.0,0.0,0.0,1.3370596502214407,0.0,1.0,0,-0.07225123701500369
2023-05-08,0.0,0.0,-0.0,0.0,0.0,1.3370596502214407,0.0,1.0,0,-0.07225123701500369
2023-05-09,0.0,0.0,-0.0,0.0,0.0,1.3370596502214407,0.0,1.0,0,-0.07225123701500369
2023-05-10,0.0,0.0,-0.0,0.0,0.0,1.3370596502214407,0.0,1.0,0,-0.07225123701500369
2023-05-11,0.0,0.0,-0.0,0.0,0.0,1.3370596502214407,0.0,1.0,0,-0.07225123701500369
2023-05-12,0.0,0.0,-0.0,0.0,0.0,1.3370596502214407,0.0,1.0,0,-0.07225123701500369
2023-05-15,0.0,0.0,-0.0,0.0,0.0,1.3370596502214407,0.0,1.0,0,-0.07225123701500369
2023-05-16,0.0,0.0,-0.0,0.0,0.0,1.3370596502214407,0.0,1.0,0,-0.07225123701500369
2023-05-17,0.0,0.0,-0.0,0.0,0.0,1.3370596502214407,0.0,1.0,0,-0.07225123701500369
2023-05-18,0.0,0.0,-0.0,0.0,0.0,1.3370596502214407,0.0,1.0,0,-0.07225123701500369
2023-05-19,0.0,0.0,-0.0,0.0,0.0,1.3370596502214407,0.0,1.0,0,-0.07225123701500369
2023-05-22,0.0,0.0,-0.0,0.0,0.0,1.3370596502214407,0.0,1.0,0,-0.07225123701500369
2023-05-23,0.0,0.0,-0.0,0.0,0.0,1.3370596502214407,0.0,1.0,0,-0.07225123701500369
2023-05-24,0.0,0.0,-0.0,0.0,0.0,1.3370596502214407,0.0,1.0,0,-0.07225123701500369
2023-05-25,0.0,0.0,-0.0,0.0,0.0,1.3370596502214407,0.0,1.0,0,-0.07225123701500369
2023-05-26,0.0,0.0,-0.0,0.0,0.0,1.3370596502214407,0.0,1.0,0,-0.07225123701500369
2023-05-29,0.0,0.0,-0.0,0.0,0.0,1.3370596502214407,0.0,1.0,0,-0.07225123701500369
2023-05-30,0.0,0.0,-0.0,0.0,0.0,1.3370596502214407,0.0,1.0,0,-0.07225123701500369
2023-05-31,0.0,0.0,-0.0,0.0,0.0,1.3370596502214407,0.0,1.0,0,-0.07225123701500369
2023-06-01,0.0,0.0,-0.0,0.0,0.0,1.3370596502214407,0.0,1.0,0,-0.07225123701500369
2023-06-02,0.0,0.0,-0.0,0.0,0.0,1.3370596502214407,0.0,1.0,0,-0.07225123701500369
2023-06-05,0.0,0.0,-0.0,0.0,0.0,1.3370596502214407,0.0,1.0,0,-0.07225123701500369
2023-06-06,0.0,0.0,-0.0,0.0,0.0,1.3370596502214407,0.0,1.0,0,-0.07225123701500369
2023-06-07,0.0,0.0,-0.0,0.0,0.0,1.3370596502214407,0.0,1.0,0,-0.07225123701500369
2023-06-08,0.0,0.0,-0.0,0.0,0.0,1.3370596502214407,0.0,1.0,0,-0.07225123701500369
2023-06-09,0.0,0.0,-0.0,0.0,0.0,1.3370596502214407,0.0,1.0,0,-0.07225123701500369
2023-06-12,0.0,0.0,-0.0,0.0,0.0,1.3370596502214407,0.0,1.0,0,-0.07225123701500369
2023-06-13,0.0,0.0,-0.0,0.0,0.0,1.3370596502214407,0.0,1.0,0,-0.07225123701500369
2023-06-14,0.0,0.0,-0.0,0.0,0.0,1.3370596502214407,0.0,1.0,0,-0.07225123701500369
2023-06-15,0.0,0.0,-0.0,0.0,0.0,1.3370596502214407,0.0,1.0,0,-0.07225123701500369
2023-06-16,0.0,0.0,-0.0,0.0,0.0,1.3370596502214407,0.0,1.0,0,-0.07225123701500369
2023-06-19,0.0,0.0,-0.0,0.0,0.0,1.3370596502214407,0.0,1.0,0,-0.07225123701500369
2023-06-20,0.0,0.0,-0.0,0.0,0.0,1.3370596502214407,0.0,1.0,0,-0.07225123701500369
2023-06-21,0.0,0.0,-0.0,0.0,0.0,1.3370596502214407,0.0,1.0,0,-0.07225123701500369
2023-06-26,0.0,0.0,-0.0,0.0,0.0,1.3370596502214407,0.0,1.0,0,-0.07225123701500369
2023-06-27,0.0,0.0,-0.0,0.0,0.0,1.3370596502214407,0.0,1.0,0,-0.07225123701500369
2023-06-28,0.0,0.0,-0.0,0.0,0.0,1.3370596502214407,0.0,1.0,0,-0.07225123701500369
2023-06-29,0.0,0.0,-0.0,0.0,0.0,1.3370596502214407,0.0,1.0,0,-0.07225123701500369
2023-06-30,0.0,0.0,-0.0,0.0,0.0,1.3370596502214407,0.0,1.0,0,-0.07225123701500369
2023-07-03,0.0,0.0,-0.0,0.0,0.0,1.3370596502214407,0.0,1.0,0,-0.07225123701500369
2023-07-04,0.0,0.0,-0.0,0.0,0.0,1.3370596502214407,0.0,1.0,0,-0.07225123701500369
2023-07-05,0.0,0.0,-0.0,0.0,0.0,1.3370596502214407,0.0,1.0,0,-0.07225123701500369
2023-07-06,0.0,0.0,-0.0,0.0,0.0,1.3370596502214407,0.0,1.0,0,-0.07225123701500369
2023-07-07,0.0,0.0,-0.0,0.0,0.0,1.3370596502214407,0.0,1.0,0,-0.07225123701500369
2023-07-10,0.0,0.0,-0.0,0.0,0.0,1.3370596502214407,0.0,1.0,0,-0.07225123701500369
2023-07-11,0.0,0.0,-0.0,0.0,0.0,1.3370596502214407,0.0,1.0,0,-0.07225123701500369
2023-07-12,0.0,0.0,-0.0,0.0,0.0,1.3370596502214407,0.0,1.0,0,-0.07225123701500369
2023-07-13,0.0,0.0,-0.0,0.0,0.0,1.3370596502214407,0.0,1.0,0,-0.07225123701500369
2023-07-14,0.0,0.0,-0.0,0.0,0.0,1.3370596502214407,0.0,1.0,0,-0.07225123701500369
2023-07-17,0.0,0.0,-0.0,0.0,0.0,1.3370596502214407,0.0,1.0,0,-0.07225123701500369
2023-07-18,0.0,0.0,-0.0,0.0,0.0,1.3370596502214407,0.0,1.0,0,-0.07225123701500369
2023-07-19,0.0,0.0,-0.0,0.0,0.0,1.3370596502214407,0.0,1.0,0,-0.07225123701500369
2023-07-20,0.0,0.0,-0.0,0.0,0.0,1.3370596502214407,0.0,1.0,0,-0.07225123701500369
2023-07-21,0.0,0.0,-0.0,0.0,0.0,1.3370596502214407,0.0,1.0,0,-0.07225123701500369
2023-07-24,0.0,0.0,-0.0,0.0,0.0,1.3370596502214407,0.0,1.0,0,-0.07225123701500369
2023-07-25,0.0,0.0,-0.0,0.0,0.0,1.3370596502214407,0.0,1.0,0,-0.07225123701500369
2023-07-26,0.0,0.0,-0.0,0.0,0.0,1.3370596502214407,0.0,1.0,0,-0.07225123701500369
2023-07-27,0.0,0.0,-0.0,0.0,0.0,1.3370596502214407,0.0,1.0,0,-0.07225123701500369
2023-07-28,0.0,0.0,-0.0,0.0,0.0,1.3370596502214407,0.0,1.0,0,-0.07225123701500369
2023-07-31,0.0,0.0,-0.0,0.0,0.0,1.3370596502214407,0.0,1.0,0,-0.07225123701500369
2023-08-01,-0.004562167885316641,1.0,-0.0,0.001,-0.005562167885316641,1.3296226999742264,1.0,0.0,3,-0.07741153139012091
2023-08-02,-0.0035607370904529034,0.0,-0.0,0.0,-0.0035607370904529034,1.32488826311012,1.0,0.0,3,-0.08069662636952435
2023-08-03,0.015561155566710116,0.0,-0.0,0.0,0.015561155566710116,1.345505055480885,1.0,0.0,3,-0.06639120355945904
2023-08-04,0.001321141195936589,0.0,-0.0,0.0,0.001321141195936589,1.3472826576390218,1.0,0.0,3,-0.06515777451759264
2023-08-07,-0.0047952997699051885,0.0,-0.0,0.0,-0.0047952997699051885,1.340822033420848,1.0,0.0,3,-0.06964062322634612
2023-08-08,-0.0027356746916954444,0.0,-0.0,0.0,-0.0027356746916954444,1.337153980517951,1.0,0.0,3,-0.07218578382756724
2023-08-09,-0.0036649513307678663,0.0,-0.0,0.0,-0.0036649513307678663,1.3322533762576103,1.0,0.0,3,-0.07558617777383381
2023-08-10,0.00861443875798773,0.0,-0.0,0.0,0.00861443875798773,1.343729991377504,1.0,0.0,3,-0.06762287151522894
2023-08-11,-0.025660435881379264,0.0,-0.0,0.0,-0.025660435881379264,1.3092492940918754,1.0,0.0,3,-0.0915480750379769
2023-08-14,-0.007741127696922183,0.0,-0.0,0.0,-0.007741127696922183,1.299114228119205,1.0,0.0,3,-0.09858051739562268
2023-08-15,0.007479367113258509,0.0,-0.0,0.0,0.007479367113258509,1.3088307803533659,1.0,0.0,3,-0.09183847016218105
2023-08-16,-0.0008819385246200036,0.0,-0.0,0.0,-0.0008819385246200036,1.3076764720659637,1.0,0.0,3,-0.0926394128019229
2023-08-17,0.005575809111777426,0.0,-0.0,0.0,0.005575809111777426,1.3149678264541662,1.0,0.0,3,-0.08758014337215603
2023-08-18,-0.012337252973958416,0.0,-0.0,0.0,-0.012337252973958416,1.2987447357265849,1.0,0.0,3,-0.0988368979618367
2023-08-21,-0.01700258172277861,0.0,-0.0,0.0,-0.01700258172277861,1.2766627222203653,1.0,0.0,3,-0.11415899724979306
2023-08-22,0.007707951150285959,0.0,-0.0,0.0,0.007707951150285959,1.286503176118631,1.0,0.0,3,-0.1073309780736742
2023-08-23,-0.012987014742349385,0.0,-0.0,0.0,-0.012987014742349385,1.269795340404299,1.0,0.0,3,-0.11892408382147002
2023-08-24,0.009569818942192738,0.0,-0.0,0.0,0.009569818942192738,1.281947051905608,1.0,0.0,3,-0.11049234682931497
2023-08-25,0.002348134344343074,0.0,-0.0,0.0,0.002348134344343074,1.2849572358058168,1.0,0.0,3,-0.10840366335934892
2023-08-28,0.012993482819702324,0.0,-0.0,0.0,0.012993482819702324,1.3016533055733117,1.0,0.0,3,-0.09681872167709915
2023-08-29,0.002024831810588249,0.0,-0.0,0.0,0.002024831810588249,1.304288934592794,1.0,0.0,3,-0.09498993149402324
2023-08-30,-0.013848315847952207,0.0,-0.0,0.0,-0.013848315847952207,1.286226729469564,1.0,0.0,3,-0.10752279676827081
2023-08-31,-0.011827542250150258,0.0,-0.0,0.0,-0.011827542250150258,1.2710138284834902,1.0,0.0,3,-0.11807860859678987
2023-09-01,0.0,0.0,1.0,0.001,-0.001,1.2697428146550067,0.0,1.0,0,-0.11896052998819306
2023-09-04,0.0,0.0,-0.0,0.0,0.0,1.2697428146550067,0.0,1.0,0,-0.11896052998819306
2023-09-05,0.0,0.0,-0.0,0.0,0.0,1.2697428146550067,0.0,1.0,0,-0.11896052998819306
2023-09-06,0.0,0.0,-0.0,0.0,0.0,1.2697428146550067,0.0,1.0,0,-0.11896052998819306
2023-09-07,0.0,0.0,-0.0,0.0,0.0,1.2697428146550067,0.0,1.0,0,-0.11896052998819306
2023-09-08,0.0,0.0,-0.0,0.0,0.0,1.2697428146550067,0.0,1.0,0,-0.11896052998819306
2023-09-11,0.0,0.0,-0.0,0.0,0.0,1.2697428146550067,0.0,1.0,0,-0.11896052998819306
2023-09-12,0.0,0.0,-0.0,0.0,0.0,1.2697428146550067,0.0,1.0,0,-0.11896052998819306
2023-09-13,0.0,0.0,-0.0,0.0,0.0,1.2697428146550067,0.0,1.0,0,-0.11896052998819306
2023-09-14,0.0,0.0,-0.0,0.0,0.0,1.2697428146550067,0.0,1.0,0,-0.11896052998819306
2023-09-15,0.0,0.0,-0.0,0.0,0.0,1.2697428146550067,0.0,1.0,0,-0.11896052998819306
2023-09-18,0.0,0.0,-0.0,0.0,0.0,1.2697428146550067,0.0,1.0,0,-0.11896052998819306
2023-09-19,0.0,0.0,-0.0,0.0,0.0,1.2697428146550067,0.0,1.0,0,-0.11896052998819306
2023-09-20,0.0,0.0,-0.0,0.0,0.0,1.2697428146550067,0.0,1.0,0,-0.11896052998819306
2023-09-21,0.0,0.0,-0.0,0.0,0.0,1.2697428146550067,0.0,1.0,0,-0.11896052998819306
2023-09-22,0.0,0.0,-0.0,0.0,0.0,1.2697428146550067,0.0,1.0,0,-0.11896052998819306
2023-09-25,0.0,0.0,-0.0,0.0,0.0,1.2697428146550067,0.0,1.0,0,-0.11896052998819306
2023-09-26,0.0,0.0,-0.0,0.0,0.0,1.2697428146550067,0.0,1.0,0,-0.11896052998819306
2023-09-27,0.0,0.0,-0.0,0.0,0.0,1.2697428146550067,0.0,1.0,0,-0.11896052998819306
2023-09-28,0.0,0.0,-0.0,0.0,0.0,1.2697428146550067,0.0,1.0,0,-0.11896052998819306
2023-10-09,0.0,0.0,-0.0,0.0,0.0,1.2697428146550067,0.0,1.0,0,-0.11896052998819306
2023-10-10,0.0,0.0,-0.0,0.0,0.0,1.2697428146550067,0.0,1.0,0,-0.11896052998819306
2023-10-11,0.0,0.0,-0.0,0.0,0.0,1.2697428146550067,0.0,1.0,0,-0.11896052998819306
2023-10-12,0.0,0.0,-0.0,0.0,0.0,1.2697428146550067,0.0,1.0,0,-0.11896052998819306
2023-10-13,0.0,0.0,-0.0,0.0,0.0,1.2697428146550067,0.0,1.0,0,-0.11896052998819306
2023-10-16,0.0,0.0,-0.0,0.0,0.0,1.2697428146550067,0.0,1.0,0,-0.11896052998819306
2023-10-17,0.0,0.0,-0.0,0.0,0.0,1.2697428146550067,0.0,1.0,0,-0.11896052998819306
2023-10-18,0.0,0.0,-0.0,0.0,0.0,1.2697428146550067,0.0,1.0,0,-0.11896052998819306
2023-10-19,0.0,0.0,-0.0,0.0,0.0,1.2697428146550067,0.0,1.0,0,-0.11896052998819306
2023-10-20,0.0,0.0,-0.0,0.0,0.0,1.2697428146550067,0.0,1.0,0,-0.11896052998819306
2023-10-23,0.0,0.0,-0.0,0.0,0.0,1.2697428146550067,0.0,1.0,0,-0.11896052998819306
2023-10-24,0.0,0.0,-0.0,0.0,0.0,1.2697428146550067,0.0,1.0,0,-0.11896052998819306
2023-10-25,0.0,0.0,-0.0,0.0,0.0,1.2697428146550067,0.0,1.0,0,-0.11896052998819306
2023-10-26,0.0,0.0,-0.0,0.0,0.0,1.2697428146550067,0.0,1.0,0,-0.11896052998819306
2023-10-27,0.0,0.0,-0.0,0.0,0.0,1.2697428146550067,0.0,1.0,0,-0.11896052998819306
2023-10-30,0.0,0.0,-0.0,0.0,0.0,1.2697428146550067,0.0,1.0,0,-0.11896052998819306
2023-10-31,0.0,0.0,-0.0,0.0,0.0,1.2697428146550067,0.0,1.0,0,-0.11896052998819306
2023-11-01,0.0,0.0,-0.0,0.0,0.0,1.2697428146550067,0.0,1.0,0,-0.11896052998819306
2023-11-02,0.0,0.0,-0.0,0.0,0.0,1.2697428146550067,0.0,1.0,0,-0.11896052998819306
2023-11-03,0.0,0.0,-0.0,0.0,0.0,1.2697428146550067,0.0,1.0,0,-0.11896052998819306
2023-11-06,0.0,0.0,-0.0,0.0,0.0,1.2697428146550067,0.0,1.0,0,-0.11896052998819306
2023-11-07,0.0,0.0,-0.0,0.0,0.0,1.2697428146550067,0.0,1.0,0,-0.11896052998819306
2023-11-08,0.0,0.0,-0.0,0.0,0.0,1.2697428146550067,0.0,1.0,0,-0.11896052998819306
2023-11-09,0.0,0.0,-0.0,0.0,0.0,1.2697428146550067,0.0,1.0,0,-0.11896052998819306
2023-11-10,0.0,0.0,-0.0,0.0,0.0,1.2697428146550067,0.0,1.0,0,-0.11896052998819306
2023-11-13,0.0,0.0,-0.0,0.0,0.0,1.2697428146550067,0.0,1.0,0,-0.11896052998819306
2023-11-14,0.0,0.0,-0.0,0.0,0.0,1.2697428146550067,0.0,1.0,0,-0.11896052998819306
2023-11-15,0.0,0.0,-0.0,0.0,0.0,1.2697428146550067,0.0,1.0,0,-0.11896052998819306
2023-11-16,0.0,0.0,-0.0,0.0,0.0,1.2697428146550067,0.0,1.0,0,-0.11896052998819306
2023-11-17,0.0,0.0,-0.0,0.0,0.0,1.2697428146550067,0.0,1.0,0,-0.11896052998819306
2023-11-20,0.0,0.0,-0.0,0.0,0.0,1.2697428146550067,0.0,1.0,0,-0.11896052998819306
2023-11-21,0.0,0.0,-0.0,0.0,0.0,1.2697428146550067,0.0,1.0,0,-0.11896052998819306
2023-11-22,0.0,0.0,-0.0,0.0,0.0,1.2697428146550067,0.0,1.0,0,-0.11896052998819306
2023-11-23,0.0,0.0,-0.0,0.0,0.0,1.2697428146550067,0.0,1.0,0,-0.11896052998819306
2023-11-24,0.0,0.0,-0.0,0.0,0.0,1.2697428146550067,0.0,1.0,0,-0.11896052998819306
2023-11-27,0.0,0.0,-0.0,0.0,0.0,1.2697428146550067,0.0,1.0,0,-0.11896052998819306
2023-11-28,0.0,0.0,-0.0,0.0,0.0,1.2697428146550067,0.0,1.0,0,-0.11896052998819306
2023-11-29,0.0,0.0,-0.0,0.0,0.0,1.2697428146550067,0.0,1.0,0,-0.11896052998819306
2023-11-30,0.0,0.0,-0.0,0.0,0.0,1.2697428146550067,0.0,1.0,0,-0.11896052998819306
2023-12-01,0.0,0.0,-0.0,0.0,0.0,1.2697428146550067,0.0,1.0,0,-0.11896052998819306
2023-12-04,0.0,0.0,-0.0,0.0,0.0,1.2697428146550067,0.0,1.0,0,-0.11896052998819306
2023-12-05,0.0,0.0,-0.0,0.0,0.0,1.2697428146550067,0.0,1.0,0,-0.11896052998819306
2023-12-06,0.0,0.0,-0.0,0.0,0.0,1.2697428146550067,0.0,1.0,0,-0.11896052998819306
2023-12-07,0.0,0.0,-0.0,0.0,0.0,1.2697428146550067,0.0,1.0,0,-0.11896052998819306
2023-12-08,0.0,0.0,-0.0,0.0,0.0,1.2697428146550067,0.0,1.0,0,-0.11896052998819306
2023-12-11,0.0,0.0,-0.0,0.0,0.0,1.2697428146550067,0.0,1.0,0,-0.11896052998819306
2023-12-12,0.0,0.0,-0.0,0.0,0.0,1.2697428146550067,0.0,1.0,0,-0.11896052998819306
2023-12-13,0.0,0.0,-0.0,0.0,0.0,1.2697428146550067,0.0,1.0,0,-0.11896052998819306
2023-12-14,0.0,0.0,-0.0,0.0,0.0,1.2697428146550067,0.0,1.0,0,-0.11896052998819306
2023-12-15,0.0,0.0,-0.0,0.0,0.0,1.2697428146550067,0.0,1.0,0,-0.11896052998819306
2023-12-18,0.0,0.0,-0.0,0.0,0.0,1.2697428146550067,0.0,1.0,0,-0.11896052998819306
2023-12-19,0.0,0.0,-0.0,0.0,0.0,1.2697428146550067,0.0,1.0,0,-0.11896052998819306
2023-12-20,0.0,0.0,-0.0,0.0,0.0,1.2697428146550067,0.0,1.0,0,-0.11896052998819306
2023-12-21,0.0,0.0,-0.0,0.0,0.0,1.2697428146550067,0.0,1.0,0,-0.11896052998819306
2023-12-22,0.0,0.0,-0.0,0.0,0.0,1.2697428146550067,0.0,1.0,0,-0.11896052998819306
2023-12-25,0.0,0.0,-0.0,0.0,0.0,1.2697428146550067,0.0,1.0,0,-0.11896052998819306
2023-12-26,0.0,0.0,-0.0,0.0,0.0,1.2697428146550067,0.0,1.0,0,-0.11896052998819306
2023-12-27,0.0,0.0,-0.0,0.0,0.0,1.2697428146550067,0.0,1.0,0,-0.11896052998819306
2023-12-28,0.0,0.0,-0.0,0.0,0.0,1.2697428146550067,0.0,1.0,0,-0.11896052998819306
2023-12-29,0.0,0.0,-0.0,0.0,0.0,1.2697428146550067,0.0,1.0,0,-0.11896052998819306
2024-01-02,0.0,0.0,-0.0,0.0,0.0,1.2697428146550067,0.0,1.0,0,-0.11896052998819306
2024-01-03,0.0,0.0,-0.0,0.0,0.0,1.2697428146550067,0.0,1.0,0,-0.11896052998819306
2024-01-04,0.0,0.0,-0.0,0.0,0.0,1.2697428146550067,0.0,1.0,0,-0.11896052998819306
2024-01-05,0.0,0.0,-0.0,0.0,0.0,1.2697428146550067,0.0,1.0,0,-0.11896052998819306
2024-01-08,0.0,0.0,-0.0,0.0,0.0,1.2697428146550067,0.0,1.0,0,-0.11896052998819306
2024-01-09,0.0,0.0,-0.0,0.0,0.0,1.2697428146550067,0.0,1.0,0,-0.11896052998819306
2024-01-10,0.0,0.0,-0.0,0.0,0.0,1.2697428146550067,0.0,1.0,0,-0.11896052998819306
2024-01-11,0.0,0.0,-0.0,0.0,0.0,1.2697428146550067,0.0,1.0,0,-0.11896052998819306
2024-01-12,0.0,0.0,-0.0,0.0,0.0,1.2697428146550067,0.0,1.0,0,-0.11896052998819306
2024-01-15,0.0,0.0,-0.0,0.0,0.0,1.2697428146550067,0.0,1.0,0,-0.11896052998819306
2024-01-16,0.0,0.0,-0.0,0.0,0.0,1.2697428146550067,0.0,1.0,0,-0.11896052998819306
2024-01-17,0.0,0.0,-0.0,0.0,0.0,1.2697428146550067,0.0,1.0,0,-0.11896052998819306
2024-01-18,0.0,0.0,-0.0,0.0,0.0,1.2697428146550067,0.0,1.0,0,-0.11896052998819306
2024-01-19,0.0,0.0,-0.0,0.0,0.0,1.2697428146550067,0.0,1.0,0,-0.11896052998819306
2024-01-22,0.0,0.0,-0.0,0.0,0.0,1.2697428146550067,0.0,1.0,0,-0.11896052998819306
2024-01-23,0.0,0.0,-0.0,0.0,0.0,1.2697428146550067,0.0,1.0,0,-0.11896052998819306
2024-01-24,0.0,0.0,-0.0,0.0,0.0,1.2697428146550067,0.0,1.0,0,-0.11896052998819306
2024-01-25,0.0,0.0,-0.0,0.0,0.0,1.2697428146550067,0.0,1.0,0,-0.11896052998819306
2024-01-26,0.0,0.0,-0.0,0.0,0.0,1.2697428146550067,0.0,1.0,0,-0.11896052998819306
2024-01-29,0.0,0.0,-0.0,0.0,0.0,1.2697428146550067,0.0,1.0,0,-0.11896052998819306
2024-01-30,0.0,0.0,-0.0,0.0,0.0,1.2697428146550067,0.0,1.0,0,-0.11896052998819306
2024-01-31,0.0,0.0,-0.0,0.0,0.0,1.2697428146550067,0.0,1.0,0,-0.11896052998819306
2024-02-01,0.0,0.0,-0.0,0.0,0.0,1.2697428146550067,0.0,1.0,0,-0.11896052998819306
2024-02-02,0.0,0.0,-0.0,0.0,0.0,1.2697428146550067,0.0,1.0,0,-0.11896052998819306
2024-02-05,0.0,0.0,-0.0,0.0,0.0,1.2697428146550067,0.0,1.0,0,-0.11896052998819306
2024-02-06,0.0,0.0,-0.0,0.0,0.0,1.2697428146550067,0.0,1.0,0,-0.11896052998819306
2024-02-07,0.0,0.0,-0.0,0.0,0.0,1.2697428146550067,0.0,1.0,0,-0.11896052998819306
2024-02-08,0.0,0.0,-0.0,0.0,0.0,1.2697428146550067,0.0,1.0,0,-0.11896052998819306
2024-02-19,0.0,0.0,-0.0,0.0,0.0,1.2697428146550067,0.0,1.0,0,-0.11896052998819306
2024-02-20,0.0,0.0,-0.0,0.0,0.0,1.2697428146550067,0.0,1.0,0,-0.11896052998819306
2024-02-21,0.0,0.0,-0.0,0.0,0.0,1.2697428146550067,0.0,1.0,0,-0.11896052998819306
2024-02-22,0.0,0.0,-0.0,0.0,0.0,1.2697428146550067,0.0,1.0,0,-0.11896052998819306
2024-02-23,0.0,0.0,-0.0,0.0,0.0,1.2697428146550067,0.0,1.0,0,-0.11896052998819306
2024-02-26,0.0,0.0,-0.0,0.0,0.0,1.2697428146550067,0.0,1.0,0,-0.11896052998819306
2024-02-27,0.0,0.0,-0.0,0.0,0.0,1.2697428146550067,0.0,1.0,0,-0.11896052998819306
2024-02-28,0.0,0.0,-0.0,0.0,0.0,1.2697428146550067,0.0,1.0,0,-0.11896052998819306
2024-02-29,0.0,0.0,-0.0,0.0,0.0,1.2697428146550067,0.0,1.0,0,-0.11896052998819306
2024-03-01,0.0,0.0,-0.0,0.0,0.0,1.2697428146550067,0.0,1.0,0,-0.11896052998819306
2024-03-04,0.0,0.0,-0.0,0.0,0.0,1.2697428146550067,0.0,1.0,0,-0.11896052998819306
2024-03-05,0.0,0.0,-0.0,0.0,0.0,1.2697428146550067,0.0,1.0,0,-0.11896052998819306
2024-03-06,0.0,0.0,-0.0,0.0,0.0,1.2697428146550067,0.0,1.0,0,-0.11896052998819306
2024-03-07,0.0,0.0,-0.0,0.0,0.0,1.2697428146550067,0.0,1.0,0,-0.11896052998819306
2024-03-08,0.0,0.0,-0.0,0.0,0.0,1.2697428146550067,0.0,1.0,0,-0.11896052998819306
2024-03-11,0.0,0.0,-0.0,0.0,0.0,1.2697428146550067,0.0,1.0,0,-0.11896052998819306
2024-03-12,0.0,0.0,-0.0,0.0,0.0,1.2697428146550067,0.0,1.0,0,-0.11896052998819306
2024-03-13,0.0,0.0,-0.0,0.0,0.0,1.2697428146550067,0.0,1.0,0,-0.11896052998819306
2024-03-14,0.0,0.0,-0.0,0.0,0.0,1.2697428146550067,0.0,1.0,0,-0.11896052998819306
2024-03-15,0.0,0.0,-0.0,0.0,0.0,1.2697428146550067,0.0,1.0,0,-0.11896052998819306
2024-03-18,0.0,0.0,-0.0,0.0,0.0,1.2697428146550067,0.0,1.0,0,-0.11896052998819306
2024-03-19,0.0,0.0,-0.0,0.0,0.0,1.2697428146550067,0.0,1.0,0,-0.11896052998819306
2024-03-20,0.0,0.0,-0.0,0.0,0.0,1.2697428146550067,0.0,1.0,0,-0.11896052998819306
2024-03-21,0.0,0.0,-0.0,0.0,0.0,1.2697428146550067,0.0,1.0,0,-0.11896052998819306
2024-03-22,0.0,0.0,-0.0,0.0,0.0,1.2697428146550067,0.0,1.0,0,-0.11896052998819306
2024-03-25,0.0,0.0,-0.0,0.0,0.0,1.2697428146550067,0.0,1.0,0,-0.11896052998819306
2024-03-26,0.0,0.0,-0.0,0.0,0.0,1.2697428146550067,0.0,1.0,0,-0.11896052998819306
2024-03-27,0.0,0.0,-0.0,0.0,0.0,1.2697428146550067,0.0,1.0,0,-0.11896052998819306
2024-03-28,0.0,0.0,-0.0,0.0,0.0,1.2697428146550067,0.0,1.0,0,-0.11896052998819306
2024-03-29,0.0,0.0,-0.0,0.0,0.0,1.2697428146550067,0.0,1.0,0,-0.11896052998819306
2024-04-01,0.0,0.0,-0.0,0.0,0.0,1.2697428146550067,0.0,1.0,0,-0.11896052998819306
2024-04-02,0.0,0.0,-0.0,0.0,0.0,1.2697428146550067,0.0,1.0,0,-0.11896052998819306
2024-04-03,0.0,0.0,-0.0,0.0,0.0,1.2697428146550067,0.0,1.0,0,-0.11896052998819306
2024-04-08,0.0,0.0,-0.0,0.0,0.0,1.2697428146550067,0.0,1.0,0,-0.11896052998819306
2024-04-09,0.0,0.0,-0.0,0.0,0.0,1.2697428146550067,0.0,1.0,0,-0.11896052998819306
2024-04-10,0.0,0.0,-0.0,0.0,0.0,1.2697428146550067,0.0,1.0,0,-0.11896052998819306
2024-04-11,0.0,0.0,-0.0,0.0,0.0,1.2697428146550067,0.0,1.0,0,-0.11896052998819306
2024-04-12,0.0,0.0,-0.0,0.0,0.0,1.2697428146550067,0.0,1.0,0,-0.11896052998819306
2024-04-15,0.0,0.0,-0.0,0.0,0.0,1.2697428146550067,0.0,1.0,0,-0.11896052998819306
2024-04-16,0.0,0.0,-0.0,0.0,0.0,1.2697428146550067,0.0,1.0,0,-0.11896052998819306
2024-04-17,0.0,0.0,-0.0,0.0,0.0,1.2697428146550067,0.0,1.0,0,-0.11896052998819306
2024-04-18,0.0,0.0,-0.0,0.0,0.0,1.2697428146550067,0.0,1.0,0,-0.11896052998819306
2024-04-19,0.0,0.0,-0.0,0.0,0.0,1.2697428146550067,0.0,1.0,0,-0.11896052998819306
2024-04-22,0.0,0.0,-0.0,0.0,0.0,1.2697428146550067,0.0,1.0,0,-0.11896052998819306
2024-04-23,0.0,0.0,-0.0,0.0,0.0,1.2697428146550067,0.0,1.0,0,-0.11896052998819306
2024-04-24,0.0,0.0,-0.0,0.0,0.0,1.2697428146550067,0.0,1.0,0,-0.11896052998819306
2024-04-25,0.0,0.0,-0.0,0.0,0.0,1.2697428146550067,0.0,1.0,0,-0.11896052998819306
2024-04-26,0.0,0.0,-0.0,0.0,0.0,1.2697428146550067,0.0,1.0,0,-0.11896052998819306
2024-04-29,0.0,0.0,-0.0,0.0,0.0,1.2697428146550067,0.0,1.0,0,-0.11896052998819306
2024-04-30,0.0,0.0,-0.0,0.0,0.0,1.2697428146550067,0.0,1.0,0,-0.11896052998819306
2024-05-06,0.0,0.0,-0.0,0.0,0.0,1.2697428146550067,0.0,1.0,0,-0.11896052998819306
2024-05-07,0.0,0.0,-0.0,0.0,0.0,1.2697428146550067,0.0,1.0,0,-0.11896052998819306
2024-05-08,0.0,0.0,-0.0,0.0,0.0,1.2697428146550067,0.0,1.0,0,-0.11896052998819306
2024-05-09,0.0,0.0,-0.0,0.0,0.0,1.2697428146550067,0.0,1.0,0,-0.11896052998819306
2024-05-10,0.0,0.0,-0.0,0.0,0.0,1.2697428146550067,0.0,1.0,0,-0.11896052998819306
2024-05-13,0.0,0.0,-0.0,0.0,0.0,1.2697428146550067,0.0,1.0,0,-0.11896052998819306
2024-05-14,0.0,0.0,-0.0,0.0,0.0,1.2697428146550067,0.0,1.0,0,-0.11896052998819306
2024-05-15,0.0,0.0,-0.0,0.0,0.0,1.2697428146550067,0.0,1.0,0,-0.11896052998819306
2024-05-16,0.0,0.0,-0.0,0.0,0.0,1.2697428146550067,0.0,1.0,0,-0.11896052998819306
2024-05-17,0.0,0.0,-0.0,0.0,0.0,1.2697428146550067,0.0,1.0,0,-0.11896052998819306
2024-05-20,0.0,0.0,-0.0,0.0,0.0,1.2697428146550067,0.0,1.0,0,-0.11896052998819306
2024-05-21,0.0,0.0,-0.0,0.0,0.0,1.2697428146550067,0.0,1.0,0,-0.11896052998819306
2024-05-22,0.0,0.0,-0.0,0.0,0.0,1.2697428146550067,0.0,1.0,0,-0.11896052998819306
2024-05-23,0.0,0.0,-0.0,0.0,0.0,1.2697428146550067,0.0,1.0,0,-0.11896052998819306
2024-05-24,0.0,0.0,-0.0,0.0,0.0,1.2697428146550067,0.0,1.0,0,-0.11896052998819306
2024-05-27,0.0,0.0,-0.0,0.0,0.0,1.2697428146550067,0.0,1.0,0,-0.11896052998819306
2024-05-28,0.0,0.0,-0.0,0.0,0.0,1.2697428146550067,0.0,1.0,0,-0.11896052998819306
2024-05-29,0.0,0.0,-0.0,0.0,0.0,1.2697428146550067,0.0,1.0,0,-0.11896052998819306
2024-05-30,0.0,0.0,-0.0,0.0,0.0,1.2697428146550067,0.0,1.0,0,-0.11896052998819306
2024-05-31,0.0,0.0,-0.0,0.0,0.0,1.2697428146550067,0.0,1.0,0,-0.11896052998819306
2024-06-03,0.0,0.0,-0.0,0.0,0.0,1.2697428146550067,0.0,1.0,0,-0.11896052998819306
2024-06-04,0.0,0.0,-0.0,0.0,0.0,1.2697428146550067,0.0,1.0,0,-0.11896052998819306
2024-06-05,0.0,0.0,-0.0,0.0,0.0,1.2697428146550067,0.0,1.0,0,-0.11896052998819306
2024-06-06,0.0,0.0,-0.0,0.0,0.0,1.2697428146550067,0.0,1.0,0,-0.11896052998819306
2024-06-07,0.0,0.0,-0.0,0.0,0.0,1.2697428146550067,0.0,1.0,0,-0.11896052998819306
2024-06-11,0.0,0.0,-0.0,0.0,0.0,1.2697428146550067,0.0,1.0,0,-0.11896052998819306
2024-06-12,0.0,0.0,-0.0,0.0,0.0,1.2697428146550067,0.0,1.0,0,-0.11896052998819306
2024-06-13,0.0,0.0,-0.0,0.0,0.0,1.2697428146550067,0.0,1.0,0,-0.11896052998819306
2024-06-14,0.0,0.0,-0.0,0.0,0.0,1.2697428146550067,0.0,1.0,0,-0.11896052998819306
2024-06-17,0.0,0.0,-0.0,0.0,0.0,1.2697428146550067,0.0,1.0,0,-0.11896052998819306
2024-06-18,0.0,0.0,-0.0,0.0,0.0,1.2697428146550067,0.0,1.0,0,-0.11896052998819306
2024-06-19,0.0,0.0,-0.0,0.0,0.0,1.2697428146550067,0.0,1.0,0,-0.11896052998819306
2024-06-20,0.0,0.0,-0.0,0.0,0.0,1.2697428146550067,0.0,1.0,0,-0.11896052998819306
2024-06-21,0.0,0.0,-0.0,0.0,0.0,1.2697428146550067,0.0,1.0,0,-0.11896052998819306
2024-06-24,0.0,0.0,-0.0,0.0,0.0,1.2697428146550067,0.0,1.0,0,-0.11896052998819306
2024-06-25,0.0,0.0,-0.0,0.0,0.0,1.2697428146550067,0.0,1.0,0,-0.11896052998819306
2024-06-26,0.0,0.0,-0.0,0.0,0.0,1.2697428146550067,0.0,1.0,0,-0.11896052998819306
2024-06-27,0.0,0.0,-0.0,0.0,0.0,1.2697428146550067,0.0,1.0,0,-0.11896052998819306
2024-06-28,0.0,0.0,-0.0,0.0,0.0,1.2697428146550067,0.0,1.0,0,-0.11896052998819306
2024-07-01,0.0,0.0,-0.0,0.0,0.0,1.2697428146550067,0.0,1.0,0,-0.11896052998819306
2024-07-02,0.0,0.0,-0.0,0.0,0.0,1.2697428146550067,0.0,1.0,0,-0.11896052998819306
2024-07-03,0.0,0.0,-0.0,0.0,0.0,1.2697428146550067,0.0,1.0,0,-0.11896052998819306
2024-07-04,0.0,0.0,-0.0,0.0,0.0,1.2697428146550067,0.0,1.0,0,-0.11896052998819306
2024-07-05,0.0,0.0,-0.0,0.0,0.0,1.2697428146550067,0.0,1.0,0,-0.11896052998819306
2024-07-08,0.0,0.0,-0.0,0.0,0.0,1.2697428146550067,0.0,1.0,0,-0.11896052998819306
2024-07-09,0.0,0.0,-0.0,0.0,0.0,1.2697428146550067,0.0,1.0,0,-0.11896052998819306
2024-07-10,0.0,0.0,-0.0,0.0,0.0,1.2697428146550067,0.0,1.0,0,-0.11896052998819306
2024-07-11,0.0,0.0,-0.0,0.0,0.0,1.2697428146550067,0.0,1.0,0,-0.11896052998819306
2024-07-12,0.0,0.0,-0.0,0.0,0.0,1.2697428146550067,0.0,1.0,0,-0.11896052998819306
2024-07-15,0.0,0.0,-0.0,0.0,0.0,1.2697428146550067,0.0,1.0,0,-0.11896052998819306
2024-07-16,0.0,0.0,-0.0,0.0,0.0,1.2697428146550067,0.0,1.0,0,-0.11896052998819306
2024-07-17,0.0,0.0,-0.0,0.0,0.0,1.2697428146550067,0.0,1.0,0,-0.11896052998819306
2024-07-18,0.0,0.0,-0.0,0.0,0.0,1.2697428146550067,0.0,1.0,0,-0.11896052998819306
2024-07-19,0.0,0.0,-0.0,0.0,0.0,1.2697428146550067,0.0,1.0,0,-0.11896052998819306
2024-07-22,0.0,0.0,-0.0,0.0,0.0,1.2697428146550067,0.0,1.0,0,-0.11896052998819306
2024-07-23,0.0,0.0,-0.0,0.0,0.0,1.2697428146550067,0.0,1.0,0,-0.11896052998819306
2024-07-24,0.0,0.0,-0.0,0.0,0.0,1.2697428146550067,0.0,1.0,0,-0.11896052998819306
2024-07-25,0.0,0.0,-0.0,0.0,0.0,1.2697428146550067,0.0,1.0,0,-0.11896052998819306
2024-07-26,0.0,0.0,-0.0,0.0,0.0,1.2697428146550067,0.0,1.0,0,-0.11896052998819306
2024-07-29,0.0,0.0,-0.0,0.0,0.0,1.2697428146550067,0.0,1.0,0,-0.11896052998819306
2024-07-30,0.0,0.0,-0.0,0.0,0.0,1.2697428146550067,0.0,1.0,0,-0.11896052998819306
2024-07-31,0.0,0.0,-0.0,0.0,0.0,1.2697428146550067,0.0,1.0,0,-0.11896052998819306
2024-08-01,0.0,0.0,-0.0,0.0,0.0,1.2697428146550067,0.0,1.0,0,-0.11896052998819306
2024-08-02,0.0,0.0,-0.0,0.0,0.0,1.2697428146550067,0.0,1.0,0,-0.11896052998819306
2024-08-05,0.0,0.0,-0.0,0.0,0.0,1.2697428146550067,0.0,1.0,0,-0.11896052998819306
2024-08-06,0.0,0.0,-0.0,0.0,0.0,1.2697428146550067,0.0,1.0,0,-0.11896052998819306
2024-08-07,0.0,0.0,-0.0,0.0,0.0,1.2697428146550067,0.0,1.0,0,-0.11896052998819306
2024-08-08,0.0,0.0,-0.0,0.0,0.0,1.2697428146550067,0.0,1.0,0,-0.11896052998819306
2024-08-09,0.0,0.0,-0.0,0.0,0.0,1.2697428146550067,0.0,1.0,0,-0.11896052998819306
2024-08-12,0.0,0.0,-0.0,0.0,0.0,1.2697428146550067,0.0,1.0,0,-0.11896052998819306
2024-08-13,0.0,0.0,-0.0,0.0,0.0,1.2697428146550067,0.0,1.0,0,-0.11896052998819306
2024-08-14,0.0,0.0,-0.0,0.0,0.0,1.2697428146550067,0.0,1.0,0,-0.11896052998819306
2024-08-15,0.0,0.0,-0.0,0.0,0.0,1.2697428146550067,0.0,1.0,0,-0.11896052998819306
2024-08-16,0.0,0.0,-0.0,0.0,0.0,1.2697428146550067,0.0,1.0,0,-0.11896052998819306
2024-08-19,0.0,0.0,-0.0,0.0,0.0,1.2697428146550067,0.0,1.0,0,-0.11896052998819306
2024-08-20,0.0,0.0,-0.0,0.0,0.0,1.2697428146550067,0.0,1.0,0,-0.11896052998819306
2024-08-21,0.0,0.0,-0.0,0.0,0.0,1.2697428146550067,0.0,1.0,0,-0.11896052998819306
2024-08-22,0.0,0.0,-0.0,0.0,0.0,1.2697428146550067,0.0,1.0,0,-0.11896052998819306
2024-08-23,0.0,0.0,-0.0,0.0,0.0,1.2697428146550067,0.0,1.0,0,-0.11896052998819306
2024-08-26,0.0,0.0,-0.0,0.0,0.0,1.2697428146550067,0.0,1.0,0,-0.11896052998819306
2024-08-27,0.0,0.0,-0.0,0.0,0.0,1.2697428146550067,0.0,1.0,0,-0.11896052998819306
2024-08-28,0.0,0.0,-0.0,0.0,0.0,1.2697428146550067,0.0,1.0,0,-0.11896052998819306
2024-08-29,0.0,0.0,-0.0,0.0,0.0,1.2697428146550067,0.0,1.0,0,-0.11896052998819306
2024-08-30,0.0,0.0,-0.0,0.0,0.0,1.2697428146550067,0.0,1.0,0,-0.11896052998819306
2024-09-02,0.0,0.0,-0.0,0.0,0.0,1.2697428146550067,0.0,1.0,0,-0.11896052998819306
2024-09-03,0.0,0.0,-0.0,0.0,0.0,1.2697428146550067,0.0,1.0,0,-0.11896052998819306
2024-09-04,0.0,0.0,-0.0,0.0,0.0,1.2697428146550067,0.0,1.0,0,-0.11896052998819306
2024-09-05,0.0,0.0,-0.0,0.0,0.0,1.2697428146550067,0.0,1.0,0,-0.11896052998819306
2024-09-06,0.0,0.0,-0.0,0.0,0.0,1.2697428146550067,0.0,1.0,0,-0.11896052998819306
2024-09-09,0.0,0.0,-0.0,0.0,0.0,1.2697428146550067,0.0,1.0,0,-0.11896052998819306
2024-09-10,0.0,0.0,-0.0,0.0,0.0,1.2697428146550067,0.0,1.0,0,-0.11896052998819306
2024-09-11,0.0,0.0,-0.0,0.0,0.0,1.2697428146550067,0.0,1.0,0,-0.11896052998819306
2024-09-12,0.0,0.0,-0.0,0.0,0.0,1.2697428146550067,0.0,1.0,0,-0.11896052998819306
2024-09-13,0.0,0.0,-0.0,0.0,0.0,1.2697428146550067,0.0,1.0,0,-0.11896052998819306
2024-09-18,0.0,0.0,-0.0,0.0,0.0,1.2697428146550067,0.0,1.0,0,-0.11896052998819306
2024-09-19,0.0,0.0,-0.0,0.0,0.0,1.2697428146550067,0.0,1.0,0,-0.11896052998819306
2024-09-20,0.0,0.0,-0.0,0.0,0.0,1.2697428146550067,0.0,1.0,0,-0.11896052998819306
2024-09-23,0.0,0.0,-0.0,0.0,0.0,1.2697428146550067,0.0,1.0,0,-0.11896052998819306
2024-09-24,0.0,0.0,-0.0,0.0,0.0,1.2697428146550067,0.0,1.0,0,-0.11896052998819306
2024-09-25,0.0,0.0,-0.0,0.0,0.0,1.2697428146550067,0.0,1.0,0,-0.11896052998819306
2024-09-26,0.0,0.0,-0.0,0.0,0.0,1.2697428146550067,0.0,1.0,0,-0.11896052998819306
2024-09-27,0.0,0.0,-0.0,0.0,0.0,1.2697428146550067,0.0,1.0,0,-0.11896052998819306
2024-09-30,0.0,0.0,-0.0,0.0,0.0,1.2697428146550067,0.0,1.0,0,-0.11896052998819306
2024-10-08,0.09717549358266264,1.0,-0.0,0.001,0.09617549358266264,1.3918609565774913,1.0,0.0,3,-0.034226124094000054
2024-10-09,-0.09805994066334604,0.0,-0.0,0.0,-0.09805994066334604,1.2553751537638744,1.0,0.0,3,-0.12892985305955218
2024-10-10,-0.01877789567516567,0.0,-0.0,0.0,-0.01877789567516567,1.2318018500933015,1.0,0.0,3,-0.145286717404551
2024-10-11,-0.025505934944613465,0.0,-0.0,0.0,-0.025505934944613465,1.200383592240167,1.0,0.0,3,-0.16708697878672762
2024-10-14,0.013843319431200872,0.0,-0.0,0.0,0.013843319431200872,1.21700088574752,1.0,0.0,3,-0.15555669777566572
2024-10-15,-0.03324206049069448,0.0,-0.0,0.0,-0.03324206049069448,1.1765452686862723,1.0,0.0,3,-0.1836277331091689
2024-10-16,-0.00928338661675284,0.0,-0.0,0.0,-0.00928338661675284,1.1656229440849462,1.0,0.0,3,-0.19120643248591151
2024-10-17,-0.008880392370869534,0.0,-0.0,0.0,-0.008880392370869534,1.1552717549849836,1.0,0.0,3,-0.19838883671247198
2024-10-18,0.06143370254178652,0.0,-0.0,0.0,0.06143370254178652,1.2262443763356587,1.0,0.0,3,-0.14914289495289057
2024-10-21,-0.004960873467702206,0.0,-0.0,0.0,-0.004960873467702206,1.2201611331441762,1.0,0.0,3,-0.15336388939012469
2024-10-22,0.007944081963325484,0.0,-0.0,0.0,0.007944081963325484,1.2298541931943374,1.0,0.0,3,-0.14663814273432885
2024-10-23,-0.0005169259465670852,0.0,-0.0,0.0,-0.0005169259465670852,1.229218449651381,1.0,0.0,3,-0.1470792676201601
2024-10-24,-0.01039355530080488,0.0,-0.0,0.0,-0.01039355530080488,1.2164424997181598,1.0,0.0,3,-0.15594414641935295
2024-10-25,0.015477613708701597,0.0,-0.0,0.0,0.015477613708701597,1.2352701268276447,1.0,0.0,3,-0.14288017596906333
2024-10-28,0.007399025818552747,0.0,-0.0,0.0,0.007399025818552747,1.2444099223889293,1.0,0.0,3,-0.13653832426146506
2024-10-29,-0.019688877582845356,0.0,-0.0,0.0,-0.019688877582845356,1.2199088877641358,1.0,0.0,3,-0.1535389154925595
2024-10-30,-0.006635386418186395,0.0,-0.0,0.0,-0.006635386418186395,1.2118143208988408,1.0,0.0,3,-0.15915551187622345
2024-10-31,0.010637590578813786,0.0,-0.0,0.0,0.010637590578813786,1.224705105502106,1.0,0.0,3,-0.15021095247111038
2024-11-01,-0.016500779239607095,1.0,1.0,0.002,-0.018500779239607093,1.2020471067115919,1.0,0.0,3,-0.1659327120396784
2024-11-04,0.012083244940643759,0.0,-0.0,0.0,0.012083244940643759,1.2165717363321802,1.0,0.0,3,-0.15585447270227537
2024-11-05,0.034814345360680246,0.0,-0.0,0.0,0.034814345360680246,1.258925884916891,1.0,0.0,3,-0.12646609878025894
2024-11-06,0.001177402997430003,0.0,-0.0,0.0,0.001177402997430003,1.2604081480273344,1.0,0.0,3,-0.1254375973466061
2024-11-07,0.019597406478198073,0.0,-0.0,0.0,0.019597406478198073,1.2851088788326588,1.0,0.0,3,-0.10829844245125808
2024-11-08,-0.0030319854578744194,0.0,-0.0,0.0,-0.0030319854578744194,1.2812124474002529,1.0,0.0,3,-0.11100206860650985
2024-11-11,0.032055120396948425,0.0,-0.0,0.0,0.032055120396948425,1.3222818666557368,1.0,0.0,3,-0.0825051328830535
2024-11-12,-0.011495937141499732,0.0,-0.0,0.0,-0.011495937141499732,1.3070809974333175,1.0,0.0,3,-0.09305259620307849
2024-11-13,0.005079139528820849,0.0,-0.0,0.0,0.005079139528820849,1.3137198441947515,1.0,0.0,3,-0.0884460837938923
2024-11-14,-0.030274851332703724,0.0,-0.0,0.0,-0.030274851332703724,1.2739471712189328,1.0,0.0,3,-0.116043243088776
2024-11-15,-0.03240708567238474,0.0,-0.0,0.0,-0.03240708567238474,1.2326622560991487,1.0,0.0,3,-0.14468970544068138
2024-11-18,-0.016005363572090443,0.0,-0.0,0.0,-0.016005363572090443,1.2129330485286884,1.0,0.0,3,-0.15837925767205507
2024-11-19,0.027845188949687346,0.0,-0.0,0.0,0.027845188949687346,1.2467073984482901,1.0,0.0,3,-0.13494416907795725
2024-11-20,0.0034234306059237607,0.0,-0.0,0.0,0.0034234306059237607,1.2509754147127696,1.0,0.0,3,-0.131982710470546
2024-11-21,0.002418874770828694,0.0,-0.0,0.0,0.002418874770828694,1.2540013675823454,1.0,0.0,3,-0.12988308534825999
2024-11-22,-0.03823671900439196,0.0,-0.0,0.0,-0.03823671900439196,1.206052469658976,1.0,0.0,3,-0.16315350131476702
2024-11-25,-0.0019794949300061906,0.0,-0.0,0.0,-0.0019794949300061906,1.2036650949099648,1.0,0.0,3,-0.16481003471610778
2024-11-26,-0.01046889811229205,0.0,-0.0,0.0,-0.01046889811229205,1.19106404767003,1.0,0.0,3,-0.17355355336707357
2024-11-27,0.024842858839822842,0.0,-0.0,0.0,0.024842858839822842,1.2206534836754845,1.0,0.0,3,-0.15302226095469873
2024-11-28,-0.006219679782586381,0.0,-0.0,0.0,-0.006219679782586381,1.2130614098815244,1.0,0.0,3,-0.15829019127453947
2024-11-29,0.017178482664821876,0.0,-0.0,0.0,0.017178482664821876,1.2338999642825386,1.0,0.0,3,-0.1438308939165387
2024-12-02,0.0,0.0,1.0,0.001,-0.001,1.232666064318256,0.0,1.0,0,-0.14468706302262213
2024-12-03,0.0,0.0,-0.0,0.0,0.0,1.232666064318256,0.0,1.0,0,-0.14468706302262213
2024-12-04,0.0,0.0,-0.0,0.0,0.0,1.232666064318256,0.0,1.0,0,-0.14468706302262213
2024-12-05,0.0,0.0,-0.0,0.0,0.0,1.232666064318256,0.0,1.0,0,-0.14468706302262213
2024-12-06,0.0,0.0,-0.0,0.0,0.0,1.232666064318256,0.0,1.0,0,-0.14468706302262213
2024-12-09,0.0,0.0,-0.0,0.0,0.0,1.232666064318256,0.0,1.0,0,-0.14468706302262213
2024-12-10,0.0,0.0,-0.0,0.0,0.0,1.232666064318256,0.0,1.0,0,-0.14468706302262213
2024-12-11,0.0,0.0,-0.0,0.0,0.0,1.232666064318256,0.0,1.0,0,-0.14468706302262213
2024-12-12,0.0,0.0,-0.0,0.0,0.0,1.232666064318256,0.0,1.0,0,-0.14468706302262213
2024-12-13,0.0,0.0,-0.0,0.0,0.0,1.232666064318256,0.0,1.0,0,-0.14468706302262213
2024-12-16,0.0,0.0,-0.0,0.0,0.0,1.232666064318256,0.0,1.0,0,-0.14468706302262213
2024-12-17,0.0,0.0,-0.0,0.0,0.0,1.232666064318256,0.0,1.0,0,-0.14468706302262213
2024-12-18,0.0,0.0,-0.0,0.0,0.0,1.232666064318256,0.0,1.0,0,-0.14468706302262213
2024-12-19,0.0,0.0,-0.0,0.0,0.0,1.232666064318256,0.0,1.0,0,-0.14468706302262213
2024-12-20,0.0,0.0,-0.0,0.0,0.0,1.232666064318256,0.0,1.0,0,-0.14468706302262213
2024-12-23,0.0,0.0,-0.0,0.0,0.0,1.232666064318256,0.0,1.0,0,-0.14468706302262213
2024-12-24,0.0,0.0,-0.0,0.0,0.0,1.232666064318256,0.0,1.0,0,-0.14468706302262213
2024-12-25,0.0,0.0,-0.0,0.0,0.0,1.232666064318256,0.0,1.0,0,-0.14468706302262213
2024-12-26,0.0,0.0,-0.0,0.0,0.0,1.232666064318256,0.0,1.0,0,-0.14468706302262213
2024-12-27,0.0,0.0,-0.0,0.0,0.0,1.232666064318256,0.0,1.0,0,-0.14468706302262213
2024-12-30,0.0,0.0,-0.0,0.0,0.0,1.232666064318256,0.0,1.0,0,-0.14468706302262213
2024-12-31,0.0,0.0,-0.0,0.0,0.0,1.232666064318256,0.0,1.0,0,-0.14468706302262213
2025-01-02,0.0,0.0,-0.0,0.0,0.0,1.232666064318256,0.0,1.0,0,-0.14468706302262213
2025-01-03,0.0,0.0,-0.0,0.0,0.0,1.232666064318256,0.0,1.0,0,-0.14468706302262213
2025-01-06,0.0,0.0,-0.0,0.0,0.0,1.232666064318256,0.0,1.0,0,-0.14468706302262213
2025-01-07,0.0,0.0,-0.0,0.0,0.0,1.232666064318256,0.0,1.0,0,-0.14468706302262213
2025-01-08,0.0,0.0,-0.0,0.0,0.0,1.232666064318256,0.0,1.0,0,-0.14468706302262213
2025-01-09,0.0,0.0,-0.0,0.0,0.0,1.232666064318256,0.0,1.0,0,-0.14468706302262213
2025-01-10,0.0,0.0,-0.0,0.0,0.0,1.232666064318256,0.0,1.0,0,-0.14468706302262213
2025-01-13,0.0,0.0,-0.0,0.0,0.0,1.232666064318256,0.0,1.0,0,-0.14468706302262213
2025-01-14,0.0,0.0,-0.0,0.0,0.0,1.232666064318256,0.0,1.0,0,-0.14468706302262213
2025-01-15,0.0,0.0,-0.0,0.0,0.0,1.232666064318256,0.0,1.0,0,-0.14468706302262213
2025-01-16,0.0,0.0,-0.0,0.0,0.0,1.232666064318256,0.0,1.0,0,-0.14468706302262213
2025-01-17,0.0,0.0,-0.0,0.0,0.0,1.232666064318256,0.0,1.0,0,-0.14468706302262213
2025-01-20,0.0,0.0,-0.0,0.0,0.0,1.232666064318256,0.0,1.0,0,-0.14468706302262213
2025-01-21,0.0,0.0,-0.0,0.0,0.0,1.232666064318256,0.0,1.0,0,-0.14468706302262213
2025-01-22,0.0,0.0,-0.0,0.0,0.0,1.232666064318256,0.0,1.0,0,-0.14468706302262213
2025-01-23,0.0,0.0,-0.0,0.0,0.0,1.232666064318256,0.0,1.0,0,-0.14468706302262213
2025-01-24,0.0,0.0,-0.0,0.0,0.0,1.232666064318256,0.0,1.0,0,-0.14468706302262213
2025-01-27,0.0,0.0,-0.0,0.0,0.0,1.232666064318256,0.0,1.0,0,-0.14468706302262213
2025-02-05,-0.0019723865877712132,1.0,-0.0,0.001,-0.0029723865877712132,1.2290021042414758,1.0,0.0,1,-0.14722938372484085
2025-02-06,0.027667984189723382,0.0,-0.0,0.0,0.027667984189723382,1.2630061150307657,1.0,0.0,1,-0.12363493979627915
2025-02-07,0.02451923076923057,0.0,-0.0,0.0,0.02451923076923057,1.2939740534281543,1.0,0.0,1,-0.10214714264705349
2025-02-10,0.005161895823557083,0.0,-0.0,0.0,0.005161895823557083,1.3006534126903364,1.0,0.0,1,-0.0975125197325144
2025-02-11,-0.013538748832866432,0.0,-0.0,0.0,-0.013538748832866432,1.2830441928173113,1.0,0.0,1,-0.10973107105266244
2025-02-12,0.017510648367250248,0.0,-0.0,0.0,0.017510648367250248,1.3055111285173777,1.0,0.0,1,-0.09414188488557718
2025-02-13,-0.006976744186046546,0.0,-0.0,0.0,-0.006976744186046546,1.296402911341675,1.0,0.0,1,-0.10046182522358471
2025-02-14,0.01826697892271678,0.0,-0.0,0.0,0.01826697892271678,1.320084275998502,1.0,0.0,1,-0.08402998034476483
2025-02-17,0.0036798528058876734,0.0,-0.0,0.0,0.0036798528058876734,1.3249419918255434,1.0,0.0,1,-0.0806593454978275
2025-02-18,-0.019248395967002674,0.0,-0.0,0.0,-0.019248395967002674,1.299438983733576,1.0,0.0,1,-0.09835517844424879
2025-02-19,0.02102803738317749,0.0,-0.0,0.0,0.02102803738317749,1.3267636352606837,1.0,0.0,1,-0.07939535743022619
2025-02-20,-0.0004576659038900699,0.0,-0.0,0.0,-0.0004576659038900699,1.3261564207823038,1.0,0.0,1,-0.07981668678609322
2025-02-21,0.025183150183150094,0.0,-0.0,0.0,0.025183150183150094,1.3595532170932134,1.0,0.0,1,-0.05664357221339866
2025-02-24,-0.008039303260384045,0.0,-0.0,0.0,-0.008039303260384045,1.3486233564823704,1.0,0.0,1,-0.06422750061900762
2025-02-25,-0.010805943268797802,0.0,-0.0,0.0,-0.010805943268797802,1.3340502090012463,1.0,0.0,1,-0.07433940515981974
2025-02-26,0.011834319526627057,0.0,-0.0,0.0,0.011834319526627057,1.3498377854391306,1.0,0.0,1,-0.06338484190727345
2025-02-27,-0.004948268106162668,0.0,-0.0,0.0,-0.004948268106162668,1.343158426176949,1.0,0.0,1,-0.0680194648218122
2025-02-28,-0.03797468354430378,0.0,-0.0,0.0,-0.03797468354430378,1.2921524099930142,1.0,0.0,1,-0.10341113071465469
2025-03-03,-0.012356575463371544,1.0,1.0,0.002,-0.014356575463371544,1.2736015264087721,1.0,0.0,1,-0.11628307647616876
2025-03-04,0.01787310098302064,0.0,-0.0,0.0,0.01787310098302064,1.2963647351024052,1.0,0.0,1,-0.100488314661623
2025-03-05,0.0026338893766459925,0.0,-0.0,0.0,0.0026338893766459925,1.2997792164064499,1.0,0.0,1,-0.09811910038944138
2025-03-06,0.034150612959719995,0.0,-0.0,0.0,0.034150612959719995,1.3441674733590347,1.0,0.0,1,-0.06731931485107712
2025-03-07,-0.011854360711261669,0.0,-0.0,0.0,-0.011854360711261669,1.3282332272734916,1.0,0.0,1,-0.07837564812125908
2025-03-10,-0.003427592116538092,0.0,-0.0,0.0,-0.003427592116538092,1.323680585534765,1.0,0.0,1,-0.08153460048416805
2025-03-11,-0.004299226139295009,0.0,-0.0,0.0,-0.004299226139295009,1.3179897833613567,1.0,0.0,1,-0.0854832909378046
2025-03-12,-0.006908462867012077,0.0,-0.0,0.0,-0.006908462867012077,1.3088844998839035,1.0,0.0,1,-0.09180119566362277
2025-03-13,-0.02086956521739136,0.0,-0.0,0.0,-0.02086956521739136,1.2815686494515437,1.0,0.0,1,-0.11075490984107772
2025-03-14,0.017761989342806483,0.0,-0.0,0.0,0.017761989342806483,1.3043318581451768,1.0,0.0,1,-0.09496014802653197
2025-03-17,-0.005235602094240788,0.0,-0.0,0.0,-0.005235602094240788,1.2975028955370869,1.0,0.0,1,-0.09969857657089576
2025-03-18,0.0052631578947368585,0.0,-0.0,0.0,0.0052631578947368585,1.3043318581451768,1.0,0.0,1,-0.09496014802653197
2025-03-19,-0.01308900523560197,0.0,-0.0,0.0,-0.01308900523560197,1.2872594516249523,1.0,0.0,1,-0.10680621938744106
2025-03-20,-0.010610079575596787,0.0,-0.0,0.0,-0.010610079575596787,1.2736015264087723,1.0,0.0,1,-0.11628307647616853
2025-03-21,-0.02144772117962468,0.0,-0.0,0.0,-0.02144772117962468,1.2462856759764125,1.0,0.0,1,-0.13523679065362348
2025-03-24,0.005479452054794498,0.0,-0.0,0.0,0.005479452054794498,1.2531146385845024,1.0,0.0,1,-0.1304983621092597
2025-03-25,-0.016348773841961872,0.0,-0.0,0.0,-0.016348773841961872,1.2326277507602326,1.0,0.0,1,-0.14471364774235096
2025-03-26,-0.001846722068328699,0.0,-0.0,0.0,-0.001846722068328699,1.2303514298908693,1.0,0.0,1,-0.14629312392380545
2025-03-27,0.010175763182238784,0.0,-0.0,0.0,0.010175763182238784,1.2428711946723676,1.0,0.0,1,-0.13760600492580521
2025-03-28,-0.010073260073260148,0.0,-0.0,0.0,-0.010073260073260148,1.2303514298908693,1.0,0.0,1,-0.14629312392380545
2025-03-31,-0.006475485661424529,0.0,-0.0,0.0,-0.006475485661424529,1.2223843068480977,1.0,0.0,1,-0.15182129055889648
2025-04-01,0.0,0.0,1.0,0.001,-0.001,1.2211619225412496,0.0,1.0,0,-0.15266946926833758
2025-04-02,0.0,0.0,-0.0,0.0,0.0,1.2211619225412496,0.0,1.0,0,-0.15266946926833758
2025-04-03,0.0,0.0,-0.0,0.0,0.0,1.2211619225412496,0.0,1.0,0,-0.15266946926833758
2025-04-07,0.0,0.0,-0.0,0.0,0.0,1.2211619225412496,0.0,1.0,0,-0.15266946926833758
2025-04-08,0.0,0.0,-0.0,0.0,0.0,1.2211619225412496,0.0,1.0,0,-0.15266946926833758
2025-04-09,0.0,0.0,-0.0,0.0,0.0,1.2211619225412496,0.0,1.0,0,-0.15266946926833758
2025-04-10,0.0,0.0,-0.0,0.0,0.0,1.2211619225412496,0.0,1.0,0,-0.15266946926833758
2025-04-11,0.0,0.0,-0.0,0.0,0.0,1.2211619225412496,0.0,1.0,0,-0.15266946926833758
2025-04-14,0.0,0.0,-0.0,0.0,0.0,1.2211619225412496,0.0,1.0,0,-0.15266946926833758
2025-04-15,0.0,0.0,-0.0,0.0,0.0,1.2211619225412496,0.0,1.0,0,-0.15266946926833758
2025-04-16,0.0,0.0,-0.0,0.0,0.0,1.2211619225412496,0.0,1.0,0,-0.15266946926833758
2025-04-17,0.0,0.0,-0.0,0.0,0.0,1.2211619225412496,0.0,1.0,0,-0.15266946926833758
2025-04-18,0.0,0.0,-0.0,0.0,0.0,1.2211619225412496,0.0,1.0,0,-0.15266946926833758
2025-04-21,0.0,0.0,-0.0,0.0,0.0,1.2211619225412496,0.0,1.0,0,-0.15266946926833758
2025-04-22,0.0,0.0,-0.0,0.0,0.0,1.2211619225412496,0.0,1.0,0,-0.15266946926833758
2025-04-23,0.0,0.0,-0.0,0.0,0.0,1.2211619225412496,0.0,1.0,0,-0.15266946926833758
2025-04-24,0.0,0.0,-0.0,0.0,0.0,1.2211619225412496,0.0,1.0,0,-0.15266946926833758
2025-04-25,0.0,0.0,-0.0,0.0,0.0,1.2211619225412496,0.0,1.0,0,-0.15266946926833758
2025-04-28,0.0,0.0,-0.0,0.0,0.0,1.2211619225412496,0.0,1.0,0,-0.15266946926833758
2025-04-29,0.0,0.0,-0.0,0.0,0.0,1.2211619225412496,0.0,1.0,0,-0.15266946926833758
2025-04-30,0.0,0.0,-0.0,0.0,0.0,1.2211619225412496,0.0,1.0,0,-0.15266946926833758
2025-05-06,0.0,0.0,-0.0,0.0,0.0,1.2211619225412496,0.0,1.0,0,-0.15266946926833758
2025-05-07,0.0,0.0,-0.0,0.0,0.0,1.2211619225412496,0.0,1.0,0,-0.15266946926833758
2025-05-08,0.0,0.0,-0.0,0.0,0.0,1.2211619225412496,0.0,1.0,0,-0.15266946926833758
2025-05-09,0.0,0.0,-0.0,0.0,0.0,1.2211619225412496,0.0,1.0,0,-0.15266946926833758
2025-05-12,0.0,0.0,-0.0,0.0,0.0,1.2211619225412496,0.0,1.0,0,-0.15266946926833758
2025-05-13,0.0,0.0,-0.0,0.0,0.0,1.2211619225412496,0.0,1.0,0,-0.15266946926833758
2025-05-14,0.0,0.0,-0.0,0.0,0.0,1.2211619225412496,0.0,1.0,0,-0.15266946926833758
2025-05-15,0.0,0.0,-0.0,0.0,0.0,1.2211619225412496,0.0,1.0,0,-0.15266946926833758
2025-05-16,0.0,0.0,-0.0,0.0,0.0,1.2211619225412496,0.0,1.0,0,-0.15266946926833758
2025-05-19,0.0,0.0,-0.0,0.0,0.0,1.2211619225412496,0.0,1.0,0,-0.15266946926833758
2025-05-20,0.0,0.0,-0.0,0.0,0.0,1.2211619225412496,0.0,1.0,0,-0.15266946926833758
2025-05-21,0.0,0.0,-0.0,0.0,0.0,1.2211619225412496,0.0,1.0,0,-0.15266946926833758
2025-05-22,0.0,0.0,-0.0,0.0,0.0,1.2211619225412496,0.0,1.0,0,-0.15266946926833758
2025-05-23,0.0,0.0,-0.0,0.0,0.0,1.2211619225412496,0.0,1.0,0,-0.15266946926833758
2025-05-26,0.0,0.0,-0.0,0.0,0.0,1.2211619225412496,0.0,1.0,0,-0.15266946926833758
2025-05-27,0.0,0.0,-0.0,0.0,0.0,1.2211619225412496,0.0,1.0,0,-0.15266946926833758
2025-05-28,0.0,0.0,-0.0,0.0,0.0,1.2211619225412496,0.0,1.0,0,-0.15266946926833758
2025-05-29,0.0,0.0,-0.0,0.0,0.0,1.2211619225412496,0.0,1.0,0,-0.15266946926833758
2025-05-30,0.0,0.0,-0.0,0.0,0.0,1.2211619225412496,0.0,1.0,0,-0.15266946926833758
2025-06-03,0.0,0.0,-0.0,0.0,0.0,1.2211619225412496,0.0,1.0,0,-0.15266946926833758
2025-06-04,0.0,0.0,-0.0,0.0,0.0,1.2211619225412496,0.0,1.0,0,-0.15266946926833758
2025-06-05,0.0,0.0,-0.0,0.0,0.0,1.2211619225412496,0.0,1.0,0,-0.15266946926833758
2025-06-06,0.0,0.0,-0.0,0.0,0.0,1.2211619225412496,0.0,1.0,0,-0.15266946926833758
2025-06-09,0.0,0.0,-0.0,0.0,0.0,1.2211619225412496,0.0,1.0,0,-0.15266946926833758
2025-06-10,0.0,0.0,-0.0,0.0,0.0,1.2211619225412496,0.0,1.0,0,-0.15266946926833758
2025-06-11,0.0,0.0,-0.0,0.0,0.0,1.2211619225412496,0.0,1.0,0,-0.15266946926833758
2025-06-12,0.0,0.0,-0.0,0.0,0.0,1.2211619225412496,0.0,1.0,0,-0.15266946926833758
2025-06-13,0.0,0.0,-0.0,0.0,0.0,1.2211619225412496,0.0,1.0,0,-0.15266946926833758
2025-06-16,0.0,0.0,-0.0,0.0,0.0,1.2211619225412496,0.0,1.0,0,-0.15266946926833758
2025-06-17,0.0,0.0,-0.0,0.0,0.0,1.2211619225412496,0.0,1.0,0,-0.15266946926833758
2025-06-18,0.0,0.0,-0.0,0.0,0.0,1.2211619225412496,0.0,1.0,0,-0.15266946926833758
2025-06-19,0.0,0.0,-0.0,0.0,0.0,1.2211619225412496,0.0,1.0,0,-0.15266946926833758
2025-06-20,0.0,0.0,-0.0,0.0,0.0,1.2211619225412496,0.0,1.0,0,-0.15266946926833758
2025-06-23,0.0,0.0,-0.0,0.0,0.0,1.2211619225412496,0.0,1.0,0,-0.15266946926833758
2025-06-24,0.0,0.0,-0.0,0.0,0.0,1.2211619225412496,0.0,1.0,0,-0.15266946926833758
2025-06-25,0.0,0.0,-0.0,0.0,0.0,1.2211619225412496,0.0,1.0,0,-0.15266946926833758
2025-06-26,0.0,0.0,-0.0,0.0,0.0,1.2211619225412496,0.0,1.0,0,-0.15266946926833758
2025-06-27,0.0,0.0,-0.0,0.0,0.0,1.2211619225412496,0.0,1.0,0,-0.15266946926833758
2025-06-30,0.0,0.0,-0.0,0.0,0.0,1.2211619225412496,0.0,1.0,0,-0.15266946926833758
2025-07-01,-0.0039121257649715,1.0,-0.0,0.001,-0.0049121257649715,1.2151634215983327,1.0,0.0,3,-0.1568316633997915
2025-07-02,-0.001328906158628055,0.0,-0.0,0.0,-0.001328906158628055,1.2135485834436313,1.0,0.0,3,-0.15795215499505955
2025-07-03,0.011783251338473317,0.0,-0.0,0.0,0.011783251338473317,1.2278481314137957,1.0,0.0,3,-0.14803009359834662
2025-07-04,-0.004010341593323067,0.0,-0.0,0.0,-0.004010341593323067,1.222924040982103,1.0,0.0,3,-0.1514467839502487
2025-07-07,-0.004693558253634045,0.0,-0.0,0.0,-0.004693558253634045,1.2171841757559838,1.0,0.0,3,-0.15542951790108683
2025-07-08,0.02271205724659131,0.0,-0.0,0.0,0.02271205724659131,1.2448289324353987,1.0,0.0,3,-0.13624758476287513
2025-07-09,-0.0016840780670499913,0.0,-0.0,0.0,-0.0016840780670499913,1.2427325433330552,1.0,0.0,3,-0.13770221126073734
2025-07-10,0.007732935896363146,0.0,-0.0,0.0,0.007732935896363146,1.252342514426974,1.0,0.0,3,-0.13103411773684093
2025-07-11,0.008614334801564446,0.0,-0.0,0.0,0.008614334801564446,1.2631306121324808,1.0,0.0,3,-0.12354855469588943
2025-07-14,-0.003648336979059345,0.0,-0.0,0.0,-0.003648336979059345,1.258522286010856,1.0,0.0,3,-0.12674614491414238
2025-07-15,-6.530606516919101e-05,0.0,-0.0,0.0,-6.530606516919101e-05,1.258440096872429,1.0,0.0,3,-0.12680317368731175
2025-07-16,-0.0027326946135763546,0.0,-0.0,0.0,-0.0027326946135763546,1.255001164398197,1.0,0.0,3,-0.12918935395116848
2025-07-17,0.011341676558497493,0.0,-0.0,0.0,0.011341676558497493,1.2692349816853392,1.0,0.0,3,-0.11931290125998639
2025-07-18,0.004203638260736664,0.0,-0.0,0.0,0.004203638260736664,1.274570386416217,1.0,0.0,3,-0.11561081127598583
2025-07-21,0.012335997481073944,0.0,-0.0,0.0,0.012335997481073944,1.2902934834924988,1.0,0.0,3,-0.10470098847159737
2025-07-22,0.01009048933815504,0.0,-0.0,0.0,0.01009048933815504,1.3033131761307708,1.0,0.0,3,-0.0956669833413093
2025-07-23,-0.0004131739298532571,0.0,-0.0,0.0,-0.0004131739298532571,1.3027746811039593,1.0,0.0,3,-0.09604063016769815
2025-07-24,0.02340281233019977,0.0,-0.0,0.0,0.02340281233019977,1.3332632724743712,1.0,0.0,3,-0.0748854386813872
2025-07-25,-0.0037945572384845043,0.0,-0.0,0.0,-0.0037945572384845043,1.328204128672998,1.0,0.0,3,-0.07839583883646617
2025-07-28,0.005316154288103577,0.0,-0.0,0.0,0.005316154288103577,1.3352650667471198,1.0,0.0,3,-0.07349644892316254
2025-07-29,0.010080276389799284,0.0,-0.0,0.0,0.010080276389799284,1.3487249076735746,1.0,0.0,3,-0.06415703705217746
2025-07-30,-0.016528156147863477,0.0,-0.0,0.0,-0.016528156147863477,1.3264329717990329,1.0,0.0,3,-0.07962479567365843
2025-07-31,-0.023367005850847868,0.0,-0.0,0.0,-0.023367005850847868,1.2954382047862474,1.0,0.0,3,-0.10113120845812729
2025-08-01,-0.012954787605673201,1.0,1.0,0.002,-0.014954787605673201,1.2760652015773946,1.0,0.0,2,-0.11457360032100405
2025-08-04,0.005957836846929521,0.0,-0.0,0.0,0.005957836846929521,1.2836677898544369,1.0,0.0,2,-0.10929837429175249
2025-08-05,0.004709480528684251,0.0,-0.0,0.0,0.004709480528684251,1.2897131983160555,1.0,0.0,2,-0.10510363232861208
2025-08-06,0.0005868814982042392,0.0,-0.0,0.0,0.0005868814982042392,1.290470107130137,1.0,0.0,2,-0.10457843420761548
2025-08-07,-0.004107772883658711,0.0,-0.0,0.0,-0.004107772883658711,1.2851691490168957,1.0,0.0,2,-0.10825662263502067
2025-08-08,-0.008422745832817713,0.0,-0.0,0.0,-0.008422745832817713,1.2743444959225478,1.0,0.0,2,-0.11576755045066434
2025-08-11,0.004424957750530201,0.0,-0.0,0.0,0.004424957750530201,1.2799834164766257,1.0,0.0,2,-0.11185485921976068
2025-08-12,0.010747993522245647,0.0,-0.0,0.0,0.010747993522245647,1.2937406699454983,1.0,0.0,2,-0.10230908099984082
2025-08-13,0.016258460679645426,0.0,-0.0,0.0,0.016258460679645426,1.3147749017574653,1.0,0.0,2,-0.08771400849080202
2025-08-14,0.00038323965252939907,0.0,-0.0,0.0,0.00038323965252939907,1.3152787756339692,1.0,0.0,2,-0.08736438432440852
2025-08-15,0.0094148924946722,0.0,-0.0,0.0,0.0094148924946722,1.3276619839070871,1.0,0.0,2,-0.07877201811601386
2025-08-18,0.011993513997092586,0.0,-0.0,0.0,0.011993513997092586,1.3435853164944844,1.0,0.0,2,-0.0677232574207749
2025-08-19,-0.01386771123613234,0.0,-0.0,0.0,-0.01386771123613234,1.3249528633042316,1.0,0.0,2,-0.08065180207902567
2025-08-20,0.021105496287978087,0.0,-0.0,0.0,0.021105496287978087,1.352916651042445,1.0,0.0,2,-0.06124850210044508
2025-08-21,0.0060240963855421326,0.0,-0.0,0.0,0.0060240963855421326,1.3610667513499297,1.0,0.0,2,-0.05559337259502606
2025-08-22,0.052361242510249095,0.0,-0.0,0.0,0.052361242510249095,1.4323338975900002,1.0,0.0,2,-0.006143068149187858
2025-08-25,0.02426410815898694,0.0,-0.0,0.0,0.02426410815898694,1.4670882022009073,1.0,0.0,2,0.0
