date,hs300,zz500,cyb,kc50,securities,consumer,medicine,new_energy,dividend
2020-01-02,4.149,5.813,1.765,,1.049,3.025,1.895,,2.934
2020-01-03,4.139,5.824,1.764,,1.045,3.008,1.887,,2.927
2020-01-06,4.123,5.89,1.788,,1.045,3.013,1.867,,2.921
2020-01-07,4.155,5.966,1.822,,1.053,3.08,1.889,,2.941
2020-01-08,4.114,5.883,1.792,,1.021,3.059,1.871,,2.921
2020-01-09,4.158,5.957,1.839,,1.036,3.107,1.919,,2.944
2020-01-10,4.157,5.932,1.831,,1.038,3.097,1.93,,2.935
2020-01-13,4.202,6.031,1.862,,1.05,3.143,1.942,,2.946
2020-01-14,4.184,6.005,1.85,,1.036,3.118,1.924,,2.961
2020-01-15,4.152,5.987,1.847,,1.031,3.123,1.932,,2.951
2020-01-16,4.146,5.995,1.856,,1.026,3.129,1.932,,2.947
2020-01-17,4.151,5.961,1.858,,1.031,3.104,1.961,,2.784
2020-01-20,4.181,6.061,1.905,,1.046,3.099,1.98,,2.784
2020-01-21,4.105,5.99,1.892,,1.028,3.033,2.002,,2.733
2020-01-22,4.119,6.036,1.918,,1.035,3.022,1.978,,2.729
2020-01-23,3.996,5.811,1.853,,0.994,2.907,1.931,,2.667
2020-02-03,3.659,5.339,1.708,,0.895,2.616,1.805,,2.418
2020-02-04,3.77,5.429,1.816,,0.892,2.723,1.888,,2.482
2020-02-05,3.807,5.546,1.871,,0.905,2.775,1.954,,2.514
2020-02-06,3.897,5.711,1.93,,0.928,2.861,2.013,,2.52
2020-02-07,3.888,5.766,1.94,,0.929,2.895,1.986,,2.514
2020-02-10,3.901,5.822,1.961,,0.938,2.931,1.965,,2.557
2020-02-11,3.943,5.796,1.947,,0.937,2.949,1.976,,2.571
2020-02-12,3.971,5.914,2.006,,0.953,2.959,2.0,,2.578
2020-02-13,3.95,5.861,1.988,,0.937,2.944,1.982,,2.562
2020-02-14,3.977,5.868,1.987,,0.954,2.967,1.986,,2.577
2020-02-17,4.064,6.067,2.071,,1.004,3.018,2.02,,2.622
2020-02-18,4.039,6.116,2.09,,0.997,3.002,2.004,,2.624
2020-02-19,4.04,6.067,2.054,,0.999,3.041,1.974,,2.622
2020-02-20,4.131,6.181,2.105,,1.068,3.099,1.999,,2.658
2020-02-21,4.145,6.279,2.145,,1.064,3.083,2.002,,2.674
2020-02-24,4.112,6.337,2.178,,1.065,3.048,1.996,,2.656
2020-02-25,4.104,6.379,2.195,,1.073,3.039,2.015,,2.622
2020-02-26,4.07,6.217,2.102,,1.053,3.012,1.953,,2.629
2020-02-27,4.071,6.215,2.111,,1.055,3.058,1.965,,2.631
2020-02-28,3.933,5.906,1.995,,0.987,2.932,1.904,,2.558
2020-03-02,4.076,6.122,2.054,,1.036,3.023,1.949,,2.637
2020-03-03,4.073,6.164,2.092,,1.046,3.049,2.0,,2.644
2020-03-04,4.102,6.184,2.088,,1.075,3.1,1.999,,2.668
2020-03-05,4.2,6.263,2.121,,1.108,3.25,2.062,,2.69
2020-03-06,4.121,6.227,2.111,,1.067,3.189,2.06,,2.667
2020-03-09,3.99,5.997,2.013,,1.034,3.092,2.003,,2.596
2020-03-10,4.078,6.13,2.063,,1.068,3.153,2.028,,2.633
2020-03-11,4.011,6.04,2.024,,1.037,3.138,1.994,,2.617
2020-03-12,3.948,5.962,1.971,,1.025,3.051,1.933,,2.576
2020-03-13,3.889,5.919,1.952,,1.016,3.007,1.89,,2.532
2020-03-16,3.726,5.632,1.832,,0.959,2.884,1.835,,2.474
2020-03-17,3.693,5.643,1.842,,0.961,2.843,1.832,,2.451
2020-03-18,3.631,5.558,1.818,,0.93,2.832,1.817,,2.425
2020-03-19,3.596,5.608,1.825,,0.942,2.794,1.793,,2.382
2020-03-20,3.644,5.649,1.847,,0.954,2.873,1.839,,2.407
2020-03-23,3.526,5.423,1.761,,0.912,2.787,1.805,,2.332
2020-03-24,3.611,5.5,1.806,,0.936,2.881,1.865,,2.374
2020-03-25,3.706,5.633,1.86,,0.951,2.946,1.925,,2.431
2020-03-26,3.683,5.579,1.853,,0.934,2.942,1.964,,2.413
2020-03-27,3.7,5.555,1.83,,0.941,2.965,1.966,,2.426
2020-03-30,3.666,5.448,1.791,,0.932,2.964,1.935,,2.404
2020-03-31,3.669,5.448,1.795,,0.927,3.08,1.961,,2.399
2020-04-01,3.673,5.428,1.792,,0.922,3.05,1.926,,2.383
2020-04-02,3.723,5.589,1.844,,0.94,3.071,1.958,,2.409
2020-04-03,3.697,5.522,1.834,,0.926,3.09,1.978,,2.402
2020-04-07,3.78,5.686,1.894,,0.948,3.193,2.028,,2.437
2020-04-08,3.765,5.703,1.89,,0.943,3.16,2.022,,2.438
2020-04-09,3.776,5.756,1.921,,0.952,3.168,2.074,,2.437
2020-04-10,3.764,5.652,1.877,,0.939,3.174,2.052,,2.42
2020-04-13,3.743,5.594,1.853,,0.929,3.138,2.063,,2.41
2020-04-14,3.805,5.714,1.909,,0.954,3.196,2.092,,2.434
2020-04-15,3.783,5.703,1.899,,0.944,3.165,2.081,,2.425
2020-04-16,3.785,5.748,1.932,,0.952,3.157,2.085,,2.417
2020-04-17,3.819,5.755,1.943,,0.95,3.184,2.071,,2.424
2020-04-20,3.835,5.817,1.969,,0.954,3.201,2.083,,2.427
2020-04-21,3.795,5.78,1.949,,0.936,3.16,2.068,,2.411
2020-04-22,3.829,5.834,1.967,,0.939,3.265,2.112,,2.412
2020-04-23,3.822,5.804,1.951,,0.931,3.277,2.112,,2.404
2020-04-24,3.79,5.718,1.93,,0.915,3.283,2.079,,2.386
2020-04-27,3.807,5.698,1.939,,0.913,3.302,2.125,,2.397
2020-04-28,3.831,5.654,1.951,,0.925,3.363,2.125,,2.379
2020-04-29,3.851,5.665,1.952,,0.926,3.283,2.096,,2.411
2020-04-30,3.908,5.807,1.993,,0.947,3.282,2.092,,2.452
2020-05-06,3.918,5.897,2.029,,0.95,3.303,2.129,,2.451
2020-05-07,3.911,5.89,2.025,,0.943,3.349,2.132,,2.452
2020-05-08,3.953,5.965,2.042,,0.961,3.365,2.153,,2.469
2020-05-11,3.946,5.942,2.024,,0.954,3.323,2.12,,2.467
2020-05-12,3.945,5.957,2.043,,0.951,3.349,2.144,,2.456
2020-05-13,3.954,5.988,2.058,,0.951,3.394,2.177,,2.458
2020-05-14,3.921,5.957,2.036,,0.938,3.348,2.175,,2.434
2020-05-15,3.902,5.968,2.042,,0.94,3.325,2.154,,2.429
2020-05-18,3.914,5.937,2.039,,0.936,3.414,2.192,,2.429
2020-05-19,3.943,6.004,2.061,,0.941,3.417,2.207,,2.437
2020-05-20,3.927,5.957,2.041,,0.934,3.386,2.187,,2.421
2020-05-21,3.901,5.886,2.02,,0.926,3.376,2.198,,2.413
2020-05-22,3.815,5.785,1.972,,0.905,3.29,2.142,,2.379
2020-05-25,3.817,5.761,1.975,,0.9,3.357,2.172,,2.378
2020-05-26,3.863,5.869,2.038,,0.909,3.377,2.209,,2.39
2020-05-27,3.845,5.832,1.997,,0.899,3.343,2.166,,2.402
2020-05-28,3.85,5.816,1.982,,0.911,3.333,2.136,,2.406
2020-05-29,3.866,5.864,2.006,,0.907,3.37,2.158,,2.392
2020-06-01,3.968,6.061,2.082,,0.946,3.46,2.2,,2.432
2020-06-02,3.979,6.055,2.067,,0.943,3.449,2.182,,2.438
2020-06-03,3.978,6.045,2.06,,0.934,3.431,2.191,,2.448
2020-06-04,3.98,6.056,2.073,,0.929,3.458,2.214,,2.459
2020-06-05,4.003,6.07,2.087,,0.939,3.453,2.231,,2.444
2020-06-08,4.022,6.057,2.073,,0.934,3.471,2.202,,2.454
2020-06-09,4.049,6.093,2.102,,0.943,3.496,2.242,,2.46
2020-06-10,4.04,6.101,2.122,,0.936,3.513,2.281,,2.45
2020-06-11,4.003,6.09,2.119,,0.93,3.45,2.27,,2.433
2020-06-12,4.013,6.091,2.141,,0.929,3.45,2.302,,2.43
2020-06-15,3.956,6.084,2.141,,0.927,3.438,2.295,,2.414
2020-06-16,4.018,6.194,2.183,,0.936,3.47,2.347,,2.442
2020-06-17,4.022,6.244,2.188,,0.933,3.478,2.405,,2.45
2020-06-18,4.053,6.26,2.194,,0.943,3.508,2.391,,2.471
2020-06-19,4.105,6.306,2.238,,0.975,3.569,2.449,,2.468
2020-06-22,4.109,6.302,2.263,,1.002,3.575,2.473,,2.456
2020-06-23,4.128,6.33,2.307,,1.01,3.624,2.523,,2.447
2020-06-24,4.164,6.331,2.307,,1.011,3.659,2.512,,2.45
2020-06-29,4.128,6.303,2.295,,0.979,3.669,2.507,,2.432
2020-06-30,4.178,6.396,2.359,,1.012,3.716,2.528,,2.449
2020-07-01,4.272,6.424,2.342,,1.031,3.831,2.503,,2.489
2020-07-02,4.37,6.539,2.35,,1.116,3.898,2.484,,2.546
2020-07-03,4.457,6.626,2.38,,1.228,3.905,2.522,,2.583
2020-07-06,4.784,6.941,2.45,,1.351,4.046,2.536,,2.766
2020-07-07,4.736,7.01,2.503,,1.28,4.118,2.609,,2.723
2020-07-08,4.798,7.15,2.574,,1.353,4.166,2.61,,2.763
2020-07-09,4.872,7.341,2.674,,1.36,4.222,2.707,,2.775
2020-07-10,4.785,7.33,2.685,,1.331,4.24,2.734,,2.713
2020-07-13,4.885,7.563,2.802,,1.351,4.448,2.823,,2.766
2020-07-14,4.842,7.463,2.767,,1.356,4.418,2.856,,2.75
2020-07-15,4.784,7.307,2.722,,1.315,4.473,2.894,,2.71
2020-07-16,4.556,6.942,2.558,,1.246,4.137,2.718,,2.638
2020-07-17,4.605,6.947,2.583,,1.207,4.229,2.745,,2.64
2020-07-20,4.727,7.151,2.611,,1.276,4.221,2.75,,2.741
2020-07-21,4.739,7.191,2.643,,1.254,4.27,2.845,,2.734
2020-07-22,4.792,7.261,2.678,,1.265,4.35,2.866,,2.735
2020-07-23,4.766,7.253,2.706,,1.27,4.344,2.938,,2.702
2020-07-24,4.554,6.909,2.537,,1.191,4.19,2.782,,2.625
2020-07-27,4.582,6.905,2.54,,1.188,4.217,2.841,,2.612
2020-07-28,4.617,6.976,2.573,,1.188,4.361,2.841,,2.631
2020-07-29,4.749,7.174,2.68,,1.236,4.396,2.944,,2.662
2020-07-30,4.714,7.149,2.652,,1.226,4.42,2.966,,2.664
2020-07-31,4.75,7.224,2.708,,1.245,4.443,3.006,,2.683
2020-08-03,4.825,7.398,2.774,,1.272,4.501,3.082,,2.744
2020-08-04,4.829,7.354,2.738,,1.264,4.475,3.053,,2.745
2020-08-05,4.831,7.424,2.763,,1.258,4.536,3.101,,2.73
2020-08-06,4.813,7.443,2.719,,1.302,4.44,3.025,,2.743
2020-08-07,4.765,7.35,2.657,,1.257,4.359,2.966,,2.738
2020-08-10,4.781,7.385,2.641,,1.271,4.377,2.948,,2.77
2020-08-11,4.734,7.252,2.6,,1.228,4.393,2.928,,2.757
2020-08-12,4.702,7.16,2.548,,1.221,4.33,2.835,,2.737
2020-08-13,4.687,7.193,2.535,,1.229,4.352,2.782,,2.761
2020-08-14,4.778,7.295,2.579,,1.249,4.441,2.806,,2.775
2020-08-17,4.877,7.399,2.607,,1.311,4.49,2.848,,2.837
2020-08-18,4.87,7.452,2.605,,1.301,4.556,2.888,,2.84
2020-08-19,4.794,7.326,2.524,,1.276,4.538,2.787,,2.832
2020-08-20,4.743,7.254,2.503,,1.253,4.46,2.771,,2.817
2020-08-21,4.783,7.297,2.546,,1.275,4.515,2.79,,2.814
2020-08-24,4.813,7.336,2.597,,1.266,4.612,2.806,,2.818
2020-08-25,4.822,7.299,2.611,,1.261,4.663,2.82,,2.805
2020-08-26,4.763,7.176,2.551,,1.229,4.647,2.827,,2.765
2020-08-27,4.799,7.24,2.602,,1.233,4.715,2.85,,2.766
2020-08-28,4.917,7.363,2.666,,1.269,4.87,2.944,,2.799
2020-08-31,4.874,7.326,2.637,,1.266,4.879,2.915,,2.789
2020-09-01,4.908,7.378,2.658,,1.272,4.87,2.904,,2.787
2020-09-02,4.904,7.373,2.676,,1.268,4.895,2.914,,2.787
2020-09-03,4.884,7.333,2.653,,1.258,4.86,2.901,,2.782
2020-09-04,4.829,7.283,2.638,,1.246,4.749,2.853,,2.762
2020-09-07,4.732,7.131,2.549,,1.208,4.594,2.76,,2.749
2020-09-08,4.756,7.176,2.564,,1.231,4.523,2.776,,2.761
2020-09-09,4.645,6.997,2.44,,1.206,4.399,2.652,,2.739
2020-09-10,4.649,6.877,2.403,,1.182,4.433,2.65,,2.721
2020-09-11,4.685,6.935,2.449,,1.181,4.51,2.697,,2.718
2020-09-14,4.712,6.988,2.484,,1.182,4.509,2.669,,2.72
2020-09-15,4.747,7.016,2.504,,1.186,4.524,2.699,,2.728
2020-09-16,4.719,6.994,2.47,,1.181,4.458,2.651,,2.736
2020-09-17,4.69,7.009,2.467,,1.17,4.361,2.589,,2.739
2020-09-18,4.811,7.136,2.513,,1.234,4.444,2.628,,2.773
2020-09-21,4.756,7.085,2.48,,1.225,4.379,2.621,,2.761
2020-09-22,4.699,6.997,2.469,,1.23,4.346,2.621,,2.729
2020-09-23,4.713,7.031,2.508,,1.218,4.365,2.697,,2.728
2020-09-24,4.636,6.895,2.454,,1.204,4.292,2.655,,2.689
2020-09-25,4.639,6.874,2.457,,1.223,4.311,2.659,,2.683
2020-09-28,4.649,6.81,2.434,,1.221,4.311,2.626,,2.685
2020-09-29,4.66,6.86,2.479,,1.225,4.353,2.655,,2.685
2020-09-30,4.646,6.813,2.489,,1.208,4.361,2.678,,2.678
2020-10-09,4.739,6.99,2.581,,1.228,4.449,2.769,,2.715
2020-10-12,4.887,7.204,2.683,,1.277,4.634,2.85,,2.76
2020-10-13,4.903,7.206,2.688,,1.258,4.674,2.868,,2.755
2020-10-14,4.879,7.174,2.668,,1.243,4.632,2.856,,2.743
2020-10-15,4.867,7.12,2.65,,1.24,4.593,2.838,,2.735
2020-10-16,4.853,7.081,2.634,,1.247,4.56,2.851,,2.738
2020-10-19,4.822,7.012,2.6,,1.232,4.498,2.776,,2.727
2020-10-20,4.852,7.07,2.645,,1.234,4.606,2.797,,2.723
2020-10-21,4.858,7.012,2.612,,1.226,4.598,2.804,,2.719
2020-10-22,4.842,6.968,2.582,,1.235,4.601,2.759,,2.707
2020-10-23,4.786,6.854,2.516,,1.215,4.489,2.688,,2.699
2020-10-26,4.75,6.848,2.533,,1.177,4.442,2.685,,2.683
2020-10-27,4.764,6.846,2.56,,1.174,4.477,2.755,,2.675
2020-10-28,4.804,6.886,2.577,,1.181,4.573,2.785,,2.679
2020-10-29,4.848,6.896,2.607,,1.191,4.67,2.835,,2.703
2020-10-30,4.757,6.74,2.563,,1.149,4.51,2.79,,2.687
2020-11-02,4.785,6.764,2.617,,1.146,4.521,2.759,,2.698
2020-11-03,4.836,6.87,2.649,,1.174,4.577,2.791,,2.716
2020-11-04,4.873,6.869,2.658,,1.168,4.592,2.807,,2.741
2020-11-05,4.949,7.005,2.69,,1.186,4.656,2.809,,2.787
2020-11-06,4.951,6.953,2.637,,1.19,4.61,2.732,,2.81
2020-11-09,5.048,7.067,2.719,,1.236,4.704,2.785,,2.861
2020-11-10,5.021,7.019,2.674,,1.216,4.723,2.767,,2.85
2020-11-11,4.974,6.934,2.595,,1.19,4.686,2.697,,2.865
2020-11-12,4.971,6.957,2.607,,1.184,4.688,2.725,,2.878
2020-11-13,4.92,6.959,2.619,,1.172,4.605,2.716,,2.858
2020-11-16,4.973,7.039,2.62,1.465,1.179,4.714,2.725,,2.915
2020-11-17,4.964,6.992,2.572,1.436,1.181,4.652,2.658,,2.926
2020-11-18,4.957,6.986,2.534,1.424,1.187,4.616,2.616,,2.94
2020-11-19,4.999,7.025,2.556,1.438,1.188,4.687,2.631,,2.921
2020-11-20,5.014,7.084,2.576,1.435,1.189,4.707,2.644,,2.936
2020-11-23,5.072,7.137,2.593,1.422,1.212,4.743,2.635,,2.98
2020-11-24,5.04,7.135,2.582,1.416,1.202,4.73,2.614,,2.975
2020-11-25,4.978,7.021,2.528,1.393,1.183,4.608,2.565,,2.943
2020-11-26,4.985,7.0,2.522,1.39,1.188,4.632,2.547,,2.935
2020-11-27,5.056,7.029,2.532,1.392,1.214,4.667,2.569,,2.956
2020-11-30,5.031,6.977,2.541,1.391,1.222,4.597,2.589,,2.929
2020-12-01,5.142,7.089,2.602,1.409,1.268,4.634,2.658,,2.935
2020-12-02,5.131,7.095,2.593,1.414,1.265,4.662,2.659,,2.937
2020-12-03,5.129,7.119,2.619,1.417,1.267,4.713,2.722,,2.912
2020-12-04,5.14,7.145,2.637,1.411,1.248,4.808,2.754,,2.901
2020-12-07,5.096,7.093,2.628,1.412,1.223,4.84,2.707,,2.857
2020-12-08,5.08,7.084,2.646,1.408,1.226,4.888,2.705,,2.85
2020-12-09,5.02,6.974,2.598,1.38,1.187,4.819,2.675,,2.812
2020-12-10,5.01,6.986,2.627,1.383,1.181,4.818,2.701,,2.829
2020-12-11,4.954,6.872,2.601,1.396,1.167,4.801,2.685,,2.822
2020-12-14,4.998,6.923,2.641,1.413,1.166,4.918,2.725,,2.784
2020-12-15,5.013,6.93,2.667,1.406,1.169,4.888,2.794,,2.771
2020-12-16,5.023,6.904,2.667,1.388,1.156,4.95,2.81,,2.769
2020-12-17,5.094,6.988,2.694,1.406,1.187,4.995,2.913,,2.795
2020-12-18,5.065,6.964,2.688,1.403,1.173,4.952,2.92,,2.813
2020-12-21,5.11,7.075,2.778,1.43,1.185,5.018,2.942,,2.817
2020-12-22,5.033,6.939,2.718,1.403,1.135,4.997,2.923,,2.758
2020-12-23,5.074,6.976,2.745,1.417,1.144,5.012,2.923,,2.761
2020-12-24,5.074,6.888,2.726,1.393,1.133,4.955,2.931,,2.751
2020-12-25,5.116,6.953,2.749,1.394,1.147,4.974,3.012,,2.761
2020-12-28,5.13,6.91,2.745,1.38,1.141,5.101,2.967,,2.748
2020-12-29,5.114,6.88,2.717,1.381,1.147,5.06,2.919,,2.723
2020-12-30,5.178,6.937,2.799,1.403,1.169,5.13,2.973,,2.728
2020-12-31,5.287,7.043,2.866,1.434,1.222,5.215,3.002,,2.739
2021-01-04,5.334,7.163,2.976,1.464,1.232,5.458,3.026,,2.746
2021-01-05,5.433,7.226,2.988,1.468,1.229,5.727,3.077,,2.724
2021-01-06,5.482,7.218,3.003,1.458,1.229,5.743,3.131,,2.721
2021-01-07,5.599,7.248,3.056,1.429,1.241,5.799,3.183,,2.711
2021-01-08,5.571,7.266,3.036,1.423,1.231,5.647,3.162,,2.724
2021-01-11,5.508,7.154,2.989,1.437,1.202,5.473,3.096,,2.691
2021-01-12,5.668,7.242,3.076,1.45,1.286,5.603,3.167,,2.712
2021-01-13,5.646,7.196,3.025,1.454,1.253,5.516,3.107,,2.719
2021-01-14,5.543,7.145,2.987,1.498,1.222,5.387,3.052,,2.717
2021-01-15,5.526,7.119,2.99,1.492,1.221,5.286,3.044,,2.735
2021-01-18,5.513,7.205,3.046,1.526,1.233,5.281,3.053,,2.608
2021-01-19,5.438,7.166,2.976,1.492,1.231,5.172,2.988,,2.611
2021-01-20,5.468,7.231,3.096,1.524,1.231,5.207,3.11,,2.609
2021-01-21,5.562,7.333,3.176,1.526,1.251,5.309,3.169,,2.613
2021-01-22,5.565,7.343,3.241,1.536,1.224,5.315,3.322,,2.589
2021-01-25,5.631,7.355,3.242,1.542,1.215,5.523,3.326,,2.554
2021-01-26,5.511,7.243,3.152,1.524,1.171,5.452,3.221,,2.543
2021-01-27,5.521,7.261,3.166,1.503,1.174,5.409,3.203,,2.542
2021-01-28,5.385,7.124,3.057,1.469,1.168,5.3,3.114,,2.51
2021-01-29,5.348,7.024,3.029,1.467,1.156,5.324,3.094,,2.494
2021-02-01,5.411,7.073,3.056,1.467,1.151,5.314,3.168,,2.511
2021-02-02,5.491,7.14,3.118,1.478,1.153,5.48,3.236,,2.517
2021-02-03,5.485,7.098,3.106,1.456,1.137,5.516,3.252,,2.497
2021-02-04,5.474,7.021,3.098,1.435,1.109,5.525,3.216,0.968,2.48
2021-02-05,5.482,6.916,3.084,1.414,1.101,5.571,3.311,0.953,2.499
2021-02-08,5.554,6.999,,1.425,1.102,5.687,3.406,0.962,2.512
2021-02-09,5.692,7.141,3.222,1.472,1.134,5.82,3.473,0.997,2.528
2021-02-10,5.807,7.222,3.293,1.478,1.133,6.025,3.56,1.015,2.547
2021-02-18,5.764,7.329,3.202,1.476,1.139,5.845,3.397,1.005,2.61
2021-02-19,5.796,7.434,3.17,1.472,1.162,5.964,3.395,0.99,2.662
2021-02-22,5.589,7.365,3.032,1.433,1.127,5.674,3.217,0.971,2.706
2021-02-23,5.574,7.345,3.009,1.433,1.123,5.597,3.212,0.965,2.678
2021-02-24,5.427,7.251,2.904,1.409,1.115,5.398,3.068,0.918,2.647
2021-02-25,5.478,7.215,2.878,1.393,1.116,5.339,3.076,0.909,2.689
2021-02-26,5.329,7.056,2.814,1.368,1.098,5.21,3.027,0.893,2.637
2021-03-01,5.418,7.181,2.894,1.4,1.09,5.275,3.071,0.923,2.672
2021-03-02,5.349,7.125,2.859,1.392,1.077,5.152,2.99,0.92,2.657
2021-03-03,5.454,7.22,2.9,1.4,1.097,5.231,3.053,0.922,2.722
2021-03-04,5.287,7.098,2.751,1.366,1.071,4.997,2.935,0.862,2.718
2021-03-05,5.266,7.109,2.772,1.37,1.093,4.99,2.936,0.861,2.69
2021-03-08,5.08,6.939,2.633,1.316,1.073,4.743,2.743,0.814,2.679
2021-03-09,4.979,6.783,2.547,1.269,1.045,4.593,2.673,0.797,2.668
2021-03-10,5.0,6.712,2.586,1.272,1.039,4.681,2.744,0.808,2.653
2021-03-11,5.129,6.892,2.65,1.304,1.056,4.809,2.817,0.836,2.7
2021-03-12,5.142,6.897,2.658,1.298,1.056,4.797,2.82,0.849,2.727
2021-03-15,5.04,6.852,2.555,1.26,1.032,4.621,2.707,0.818,2.752
2021-03-16,5.073,6.855,2.579,1.258,1.037,4.699,2.729,0.82,2.755
2021-03-17,5.096,6.895,2.607,1.271,1.039,4.782,2.743,0.833,2.741
2021-03-18,5.136,6.946,2.65,1.277,1.041,4.863,2.802,0.843,2.741
2021-03-19,4.997,6.889,2.579,1.266,1.03,4.725,2.737,0.817,2.724
2021-03-22,5.054,6.978,2.607,1.28,1.049,4.758,2.753,0.829,2.75
2021-03-23,5.009,6.898,2.579,1.273,1.054,4.74,2.753,0.805,2.729
2021-03-24,4.933,6.823,2.543,1.258,1.06,4.719,2.738,0.789,2.681
2021-03-25,4.929,6.839,2.567,1.259,1.051,4.72,2.769,0.79,2.683
2021-03-26,5.033,6.928,2.65,1.293,1.057,4.819,2.88,0.826,2.715
2021-03-29,5.043,6.928,2.637,1.286,1.056,4.848,2.861,0.819,2.751
2021-03-30,5.087,6.953,2.673,1.286,1.052,4.899,2.909,0.835,2.75
2021-03-31,5.05,6.943,2.665,1.284,1.037,4.852,2.888,0.833,2.743
2021-04-01,5.112,6.991,2.718,1.303,1.045,4.931,2.946,0.841,2.761
2021-04-02,5.161,7.007,2.756,1.338,1.048,5.076,2.968,0.844,2.738
2021-04-06,5.133,7.021,2.73,1.335,1.046,5.031,2.918,0.856,2.745
2021-04-07,5.098,7.032,2.707,1.339,1.043,4.912,2.902,0.843,2.765
2021-04-08,5.109,7.053,2.728,1.33,1.048,4.967,2.96,0.837,2.766
2021-04-09,5.038,7.029,2.69,1.309,1.036,4.877,2.905,0.821,2.77
2021-04-12,4.954,6.915,2.627,1.282,1.015,4.818,2.822,0.8,2.777
2021-04-13,4.947,6.893,2.649,1.28,1.013,4.865,2.849,0.802,2.745
2021-04-14,4.975,6.956,2.707,1.29,1.025,4.89,2.849,0.826,2.751
2021-04-15,4.947,6.963,2.698,1.3,1.015,4.846,2.825,0.826,2.755
2021-04-16,4.963,7.05,2.688,1.315,1.022,4.884,2.809,0.823,2.79
2021-04-19,5.089,7.122,2.798,1.336,1.049,4.967,2.893,0.861,2.802
2021-04-20,5.081,7.136,2.791,1.33,1.039,5.016,2.9,0.864,2.794
2021-04-21,5.093,7.117,2.814,1.325,1.037,5.066,2.963,0.861,2.785
2021-04-22,5.089,7.143,2.837,1.345,1.04,5.053,2.964,0.864,2.793
2021-04-23,5.14,7.178,2.891,1.352,1.038,5.133,3.032,0.879,2.788
2021-04-26,5.076,7.148,2.863,1.352,1.02,5.01,3.018,0.866,2.78
2021-04-27,5.089,7.146,2.884,1.352,1.014,5.053,3.098,0.861,2.767
2021-04-28,5.127,7.198,2.949,1.361,1.017,5.102,3.162,0.88,2.77
2021-04-29,5.173,7.2,2.952,1.363,1.042,5.196,3.15,0.882,2.786
2021-04-30,5.128,7.211,2.989,1.364,1.031,5.159,3.202,0.906,2.757
2021-05-06,5.061,7.188,2.904,1.348,1.022,5.01,3.061,0.901,2.798
2021-05-07,5.0,7.157,2.819,1.304,1.007,4.938,2.985,0.881,2.829
2021-05-10,4.999,7.179,2.827,1.294,0.998,4.84,3.044,0.889,2.87
2021-05-11,5.025,7.159,2.823,1.294,1.013,4.972,3.103,0.876,2.843
2021-05-12,5.056,7.238,2.865,1.31,1.01,5.023,3.149,0.875,2.854
2021-05-13,5.001,7.158,2.845,1.313,1.006,5.016,3.167,0.856,2.811
2021-05-14,5.127,7.269,2.937,1.341,1.081,5.096,3.242,0.873,2.817
2021-05-17,5.188,7.306,3.007,1.367,1.066,5.198,3.311,0.902,2.812
2021-05-18,5.19,7.326,2.988,1.359,1.065,5.194,3.282,0.901,2.824
2021-05-19,5.176,7.314,3.012,1.365,1.064,5.167,3.272,0.921,2.799
2021-05-20,5.19,7.287,3.043,1.369,1.079,5.237,3.26,0.919,2.755
2021-05-21,5.135,7.259,3.012,1.354,1.06,5.184,3.214,0.922,2.76
2021-05-24,5.163,7.28,3.036,1.371,1.08,5.219,3.197,0.926,2.758
2021-05-25,5.327,7.358,3.119,1.408,1.127,5.381,3.293,0.935,2.785
2021-05-26,5.328,7.369,3.095,1.404,1.124,5.362,3.289,0.924,2.804
2021-05-27,5.347,7.43,3.118,1.437,1.125,5.385,3.314,0.926,2.816
2021-05-28,5.332,7.427,3.121,1.43,1.142,5.332,3.248,0.954,2.812
2021-05-31,5.338,7.479,3.195,1.484,1.144,5.353,3.296,0.997,2.815
2021-06-01,5.346,7.491,3.188,1.502,1.129,5.38,3.356,0.991,2.837
2021-06-02,5.303,7.445,3.133,1.469,1.105,5.319,3.288,0.984,2.832
2021-06-03,5.262,7.43,3.099,1.456,1.105,5.336,3.255,0.968,2.846
2021-06-04,5.295,7.465,3.141,1.475,1.111,5.383,3.272,0.982,2.84
2021-06-07,5.289,7.485,3.122,1.475,1.12,5.357,3.28,0.966,2.837
2021-06-08,5.247,7.458,3.105,1.465,1.122,5.202,3.229,0.957,2.826
2021-06-09,5.255,7.451,3.1,1.472,1.109,5.222,3.236,0.962,2.842
2021-06-10,5.289,7.546,3.179,1.498,1.113,5.251,3.296,1.003,2.853
2021-06-11,5.24,7.509,3.195,1.493,1.093,5.175,3.282,1.021,2.857
2021-06-15,5.181,7.418,3.155,1.499,1.078,5.126,3.219,1.011,2.841
2021-06-16,5.11,7.328,3.024,1.453,1.07,5.066,3.116,0.959,2.832
2021-06-17,5.121,7.373,3.088,1.528,1.074,5.09,3.136,0.976,2.824
2021-06-18,5.126,7.447,3.137,1.55,1.085,5.032,3.165,1.011,2.824
2021-06-21,5.119,7.476,3.166,1.584,1.084,4.974,3.176,1.025,2.812
2021-06-22,5.145,7.52,3.174,1.58,1.08,5.0,3.26,1.028,2.837
2021-06-23,5.176,7.581,3.217,1.588,1.085,4.934,3.258,1.051,2.873
2021-06-24,5.189,7.554,3.174,1.561,1.089,4.94,3.206,1.059,2.885
2021-06-25,5.27,7.614,3.243,1.595,1.123,1.261,,1.074,2.895
2021-06-28,5.279,7.619,3.305,1.618,1.112,1.279,0.836,1.091,2.859
2021-06-29,5.225,7.561,3.297,1.621,1.097,1.26,0.829,1.106,2.838
2021-06-30,5.256,7.598,3.373,1.648,1.109,1.261,0.832,1.129,2.852
2021-07-01,5.254,7.513,3.34,1.633,1.077,1.272,0.848,1.101,2.853
2021-07-02,5.113,7.449,3.227,1.594,1.046,1.232,0.809,1.093,2.829
2021-07-05,5.12,7.494,3.25,1.64,1.048,1.226,0.804,1.116,2.836
2021-07-06,5.127,7.493,3.196,1.591,1.054,1.219,0.775,1.104,2.843
2021-07-07,5.18,7.561,3.305,1.624,1.057,1.226,0.791,1.172,2.846
2021-07-08,5.136,7.55,3.322,1.67,1.055,1.205,0.777,1.203,2.803
2021-07-09,5.112,7.615,3.303,1.644,1.06,1.181,0.779,1.217,2.821
2021-07-12,5.18,7.723,3.427,1.66,1.083,1.188,0.797,1.262,2.826
2021-07-13,5.196,7.796,3.411,1.654,1.077,1.216,0.799,1.265,2.848
2021-07-14,5.139,7.745,3.382,1.616,1.064,1.217,0.801,1.223,2.854
2021-07-15,5.207,7.763,3.429,1.617,1.08,1.233,0.807,1.264,2.885
2021-07-16,5.156,7.774,3.328,1.584,1.08,1.214,0.803,1.228,2.897
2021-07-19,5.178,7.73,3.35,1.573,1.076,1.211,0.821,1.207,2.889
2021-07-20,5.165,7.739,3.356,1.577,1.071,1.213,0.826,1.224,2.869
2021-07-21,5.204,7.837,3.455,1.623,1.088,1.207,0.835,1.284,2.865
2021-07-22,5.209,7.871,3.438,1.638,1.106,1.195,0.809,1.307,2.89
2021-07-23,5.157,7.856,3.367,1.627,1.111,1.169,0.783,1.297,2.881
2021-07-26,4.982,7.711,3.27,1.616,1.08,1.105,0.741,1.29,2.832
2021-07-27,4.809,7.564,3.14,1.605,1.049,1.066,0.711,1.209,2.773
2021-07-28,4.819,7.45,3.183,1.574,1.037,1.065,0.732,1.204,2.747
2021-07-29,4.906,7.577,3.358,1.651,1.051,1.062,0.748,1.291,2.769
2021-07-30,4.872,7.601,3.328,1.651,1.028,1.032,0.741,1.309,2.8
2021-08-02,4.993,7.704,3.393,1.657,1.069,1.078,0.751,1.317,2.777
2021-08-03,4.995,7.65,3.363,1.621,1.07,1.094,0.778,1.26,2.738
2021-08-04,5.039,7.763,3.446,1.665,1.072,1.08,0.778,1.347,2.762
2021-08-05,5.009,7.754,3.419,1.664,1.053,1.069,0.772,1.353,2.75
2021-08-06,4.993,7.79,3.386,1.65,1.057,1.063,0.744,1.376,2.761
2021-08-09,5.048,7.821,3.348,1.631,1.08,1.1,0.749,1.334,2.801
2021-08-10,5.105,7.874,3.366,1.647,1.096,1.142,0.759,1.325,2.8
2021-08-11,5.078,7.934,3.326,1.639,1.086,1.122,0.742,1.338,2.858
2021-08-12,5.046,7.965,3.28,1.646,1.079,1.099,0.729,1.336,2.889
2021-08-13,5.019,7.967,3.249,1.611,1.079,1.104,0.727,1.322,2.884
2021-08-16,5.016,7.927,3.206,1.607,1.089,1.109,0.724,1.281,2.892
2021-08-17,4.904,7.752,3.126,1.566,1.082,1.069,0.699,1.279,2.858
2021-08-18,4.957,7.785,3.16,1.565,1.157,1.066,0.698,1.265,2.876
2021-08-19,4.923,7.802,3.177,1.603,1.133,1.052,0.701,1.296,2.866
2021-08-20,4.833,7.768,3.1,1.59,1.135,1.008,0.665,1.296,2.881
2021-08-23,4.905,7.88,3.195,1.621,1.139,1.016,0.675,1.331,2.894
2021-08-24,4.957,7.963,3.225,1.636,1.161,1.032,0.688,1.359,2.918
2021-08-25,4.971,8.027,3.241,1.601,1.143,1.043,0.692,1.389,2.952
2021-08-26,4.886,7.993,3.164,1.555,1.129,1.016,0.666,1.371,2.993
2021-08-27,4.899,8.054,3.158,1.538,1.125,1.017,0.665,1.396,3.022
2021-08-30,4.881,8.11,3.164,1.527,1.105,1.016,0.663,1.445,3.047
2021-08-31,4.879,8.142,3.106,1.491,1.13,1.004,0.648,1.426,3.12
2021-09-01,4.949,8.073,3.094,1.48,1.17,1.035,0.659,1.351,3.115
2021-09-02,4.945,8.219,3.046,1.456,1.191,1.016,0.638,1.391,3.194
2021-09-03,4.918,8.177,3.01,1.457,1.178,1.032,0.641,1.344,3.171
2021-09-06,5.002,8.248,3.129,1.493,1.215,1.058,0.675,1.359,3.199
2021-09-07,5.065,8.429,3.147,1.494,1.244,1.06,0.673,1.393,3.28
2021-09-08,5.044,8.483,3.123,1.467,1.243,1.046,0.667,1.37,3.316
2021-09-09,5.042,8.557,3.126,1.454,1.233,1.045,0.667,1.371,3.417
2021-09-10,5.091,8.554,3.135,1.482,1.249,1.06,0.664,1.385,3.354
2021-09-13,5.064,8.583,3.095,1.438,1.253,1.046,0.659,1.361,3.426
2021-09-14,4.998,8.488,3.14,1.452,1.215,1.033,0.663,1.381,3.356
2021-09-15,4.945,8.524,3.105,1.437,1.211,1.015,0.652,1.413,3.333
2021-09-16,4.889,8.369,3.035,1.402,1.186,1.031,0.654,1.346,3.32
2021-09-17,4.928,8.301,3.097,1.413,1.2,1.049,0.684,1.346,3.231
2021-09-22,4.895,8.383,3.068,1.41,1.191,1.024,0.68,1.355,3.289
2021-09-23,4.924,8.429,3.086,1.419,1.206,1.038,0.68,1.356,3.28
2021-09-24,4.931,8.304,3.109,1.428,1.189,1.07,0.685,1.371,3.166
2021-09-27,4.963,8.075,3.13,1.424,1.157,1.124,0.696,1.345,3.081
2021-09-28,4.954,8.08,3.114,1.407,1.175,1.114,0.691,1.328,3.159
2021-09-29,4.921,7.898,3.083,1.399,1.159,1.118,0.68,1.307,3.075
2021-09-30,4.935,7.969,3.148,1.423,1.157,1.121,0.69,1.348,3.09
2021-10-08,5.006,7.958,3.138,1.417,1.169,1.156,0.694,1.316,3.08
2021-10-11,5.005,7.951,3.096,1.404,1.162,1.16,0.683,1.302,3.123
2021-10-12,4.953,7.798,3.042,1.371,1.125,1.155,0.68,1.275,3.083
2021-10-13,5.009,7.833,3.109,1.395,1.131,1.18,0.692,1.321,3.043
2021-10-14,4.982,7.862,3.112,1.398,1.128,1.174,0.677,1.34,3.026
2021-10-15,5.006,7.902,3.176,1.418,1.129,1.165,0.669,1.374,3.048
2021-10-18,4.948,7.926,3.172,1.405,1.13,1.12,0.657,1.411,3.097
2021-10-19,4.995,7.988,3.191,1.42,1.136,1.157,0.667,1.413,3.109
2021-10-20,4.981,7.985,3.185,1.424,1.132,1.151,0.665,1.436,3.035
2021-10-21,5.003,7.964,3.174,1.415,1.135,1.151,0.662,1.417,3.073
2021-10-22,5.036,7.903,3.185,1.423,1.137,1.167,0.666,1.395,3.011
2021-10-25,5.053,7.969,3.236,1.434,1.152,1.169,0.668,1.452,3.01
2021-10-26,5.036,7.981,3.221,1.429,1.14,1.157,0.663,1.445,2.984
2021-10-27,4.97,7.91,3.205,1.412,1.11,1.144,0.648,1.481,2.913
2021-10-28,4.949,7.816,3.178,1.412,1.102,1.154,0.646,1.461,2.836
2021-10-29,4.981,7.895,3.249,1.45,1.11,1.176,0.655,1.49,2.84
2021-11-01,4.965,7.925,3.224,1.459,1.114,1.162,0.642,1.478,2.849
2021-11-02,4.913,7.848,3.228,1.46,1.091,1.169,0.632,1.469,2.798
2021-11-03,4.893,7.874,3.222,1.454,1.095,1.168,0.638,1.434,2.839
2021-11-04,4.94,7.938,3.26,1.466,1.096,1.203,0.641,1.462,2.832
2021-11-05,4.923,7.873,3.248,1.453,1.093,1.193,0.641,1.436,2.793
2021-11-08,4.919,7.897,3.278,1.454,1.104,1.186,0.627,1.478,2.79
2021-11-09,4.917,7.947,3.3,1.476,1.111,1.181,0.631,1.489,2.776
2021-11-10,4.892,7.927,3.296,1.475,1.109,1.159,0.647,1.466,2.769
2021-11-11,4.972,7.993,3.324,1.493,1.141,1.164,0.645,1.467,2.816
2021-11-12,4.97,8.037,3.324,1.497,1.135,1.156,0.642,1.47,2.8
2021-11-15,4.964,7.978,3.295,1.486,1.131,1.168,0.656,1.42,2.804
2021-11-16,4.96,7.924,3.282,1.475,1.115,1.186,0.676,1.396,2.787
2021-11-17,4.959,7.971,3.317,1.491,1.114,1.178,0.676,1.431,2.79
2021-11-18,4.915,7.97,3.274,1.479,1.102,1.174,0.661,1.431,2.79
2021-11-19,4.97,8.065,3.313,1.501,1.124,1.183,0.659,1.447,2.826
2021-11-22,4.983,8.135,3.393,1.533,1.13,1.181,0.653,1.499,2.825
2021-11-23,4.986,8.154,3.38,1.532,1.133,1.177,0.654,1.494,2.838
2021-11-24,4.997,8.147,3.362,1.527,1.131,1.189,0.659,1.459,2.87
2021-11-25,4.978,8.142,3.368,1.524,1.125,1.185,0.665,1.443,2.859
2021-11-26,4.936,8.119,3.364,1.515,1.117,1.175,0.664,1.46,2.827
2021-11-29,4.929,8.127,3.389,1.531,1.107,1.182,0.664,1.485,2.792
2021-11-30,4.911,8.143,3.386,1.53,1.108,1.163,0.663,1.486,2.794
2021-12-01,4.924,8.185,3.365,1.511,1.123,1.161,0.655,1.474,2.819
2021-12-02,4.934,8.136,3.355,1.483,1.131,1.166,0.646,1.468,2.834
2021-12-03,4.979,8.212,3.37,1.499,1.137,1.2,0.651,1.468,2.865
2021-12-06,4.974,8.147,3.294,1.462,1.153,1.19,0.639,1.437,2.857
2021-12-07,5.002,8.097,3.266,1.447,1.158,1.195,0.644,1.41,2.887
2021-12-08,5.074,8.216,3.314,1.468,1.174,1.224,0.652,1.434,2.887
2021-12-09,5.158,8.224,3.353,1.489,1.193,1.241,0.668,1.429,2.898
2021-12-10,5.143,8.221,3.37,1.499,1.178,1.239,0.662,1.452,2.878
2021-12-13,5.156,8.239,3.389,1.495,1.185,1.241,0.656,1.45,2.869
2021-12-14,5.125,8.219,3.384,1.493,1.178,1.246,0.659,1.434,2.831
2021-12-15,5.079,8.209,3.355,1.475,1.185,1.222,0.639,1.428,2.843
2021-12-16,5.106,8.284,3.378,1.478,1.193,1.215,0.642,1.435,2.885
2021-12-17,5.033,8.226,3.328,1.452,1.181,1.191,0.636,1.4,2.869
2021-12-20,4.958,8.097,3.225,1.421,1.161,1.195,0.624,1.335,2.843
2021-12-21,4.979,8.158,3.247,1.431,1.177,1.196,0.631,1.341,2.882
2021-12-22,4.982,8.192,3.26,1.428,1.167,1.204,0.632,1.343,2.877
2021-12-23,5.02,8.238,3.269,1.43,1.165,1.224,0.627,1.351,2.886
2021-12-24,4.997,8.19,3.196,1.415,1.158,1.243,0.63,1.3,2.875
2021-12-27,5.001,8.172,3.19,1.411,1.16,1.24,0.634,1.297,2.882
2021-12-28,5.027,8.178,3.226,1.422,1.169,1.24,0.638,1.328,2.865
2021-12-29,4.96,8.157,3.182,1.41,1.155,1.198,0.629,1.324,2.855
2021-12-30,4.996,8.216,3.219,1.43,1.174,1.209,0.633,1.327,2.852
2021-12-31,5.008,8.258,3.218,1.452,1.176,1.206,0.633,1.357,2.876
2022-01-04,4.99,8.265,3.154,1.42,1.17,1.219,0.617,1.313,2.918
2022-01-05,4.943,8.103,3.064,1.384,1.16,1.219,0.609,1.259,2.909
2022-01-06,4.887,8.113,3.034,1.375,1.137,1.195,0.601,1.264,2.913
2022-01-07,4.899,8.072,3.003,1.358,1.139,1.179,0.599,1.235,2.929
2022-01-10,4.912,8.073,2.998,1.372,1.138,1.185,0.604,1.227,2.948
2022-01-11,4.867,8.026,2.96,1.344,1.139,1.163,0.604,1.213,2.969
2022-01-12,4.919,8.081,3.035,1.366,1.143,1.173,0.609,1.261,2.957
2022-01-13,4.838,7.991,2.99,1.348,1.136,1.139,0.596,1.24,2.956
2022-01-14,4.794,7.953,3.015,1.366,1.105,1.128,0.597,1.254,2.911
2022-01-17,4.835,8.032,3.068,1.391,1.116,1.135,0.599,1.271,2.828
2022-01-18,4.881,8.046,3.047,1.395,1.118,1.144,0.598,1.265,2.858
2022-01-19,4.78,8.0,2.985,1.378,1.122,1.136,0.582,1.228,2.875
2022-01-20,4.818,7.937,2.975,1.362,1.141,1.155,0.58,1.219,2.861
2022-01-21,4.784,7.853,2.941,1.344,1.131,1.157,0.566,1.221,2.858
2022-01-24,4.786,7.843,2.962,1.362,1.123,1.145,0.564,1.249,2.844
2022-01-25,4.68,7.586,2.881,1.327,1.093,1.121,0.552,1.223,2.765
2022-01-26,4.706,7.614,2.906,1.326,1.112,1.135,0.542,1.243,2.773
2022-01-27,4.625,7.432,2.815,1.291,1.087,1.111,0.534,1.207,2.755
2022-01-28,4.554,7.381,2.819,1.283,1.076,1.104,0.53,1.195,2.747
2022-02-07,4.626,7.487,2.83,1.284,1.092,1.107,0.536,1.209,2.806
2022-02-08,4.604,7.576,2.758,1.256,1.107,1.093,0.529,1.166,2.873
2022-02-09,4.643,7.68,2.791,1.26,1.11,1.125,0.533,1.172,2.879
2022-02-10,4.632,7.679,2.74,1.238,1.11,1.136,0.526,1.139,2.92
2022-02-11,4.596,7.587,2.66,1.217,1.111,1.127,0.509,1.114,2.923
2022-02-14,4.547,7.522,2.646,1.22,1.06,1.13,0.511,1.116,2.877
2022-02-15,4.589,7.588,2.726,1.25,1.062,1.142,0.533,1.163,2.858
2022-02-16,4.61,7.604,2.725,1.245,1.064,1.141,0.533,1.161,2.887
2022-02-17,4.62,7.606,2.744,1.255,1.056,1.14,0.534,1.193,2.873
2022-02-18,4.644,7.674,2.739,1.252,1.058,1.147,0.537,1.182,2.926
2022-02-21,4.627,7.708,2.713,1.241,1.057,1.148,0.537,1.176,2.952
2022-02-22,4.567,7.622,2.678,1.231,1.036,1.125,0.528,1.185,2.941
2022-02-23,4.615,7.735,2.754,1.279,1.05,1.124,0.539,1.225,2.91
2022-02-24,4.53,7.602,2.693,1.266,1.02,1.095,0.527,1.219,2.885
2022-02-25,4.565,7.656,2.763,1.29,1.022,1.102,0.544,1.243,2.865
2022-02-28,4.571,7.695,2.786,1.297,1.019,1.103,0.546,1.269,2.874
2022-03-01,4.609,7.715,2.795,1.29,1.028,1.135,0.548,1.269,2.904
2022-03-02,4.574,7.718,2.741,1.281,1.024,1.123,0.542,1.253,2.937
2022-03-03,4.545,7.709,2.704,1.26,1.024,1.101,0.536,1.234,2.972
2022-03-04,4.494,7.656,2.662,1.254,1.01,1.097,0.533,1.212,2.962
2022-03-07,4.346,7.481,2.543,1.217,0.985,1.056,0.515,1.171,2.942
2022-03-08,4.264,7.204,2.507,1.183,0.96,1.03,0.502,1.149,2.859
2022-03-09,4.224,7.079,2.483,1.184,0.937,1.03,0.487,1.148,2.802
2022-03-10,4.284,7.192,2.547,1.201,0.935,1.048,0.504,1.198,2.848
2022-03-11,4.312,7.294,2.583,1.212,0.956,1.054,0.516,1.189,2.868
2022-03-14,4.172,7.103,2.49,1.174,0.94,1.01,0.508,1.152,2.829
2022-03-15,3.973,6.684,2.421,1.142,0.909,0.96,0.488,1.13,2.671
2022-03-16,4.146,6.919,2.552,1.172,0.967,0.981,0.504,1.186,2.73
2022-03-17,4.23,7.032,2.624,1.189,0.963,1.016,0.524,1.194,2.76
2022-03-18,4.258,7.104,2.635,1.19,0.972,1.019,0.527,1.188,2.83
2022-03-21,4.252,7.131,2.636,1.2,0.955,1.022,0.532,1.199,2.849
2022-03-22,4.248,7.133,2.602,1.181,0.956,1.019,0.52,1.181,2.897
2022-03-23,4.273,7.181,2.629,1.191,0.957,1.022,0.532,1.185,2.893
2022-03-24,4.246,7.126,2.62,1.182,0.946,1.013,0.544,1.167,2.9
2022-03-25,4.169,7.035,2.565,1.153,0.935,0.995,0.527,1.134,2.901
2022-03-28,4.144,7.059,2.512,1.136,0.936,0.98,0.52,1.114,2.947
2022-03-29,4.126,7.021,2.511,1.125,0.93,0.977,0.525,1.118,2.965
2022-03-30,4.249,7.173,2.61,1.158,0.965,1.006,0.538,1.159,2.973
2022-03-31,4.218,7.111,2.574,1.137,0.957,1.003,0.535,1.123,3.012
2022-04-01,4.269,7.16,2.58,1.135,0.97,1.016,0.532,1.127,3.045
2022-04-06,4.257,7.144,2.55,1.103,0.971,1.012,0.53,1.1,3.09
2022-04-07,4.205,6.982,2.496,1.081,0.951,0.995,0.521,1.081,3.044
2022-04-08,4.233,7.005,2.491,1.072,0.966,0.99,0.516,1.074,3.079
2022-04-11,4.101,6.782,2.386,1.032,0.936,0.974,0.507,1.012,3.02
2022-04-12,4.171,6.893,2.44,1.038,0.967,1.008,0.519,1.026,3.01
2022-04-13,4.139,6.793,2.394,1.006,0.958,1.002,0.507,1.016,3.033
2022-04-14,4.183,6.883,2.389,1.017,0.972,1.035,0.51,1.007,3.089
2022-04-15,4.181,6.821,2.385,1.017,0.966,1.036,0.515,0.992,3.056
2022-04-18,4.161,6.827,2.412,1.047,0.94,1.04,0.514,1.013,2.992
2022-04-19,4.134,6.849,2.377,1.03,0.933,1.039,0.502,1.014,3.036
2022-04-20,4.064,6.691,2.288,1.013,0.918,1.045,0.494,0.973,2.949
2022-04-21,3.996,6.485,2.24,1.001,0.916,1.023,0.481,0.929,2.895
2022-04-22,4.006,6.446,2.225,0.983,0.917,1.021,0.48,0.921,2.925
2022-04-25,3.813,6.025,2.103,0.924,0.889,0.981,0.456,0.854,2.801
2022-04-26,3.783,5.915,2.086,0.909,0.849,0.986,0.463,0.835,2.762
2022-04-27,3.889,6.114,2.2,0.945,0.86,1.01,0.472,0.919,2.798
2022-04-28,3.915,6.097,2.158,0.941,0.844,1.012,0.469,0.916,2.844
2022-04-29,4.015,6.347,2.244,0.986,0.879,1.014,0.479,0.958,2.878
2022-05-05,4.0,6.391,2.212,0.994,0.867,1.016,0.48,0.956,2.867
2022-05-06,3.903,6.248,2.177,0.984,0.844,0.988,0.47,0.936,2.792
2022-05-09,3.871,6.303,2.162,0.987,0.845,0.982,0.465,0.947,2.784
2022-05-10,3.916,6.409,2.204,1.014,0.858,0.992,0.469,0.973,2.787
2022-05-11,3.971,6.452,2.272,1.045,0.863,0.995,0.479,1.013,2.785
2022-05-12,3.951,6.457,2.277,1.056,0.865,1.0,0.484,1.009,2.773
2022-05-13,3.982,6.531,2.285,1.055,0.87,0.998,0.483,1.01,2.828
2022-05-16,3.951,6.511,2.257,1.038,0.86,0.99,0.476,1.0,2.872
2022-05-17,4.0,6.546,2.293,1.052,0.866,0.992,0.471,1.033,2.862
2022-05-18,3.986,6.524,2.29,1.057,0.868,0.988,0.466,1.043,2.834
2022-05-19,3.995,6.585,2.306,1.08,0.867,0.977,0.465,1.077,2.837
2022-05-20,4.079,6.687,2.347,1.089,0.884,1.002,0.479,1.09,2.876
2022-05-23,4.047,6.715,2.332,1.089,0.885,0.995,0.479,1.088,2.88
2022-05-24,3.965,6.486,2.246,1.041,0.861,0.986,0.461,1.05,2.836
2022-05-25,3.982,6.59,2.253,1.049,0.864,0.983,0.463,1.055,2.865
2022-05-26,3.992,6.666,2.249,1.048,0.878,0.982,0.458,1.057,2.905
2022-05-27,4.002,6.666,2.251,1.036,0.877,0.984,0.462,1.052,2.904
2022-05-30,4.025,6.702,2.276,1.044,0.873,0.998,0.468,1.066,2.89
2022-05-31,4.089,6.807,2.334,1.078,0.884,1.025,0.478,1.088,2.894
2022-06-01,4.083,6.8,2.354,1.078,0.88,1.021,0.476,1.092,2.903
2022-06-02,4.094,6.882,2.386,1.126,0.886,1.014,0.469,1.12,2.885
2022-06-06,4.176,6.991,2.477,1.169,0.906,1.023,0.483,1.179,2.884
2022-06-07,4.182,6.987,2.478,1.16,0.908,1.034,0.49,1.179,2.899
2022-06-08,4.224,7.036,2.494,1.158,0.922,1.049,0.498,1.182,2.937
2022-06-09,4.19,6.951,2.423,1.128,0.922,1.039,0.488,1.164,2.944
2022-06-10,4.248,7.078,2.48,1.149,0.945,1.049,0.492,1.195,2.964
2022-06-13,4.196,7.057,2.469,1.134,0.932,1.042,0.482,1.207,2.92
2022-06-14,4.236,7.129,2.475,1.117,0.985,1.051,0.484,1.198,2.958
2022-06-15,4.285,7.099,2.497,1.111,1.015,1.058,0.492,1.188,2.961
2022-06-16,4.258,7.11,2.507,1.126,0.969,1.07,0.498,1.204,2.914
2022-06-17,4.321,7.178,2.584,1.143,0.966,1.082,0.514,1.249,2.907
2022-06-20,4.342,7.178,2.626,1.143,0.96,1.095,0.522,1.273,2.885
2022-06-21,4.34,7.126,2.615,1.131,0.959,1.093,0.517,1.254,2.891
2022-06-22,4.29,7.015,2.596,1.11,0.943,1.08,0.509,1.264,2.855
2022-06-23,4.365,7.17,2.68,1.132,0.977,1.091,0.512,1.296,2.879
2022-06-24,4.413,7.253,2.738,1.152,0.979,1.104,0.525,1.324,2.883
2022-06-27,4.461,7.283,2.741,1.152,0.98,1.136,0.535,1.33,2.91
2022-06-28,4.513,7.406,2.754,1.168,0.987,1.141,0.535,1.354,2.935
2022-06-29,4.458,7.289,2.683,1.14,0.967,1.12,0.533,1.292,2.947
2022-06-30,4.508,7.346,2.73,1.155,0.976,1.156,0.549,1.326,2.964
2022-07-01,4.493,7.333,2.699,1.142,0.963,1.148,0.546,1.321,2.969
2022-07-04,4.521,7.422,2.75,1.142,0.967,1.163,0.572,1.347,2.975
2022-07-05,4.511,7.412,2.739,1.139,0.954,1.161,0.575,1.359,2.989
2022-07-06,4.452,7.316,2.725,1.15,0.943,1.13,0.56,1.353,2.923
2022-07-07,4.468,7.346,2.769,1.161,0.941,1.13,0.551,1.391,2.936
2022-07-08,4.464,7.303,2.731,1.153,0.935,1.133,0.552,1.351,2.934
2022-07-11,4.388,7.206,2.69,1.129,0.924,1.122,0.546,1.308,2.907
2022-07-12,4.352,7.119,2.622,1.096,0.929,1.109,0.529,1.29,2.93
2022-07-13,4.359,7.145,2.665,1.099,0.927,1.114,0.53,1.325,2.928
2022-07-14,4.36,7.195,2.735,1.125,0.92,1.107,0.542,1.362,2.898
2022-07-15,4.295,7.074,2.68,1.121,0.896,1.103,0.529,1.343,2.858
2022-07-18,4.341,7.205,2.717,1.119,0.915,1.101,0.531,1.35,2.917
2022-07-19,4.319,7.231,2.67,1.11,0.923,1.102,0.523,1.319,2.921
2022-07-20,4.331,7.323,2.68,1.128,0.923,1.103,0.528,1.324,2.926
2022-07-21,4.286,7.252,2.67,1.142,0.914,1.095,0.527,1.303,2.882
2022-07-22,4.289,7.187,2.651,1.133,0.916,1.093,0.525,1.307,2.865
2022-07-25,4.271,7.116,2.629,1.124,0.905,1.097,0.521,1.282,2.874
2022-07-26,4.3,7.202,2.634,1.133,0.911,1.106,0.519,1.296,2.912
2022-07-27,4.276,7.233,2.637,1.147,0.908,1.093,0.51,1.316,2.912
2022-07-28,4.279,7.252,2.629,1.161,0.915,1.09,0.506,1.305,2.923
2022-07-29,4.22,7.194,2.594,1.139,0.907,1.07,0.491,1.299,2.901
2022-08-01,4.238,7.256,2.657,1.154,0.9,1.077,0.493,1.325,2.908
2022-08-02,4.167,7.075,2.605,1.149,0.871,1.064,0.482,1.293,2.845
2022-08-03,4.122,7.016,2.553,1.152,0.866,1.055,0.485,1.255,2.817
2022-08-04,4.153,7.04,2.565,1.167,0.874,1.068,0.496,1.255,2.821
2022-08-05,4.218,7.186,2.606,1.216,0.895,1.083,0.509,1.264,2.825
2022-08-08,4.204,7.226,2.596,1.206,0.895,1.076,0.503,1.275,2.856
2022-08-09,4.211,7.247,2.614,1.218,0.892,1.069,0.5,1.301,2.877
2022-08-10,4.166,7.233,2.579,1.208,0.889,1.049,0.489,1.288,2.861
2022-08-11,4.254,7.376,2.647,1.229,0.938,1.068,0.505,1.298,2.888
2022-08-12,4.255,7.363,2.613,1.201,0.935,1.074,0.506,1.281,2.915
2022-08-15,4.245,7.373,2.638,1.195,0.927,1.065,0.497,1.32,2.929
2022-08-16,4.235,7.392,2.652,1.19,0.925,1.064,0.491,1.328,2.939
2022-08-17,4.276,7.44,2.695,1.186,0.944,1.07,0.495,1.335,2.943
2022-08-18,4.239,7.413,2.693,1.2,0.936,1.052,0.485,1.343,2.919
2022-08-19,4.209,7.315,2.653,1.161,0.931,1.059,0.481,1.304,2.944
2022-08-22,4.236,7.407,2.699,1.158,0.929,1.064,0.484,1.326,2.97
2022-08-23,4.222,7.409,2.697,1.159,0.931,1.054,0.477,1.336,2.98
2022-08-24,4.145,7.197,2.6,1.119,0.919,1.048,0.472,1.29,2.936
2022-08-25,4.181,7.236,2.59,1.106,0.937,1.069,0.478,1.261,3.001
2022-08-26,4.175,7.22,2.566,1.095,0.927,1.08,0.479,1.255,2.98
2022-08-29,4.15,6.3,2.553,1.102,0.922,1.069,0.473,1.254,3.002
2022-08-30,4.141,6.291,2.538,1.098,0.923,1.07,0.471,1.238,2.975
2022-08-31,4.141,6.157,2.491,1.077,0.929,1.081,0.48,1.186,2.957
2022-09-01,4.107,6.135,2.463,1.076,0.917,1.063,0.478,1.175,2.985
2022-09-02,4.084,6.146,2.461,1.079,0.913,1.054,0.473,1.164,2.979
2022-09-05,4.082,6.177,2.467,1.074,0.92,1.037,0.465,1.173,3.033
2022-09-06,4.111,6.283,2.468,1.087,0.931,1.042,0.464,1.205,3.082
2022-09-07,4.119,6.299,2.493,1.102,0.925,1.028,0.463,1.224,3.074
2022-09-08,4.101,6.277,2.448,1.092,0.922,1.025,0.461,1.207,3.065
2022-09-09,4.159,6.315,2.476,1.083,0.939,1.036,0.475,1.206,3.108
2022-09-13,4.173,6.299,2.475,1.078,0.937,1.05,0.466,1.204,3.085
2022-09-14,4.127,6.251,2.431,1.08,0.923,1.045,0.464,1.178,3.059
2022-09-15,4.09,6.108,2.349,1.046,0.922,1.043,0.462,1.12,3.071
2022-09-16,4.0,5.956,2.297,1.045,0.869,1.024,0.448,1.098,2.981
2022-09-19,3.989,5.919,2.285,1.021,0.859,1.035,0.441,1.096,2.981
2022-09-20,3.991,5.949,2.297,1.028,0.859,1.04,0.442,1.128,2.978
2022-09-21,3.961,5.979,2.265,1.016,0.86,1.025,0.429,1.121,3.005
2022-09-22,3.932,5.97,2.252,1.021,0.855,1.01,0.421,1.121,3.017
2022-09-23,3.924,5.899,2.239,1.006,0.856,1.013,0.419,1.109,2.993
2022-09-26,3.899,5.806,2.253,1.004,0.838,1.016,0.416,1.122,2.945
2022-09-27,3.949,5.915,2.306,1.019,0.845,1.052,0.439,1.128,2.961
2022-09-28,3.893,5.776,2.249,0.999,0.831,1.046,0.434,1.083,2.94
2022-09-29,3.894,5.791,2.267,1.004,0.82,1.045,0.444,1.098,2.935
2022-09-30,3.868,5.713,2.221,0.981,0.816,1.042,0.442,1.062,2.96
2022-10-10,3.789,5.647,2.166,0.937,0.808,1.011,0.428,1.038,2.965
2022-10-11,3.786,5.682,2.192,0.932,0.816,1.013,0.426,1.065,2.955
2022-10-12,3.848,5.818,2.274,0.967,0.835,1.012,0.429,1.105,2.99
2022-10-13,3.815,5.833,2.282,0.969,0.83,1.008,0.438,1.095,2.944
2022-10-14,3.903,5.981,2.365,0.998,0.845,1.022,0.482,1.132,2.976
2022-10-17,3.902,6.008,2.362,1.005,0.849,1.018,0.481,1.12,2.967
2022-10-18,3.895,6.035,2.373,1.002,0.845,1.01,0.484,1.122,2.962
2022-10-19,3.836,5.984,2.355,0.993,0.837,0.982,0.474,1.112,2.959
2022-10-20,3.824,5.964,2.337,1.006,0.84,0.978,0.475,1.083,2.933
2022-10-21,3.802,5.964,2.321,1.012,0.844,0.967,0.473,1.079,2.946
2022-10-24,3.704,5.913,2.266,1.012,0.826,0.923,0.455,1.067,2.894
2022-10-25,3.688,5.866,2.241,1.016,0.811,0.92,0.444,1.085,2.866
2022-10-26,3.716,5.987,2.302,1.051,0.818,0.911,0.469,1.098,2.849
2022-10-27,3.69,5.969,2.265,1.048,0.822,0.887,0.46,1.09,2.863
2022-10-28,3.604,5.779,2.187,1.038,0.804,0.864,0.45,1.046,2.814
2022-10-31,3.565,5.814,2.202,1.06,0.805,0.856,0.446,1.036,2.747
2022-11-01,3.703,5.959,2.275,1.071,0.83,0.904,0.464,1.079,2.767
2022-11-02,3.737,6.002,2.305,1.084,0.832,0.916,0.471,1.093,2.8
2022-11-03,3.707,6.005,2.309,1.096,0.827,0.906,0.468,1.096,2.781
2022-11-04,3.834,6.157,2.383,1.121,0.85,0.943,0.478,1.15,2.829
2022-11-07,3.834,6.141,2.379,1.108,0.848,0.948,0.479,1.15,2.854
2022-11-08,3.811,6.147,2.363,1.098,0.845,0.932,0.47,1.146,2.854
2022-11-09,3.771,6.13,2.326,1.085,0.842,0.919,0.467,1.122,2.852
2022-11-10,3.75,6.109,2.288,1.067,0.848,0.928,0.464,1.095,2.859
2022-11-11,3.848,6.145,2.33,1.069,0.869,0.953,0.467,1.107,2.921
2022-11-14,3.85,6.135,2.302,1.071,0.876,0.945,0.479,1.073,2.91
2022-11-15,3.925,6.241,2.361,1.1,0.908,0.961,0.482,1.098,2.92
2022-11-16,3.896,6.212,2.33,1.081,0.892,0.96,0.482,1.071,2.911
2022-11-17,3.879,6.225,2.316,1.088,0.896,0.959,0.48,1.056,2.89
2022-11-18,3.866,6.213,2.315,1.076,0.884,0.954,0.487,1.054,2.877
2022-11-21,3.833,6.206,2.319,1.079,0.869,0.938,0.482,1.065,2.866
2022-11-22,3.831,6.14,2.273,1.061,0.87,0.936,0.473,1.041,2.885
2022-11-23,3.834,6.129,2.269,1.063,0.871,0.929,0.463,1.061,2.901
2022-11-24,3.816,6.13,2.264,1.06,0.867,0.923,0.465,1.06,2.917
2022-11-25,3.837,6.098,2.242,1.045,0.876,0.923,0.465,1.035,2.966
2022-11-28,3.792,6.071,2.233,1.038,0.862,0.924,0.457,1.026,2.948
2022-11-29,3.908,6.171,2.268,1.048,0.894,0.953,0.468,1.029,3.034
2022-11-30,3.911,6.157,2.265,1.041,0.894,0.955,0.464,1.036,3.014
2022-12-01,3.956,6.19,2.311,1.054,0.897,0.982,0.473,1.056,2.993
2022-12-02,3.933,6.175,2.316,1.054,0.894,0.987,0.469,1.057,2.972
2022-12-05,4.004,6.218,2.313,1.051,0.926,1.003,0.471,1.041,3.025
2022-12-06,4.027,6.215,2.319,1.049,0.921,1.021,0.471,1.044,3.013
2022-12-07,4.015,6.207,2.343,1.046,0.912,1.026,0.471,1.057,2.998
2022-12-08,4.024,6.197,2.338,1.044,0.91,1.018,0.47,1.06,3.013
2022-12-09,4.058,6.206,2.348,1.044,0.918,1.04,0.47,1.056,3.02
2022-12-12,4.016,6.183,2.333,1.048,0.896,1.025,0.473,1.038,2.958
2022-12-13,4.005,6.149,2.305,1.031,0.897,1.039,0.471,1.02,2.972
2022-12-14,4.015,6.123,2.299,1.026,0.903,1.059,0.47,1.011,2.966
2022-12-15,4.013,6.122,2.326,1.033,0.896,1.045,0.468,1.032,2.931
2022-12-16,4.017,6.099,2.298,1.02,0.893,1.049,0.47,1.006,2.953
2022-12-19,3.959,5.97,2.274,0.996,0.868,1.036,0.458,1.012,2.914
2022-12-20,3.896,5.906,2.243,0.994,0.863,1.002,0.451,1.001,2.88
2022-12-21,3.893,5.876,2.24,0.981,0.863,1.012,0.452,0.986,2.883
2022-12-22,3.901,5.813,2.235,0.971,0.862,1.033,0.46,0.964,2.861
2022-12-23,3.891,5.791,2.222,0.962,0.865,1.036,0.464,0.948,2.851
2022-12-26,3.9,5.86,2.262,0.992,0.862,1.026,0.463,0.99,2.844
2022-12-27,3.947,5.9,2.293,1.004,0.873,1.046,0.469,1.001,2.872
2022-12-28,3.934,5.884,2.267,0.998,0.867,1.041,0.469,0.995,2.878
2022-12-29,3.922,5.881,2.277,1.004,0.865,1.028,0.476,0.992,2.849
2022-12-30,3.938,5.887,2.279,1.003,0.869,1.044,0.478,0.987,2.863
2023-01-03,3.949,5.97,2.289,1.023,0.864,1.025,0.477,1.0,2.876
2023-01-04,3.954,5.968,2.267,1.016,0.866,1.024,0.48,0.978,2.897
2023-01-05,4.029,6.027,2.33,1.026,0.883,1.058,0.494,1.002,2.902
2023-01-06,4.045,6.04,2.35,1.032,0.884,1.058,0.491,1.036,2.897
2023-01-09,4.07,6.052,2.365,1.032,0.899,1.074,0.495,1.041,2.899
2023-01-10,4.076,6.067,2.401,1.032,0.898,1.079,0.502,1.046,2.883
2023-01-11,4.076,6.039,2.374,1.014,0.892,1.074,0.499,1.035,2.905
2023-01-12,4.082,6.033,2.382,1.016,0.9,1.068,0.496,1.047,2.892
2023-01-13,4.144,6.084,2.417,1.017,0.918,1.097,0.511,1.045,2.907
2023-01-16,4.143,6.143,2.462,1.035,0.947,1.119,0.531,1.052,2.788
2023-01-17,4.139,6.151,2.47,1.045,0.959,1.107,0.528,1.058,2.78
2023-01-18,4.13,6.175,2.468,1.05,0.955,1.097,0.523,1.064,2.783
2023-01-19,4.158,6.232,2.496,1.068,0.975,1.093,0.534,1.061,2.789
2023-01-20,4.181,6.277,2.507,1.073,0.969,1.091,0.532,1.081,2.817
2023-01-30,4.205,6.298,2.533,1.074,0.961,1.102,0.527,1.099,2.801
2023-01-31,4.159,6.303,2.507,1.058,0.956,1.083,0.513,1.102,2.809
2023-02-01,4.19,6.375,2.537,1.071,0.981,1.092,0.518,1.112,2.813
2023-02-02,4.18,6.385,2.524,1.075,0.961,1.097,0.52,1.099,2.817
2023-02-03,4.137,6.357,2.5,1.078,0.953,1.086,0.515,1.08,2.799
2023-02-06,4.08,6.328,2.468,1.068,0.935,1.067,0.503,1.067,2.784
2023-02-07,4.09,6.331,2.461,1.063,0.938,1.068,0.504,1.068,2.795
2023-02-08,4.073,6.285,2.447,1.054,0.929,1.059,0.505,1.064,2.788
2023-02-09,4.127,6.376,2.493,1.082,0.944,1.078,0.512,1.077,2.797
2023-02-10,4.103,6.356,2.465,1.068,0.936,1.08,0.51,1.058,2.8
2023-02-13,4.135,6.394,2.495,1.069,0.942,1.104,0.514,1.062,2.805
2023-02-14,4.144,6.411,2.49,1.065,0.94,1.1,0.515,1.057,2.822
2023-02-15,4.116,6.399,2.468,1.067,0.931,1.093,0.507,1.051,2.809
2023-02-16,4.087,6.314,2.436,1.049,0.926,1.091,0.505,1.031,2.794
2023-02-17,4.029,6.26,2.378,1.029,0.909,1.085,0.502,1.007,2.799
2023-02-20,4.134,6.358,2.403,1.042,0.946,1.104,0.509,1.018,2.843
2023-02-21,4.139,6.395,2.395,1.038,0.948,1.098,0.506,1.025,2.879
2023-02-22,4.099,6.389,2.377,1.032,0.939,1.101,0.503,1.016,2.883
2023-02-23,4.099,6.378,2.385,1.035,0.947,1.09,0.498,1.029,2.894
2023-02-24,4.06,6.364,2.357,1.033,0.931,1.079,0.494,1.012,2.886
2023-02-27,4.045,6.331,2.34,1.028,0.919,1.086,0.489,1.011,2.891
2023-02-28,4.071,6.372,2.359,1.033,0.927,1.089,0.494,1.013,2.898
2023-03-01,4.12,6.411,2.372,1.038,0.94,1.098,0.496,1.011,2.915
2023-03-02,4.115,6.404,2.347,1.032,0.937,1.093,0.491,0.995,2.929
2023-03-03,4.124,6.401,2.352,1.043,0.944,1.089,0.492,0.997,2.944
2023-03-06,4.099,6.403,2.361,1.053,0.93,1.085,0.49,1.014,2.93
2023-03-07,4.042,6.303,2.312,1.034,0.914,1.062,0.482,1.003,2.923
2023-03-08,4.026,6.313,2.308,1.038,0.913,1.054,0.48,0.996,2.921
2023-03-09,4.016,6.306,2.303,1.041,0.908,1.05,0.48,0.991,2.917
2023-03-10,3.961,6.226,2.3,1.037,0.896,1.034,0.48,0.981,2.877
2023-03-13,4.005,6.261,2.287,1.04,0.9,1.054,0.477,0.97,2.91
2023-03-14,3.98,6.21,2.276,1.055,0.891,1.053,0.477,0.959,2.895
2023-03-15,3.979,6.242,2.268,1.048,0.896,1.046,0.475,0.959,2.919
2023-03-16,3.933,6.165,2.233,1.032,0.89,1.035,0.473,0.928,2.898
2023-03-17,3.954,6.201,2.228,1.056,0.905,1.028,0.463,0.921,2.917
2023-03-20,3.932,6.182,2.226,1.068,0.895,1.013,0.456,0.927,2.904
2023-03-21,3.975,6.247,2.265,1.07,0.903,1.033,0.471,0.941,2.896
2023-03-22,3.993,6.281,2.27,1.074,0.898,1.033,0.472,0.944,2.91
2023-03-23,4.031,6.316,2.288,1.099,0.909,1.039,0.472,0.941,2.912
2023-03-24,4.026,6.324,2.297,1.104,0.911,1.038,0.469,0.943,2.894
2023-03-27,4.005,6.321,2.323,1.098,0.916,1.035,0.474,0.951,2.873
2023-03-28,3.997,6.305,2.298,1.08,0.906,1.049,0.475,0.938,2.878
2023-03-29,3.997,6.279,2.297,1.103,0.901,1.051,0.471,0.943,2.876
2023-03-30,4.04,6.312,2.313,1.108,0.906,1.062,0.473,0.949,2.887
2023-03-31,4.05,6.359,2.327,1.124,0.905,1.066,0.47,0.953,2.894
2023-04-03,4.08,6.423,2.366,1.169,0.942,1.064,0.466,0.958,2.915
2023-04-04,4.1,6.427,2.35,1.172,0.946,1.074,0.469,0.936,2.928
2023-04-06,4.088,6.426,2.354,1.193,0.939,1.058,0.472,0.938,2.911
2023-04-07,4.117,6.475,2.369,1.207,0.949,1.052,0.483,0.939,2.912
2023-04-10,4.102,6.432,2.368,1.172,0.939,1.041,0.487,0.958,2.909
2023-04-11,4.092,6.431,2.362,1.165,0.949,1.029,0.485,0.956,2.932
2023-04-12,4.088,6.453,2.353,1.173,0.952,1.01,0.481,0.939,2.966
2023-04-13,4.063,6.425,2.332,1.143,0.94,1.011,0.489,0.934,2.973
2023-04-14,4.084,6.44,2.355,1.182,0.941,1.003,0.488,0.947,2.965
2023-04-17,4.145,6.472,2.364,1.186,0.967,1.012,0.49,0.956,2.999
2023-04-18,4.152,6.459,2.354,1.172,0.962,1.019,0.485,0.961,3.018
2023-04-19,4.119,6.429,2.339,1.178,0.947,1.01,0.481,0.95,3.013
2023-04-20,4.103,6.422,2.314,1.211,0.951,0.999,0.471,0.924,3.009
2023-04-21,4.03,6.269,2.269,1.164,0.916,0.994,0.464,0.914,2.992
2023-04-24,3.979,6.227,2.234,1.142,0.9,0.976,0.462,0.895,2.987
2023-04-25,3.96,6.133,2.193,1.12,0.904,0.987,0.455,0.862,3.009
2023-04-26,3.951,6.159,2.226,1.116,0.902,0.984,0.455,0.908,3.015
2023-04-27,3.986,6.185,2.24,1.112,0.908,0.991,0.459,0.912,3.023
2023-04-28,4.025,6.277,2.255,1.133,0.928,1.002,0.461,0.907,3.059
2023-05-04,4.025,6.278,2.23,1.109,0.939,0.989,0.462,0.899,3.13
2023-05-05,4.009,6.222,2.202,1.093,0.953,0.995,0.455,0.887,3.158
2023-05-08,4.054,6.261,2.213,1.102,0.972,0.987,0.457,0.893,3.249
2023-05-09,4.019,6.204,2.18,1.078,0.983,0.987,0.453,0.877,3.211
2023-05-10,3.988,6.193,2.199,1.069,0.955,0.981,0.454,0.894,3.143
2023-05-11,3.983,6.174,2.211,1.07,0.954,0.978,0.452,0.905,3.136
2023-05-12,3.932,6.114,2.185,1.056,0.941,0.971,0.449,0.89,3.123
2023-05-15,3.995,6.182,2.234,1.067,0.955,0.977,0.459,0.924,3.116
2023-05-16,3.978,6.141,2.228,1.068,0.946,0.971,0.463,0.922,3.096
2023-05-17,3.951,6.143,2.229,1.072,0.944,0.961,0.459,0.921,3.083
2023-05-18,3.95,6.153,2.215,1.078,0.941,0.951,0.455,0.906,3.111
2023-05-19,3.944,6.158,2.215,1.084,0.928,0.96,0.459,0.9,3.068
2023-05-22,3.964,6.149,2.214,1.075,0.926,0.978,0.462,0.906,3.058
2023-05-23,3.907,6.084,2.187,1.06,0.913,0.967,0.462,0.898,3.02
2023-05-24,3.854,6.038,2.183,1.055,0.899,0.954,0.455,0.902,2.978
2023-05-25,3.845,6.02,2.184,1.065,0.901,0.946,0.452,0.906,2.963
2023-05-26,3.85,6.073,2.167,1.082,0.903,0.945,0.453,0.886,2.991
2023-05-29,3.834,6.066,2.143,1.072,0.894,0.938,0.452,0.864,3.022
2023-05-30,3.838,6.099,2.155,1.09,0.897,0.928,0.447,0.863,3.021
2023-05-31,3.802,6.092,2.131,1.097,0.891,0.912,0.437,0.851,2.988
2023-06-01,3.81,6.102,2.148,1.1,0.893,0.917,0.441,0.852,2.985
2023-06-02,3.863,6.154,2.175,1.1,0.899,0.933,0.443,0.868,2.984
2023-06-05,3.845,6.141,2.143,1.096,0.894,0.921,0.44,0.852,3.002
2023-06-06,3.808,6.027,2.106,1.067,0.882,0.918,0.433,0.841,2.992
2023-06-07,3.796,6.031,2.075,1.065,0.883,0.91,0.426,0.827,3.023
2023-06-08,3.828,6.018,2.071,1.053,0.894,0.919,0.423,0.827,3.06
2023-06-09,3.844,6.069,2.086,1.077,0.892,0.917,0.428,0.834,3.041
2023-06-12,3.848,6.087,2.095,1.071,0.883,0.937,0.428,0.836,3.01
2023-06-13,3.877,6.105,2.111,1.084,0.888,0.941,0.429,0.836,3.003
2023-06-14,3.877,6.112,2.106,1.08,0.889,0.955,0.431,0.826,2.985
2023-06-15,3.942,6.166,2.179,1.08,0.902,0.97,0.441,0.866,2.994
2023-06-16,3.979,6.209,2.208,1.098,0.906,0.974,0.443,0.875,2.989
2023-06-19,3.949,6.201,2.207,1.1,0.898,0.962,0.438,0.868,2.952
2023-06-20,3.942,6.198,2.21,1.101,0.895,0.952,0.436,0.867,2.925
2023-06-21,3.887,6.073,2.156,1.066,0.879,0.941,0.425,0.856,2.908
2023-06-26,3.843,5.972,2.133,1.057,0.858,0.927,0.423,0.859,2.862
2023-06-27,3.869,6.017,2.138,1.06,0.866,0.932,0.424,0.862,2.915
2023-06-28,3.877,6.031,2.126,1.055,0.866,0.935,0.421,0.867,2.935
2023-06-29,3.859,6.022,2.129,1.047,0.863,0.925,0.421,0.864,2.933
2023-06-30,3.882,6.095,2.164,1.052,0.879,0.926,0.425,0.879,2.938
2023-07-03,3.927,6.124,2.171,1.055,0.891,0.944,0.429,0.884,2.973
2023-07-04,3.934,6.138,2.174,1.061,0.891,0.948,0.432,0.878,2.95
2023-07-05,3.907,6.107,2.156,1.051,0.885,0.93,0.428,0.869,2.948
2023-07-06,3.879,6.072,2.137,1.048,0.885,0.924,0.422,0.864,2.941
2023-07-07,3.868,6.056,2.118,1.037,0.89,0.926,0.421,0.85,2.959
2023-07-10,3.884,6.077,2.145,1.039,0.89,0.929,0.423,0.875,2.966
2023-07-11,3.91,6.127,2.161,1.046,0.895,0.927,0.427,0.872,2.964
2023-07-12,3.891,6.066,2.139,1.03,0.889,0.929,0.425,0.874,2.946
2023-07-13,3.954,6.15,2.182,1.039,0.903,0.952,0.433,0.881,2.977
2023-07-14,3.952,6.126,2.169,1.036,0.901,0.946,0.431,0.867,2.992
2023-07-17,3.924,6.111,2.152,1.028,0.896,0.943,0.427,0.861,2.975
2023-07-18,3.918,6.102,2.147,1.025,0.899,0.935,0.43,0.856,2.968
2023-07-19,3.916,6.093,2.125,1.019,0.904,0.934,0.426,0.844,2.987
2023-07-20,3.888,6.027,2.103,1.007,0.896,0.934,0.424,0.843,2.978
2023-07-21,3.89,6.03,2.11,1.0,0.899,0.952,0.429,0.836,2.978
2023-07-24,3.873,6.02,2.09,0.995,0.898,0.938,0.431,0.824,2.976
2023-07-25,3.985,6.118,2.136,1.009,0.949,0.969,0.436,0.842,3.018
2023-07-26,3.976,6.107,2.135,1.006,0.946,0.968,0.44,0.844,3.025
2023-07-27,3.972,6.065,2.129,0.997,0.936,0.974,0.441,0.838,3.034
2023-07-28,4.068,6.157,2.163,1.007,1.017,0.993,0.448,0.846,3.086
2023-07-31,4.084,6.196,2.182,1.015,1.013,1.0,0.437,0.855,3.106
2023-08-01,4.066,6.201,2.168,1.014,1.011,0.987,0.435,0.85,3.11
2023-08-02,4.037,6.179,2.164,1.012,1.018,0.982,0.428,0.845,3.071
2023-08-03,4.073,6.2,2.187,1.015,1.054,0.988,0.434,0.858,3.087
2023-08-04,4.094,6.241,2.204,1.021,1.063,0.987,0.431,0.864,3.076
2023-08-07,4.063,6.2,2.185,1.014,1.066,0.979,0.418,0.859,3.048
2023-08-08,4.048,6.179,2.177,1.01,1.059,0.979,0.42,0.855,3.043
2023-08-09,4.04,6.137,2.174,1.001,1.053,0.977,0.426,0.852,3.033
2023-08-10,4.045,6.135,2.184,1.003,1.074,0.976,0.427,0.858,3.054
2023-08-11,3.95,6.014,2.129,0.983,1.027,0.957,0.421,0.838,3.012
2023-08-14,3.923,6.021,2.113,0.974,1.017,0.946,0.423,0.828,3.006
2023-08-15,3.919,5.988,2.096,0.96,1.036,0.942,0.419,0.815,3.03
2023-08-16,3.889,5.945,2.082,0.944,1.038,0.938,0.42,0.806,3.029
2023-08-17,3.902,5.981,2.094,0.954,1.038,0.954,0.422,0.808,3.028
2023-08-18,3.852,5.888,2.065,0.95,1.021,0.934,0.416,0.799,3.029
2023-08-21,3.8,5.811,2.035,0.936,0.985,0.927,0.412,0.783,3.004
2023-08-22,3.823,5.838,2.038,0.946,1.004,0.925,0.41,0.773,3.022
2023-08-23,3.768,5.738,1.987,0.922,0.977,0.912,0.402,0.75,3.028
2023-08-24,3.791,5.754,2.014,0.929,0.992,0.929,0.412,0.759,3.012
2023-08-25,3.784,5.686,1.991,0.912,0.998,0.929,0.409,0.755,3.015
2023-08-28,3.837,5.749,2.01,0.922,1.023,0.929,0.415,0.76,3.057
2023-08-29,3.859,5.874,2.067,0.97,1.016,0.941,0.421,0.775,3.057
2023-08-30,3.858,5.875,2.066,0.988,0.987,0.938,0.421,0.774,3.027
2023-08-31,3.839,5.846,2.052,0.987,0.968,0.933,0.419,0.765,2.994
2023-09-01,3.862,5.852,2.049,0.98,0.969,0.944,0.416,0.764,3.022
2023-09-04,3.92,5.936,2.067,0.989,0.976,0.962,0.42,0.772,3.068
2023-09-05,3.893,5.893,2.057,0.975,0.967,0.953,0.418,0.774,3.044
2023-09-06,3.883,5.891,2.049,0.979,0.964,0.95,0.412,0.767,3.041
2023-09-07,3.83,5.809,2.003,0.942,0.959,0.939,0.405,0.748,3.033
2023-09-08,3.809,5.807,1.998,0.944,0.964,0.932,0.405,0.737,3.014
2023-09-11,3.837,5.874,2.011,0.951,0.979,0.941,0.415,0.743,3.035
2023-09-12,3.832,5.876,1.998,0.945,0.968,0.942,0.413,0.744,3.03
2023-09-13,3.807,5.817,1.974,0.932,0.957,0.939,0.411,0.734,3.045
2023-09-14,3.804,5.812,1.96,0.925,0.961,0.937,0.411,0.727,3.083
2023-09-15,3.787,5.813,1.954,0.929,0.957,0.929,0.417,0.72,3.085
2023-09-18,3.8,5.825,1.968,0.923,0.955,0.935,0.423,0.728,3.087
2023-09-19,3.795,5.8,1.952,0.917,0.956,0.933,0.421,0.719,3.108
2023-09-20,3.777,5.759,1.936,0.908,0.952,0.931,0.419,0.711,3.116
2023-09-21,3.742,5.713,1.917,0.904,0.945,0.914,0.415,0.703,3.097
2023-09-22,3.817,5.811,1.964,0.927,0.974,0.932,0.419,0.715,3.111
2023-09-25,3.789,5.778,1.953,0.919,0.95,0.927,0.425,0.712,3.105
2023-09-26,3.768,5.759,1.938,0.92,0.952,0.921,0.423,0.704,3.092
2023-09-27,3.778,5.784,1.956,0.925,0.953,0.924,0.432,0.719,3.081
2023-09-28,3.764,5.792,1.953,0.932,0.947,0.911,0.428,0.719,3.077
2023-10-09,3.754,5.76,1.947,0.93,0.935,0.904,0.433,0.712,3.072
2023-10-10,3.727,5.732,1.938,0.924,0.932,0.9,0.426,0.707,3.043
2023-10-11,3.735,5.727,1.954,0.937,0.93,0.901,0.435,0.707,3.034
2023-10-12,3.771,5.77,1.968,0.943,0.941,0.905,0.437,0.725,3.06
2023-10-13,3.736,5.74,1.945,0.934,0.931,0.888,0.435,0.71,3.056
2023-10-16,3.693,5.683,1.906,0.916,0.929,0.875,0.428,0.693,3.075
2023-10-17,3.705,5.694,1.912,0.924,0.942,0.88,0.427,0.699,3.071
2023-10-18,3.677,5.626,1.887,0.913,0.941,0.877,0.42,0.687,3.048
2023-10-19,3.6,5.561,1.867,0.911,0.935,0.85,0.415,0.677,3.003
2023-10-20,3.582,5.523,1.85,0.904,0.938,0.844,0.408,0.686,2.98
2023-10-23,3.544,5.376,1.815,0.883,0.914,0.842,0.409,0.664,2.95
2023-10-24,3.549,5.44,1.832,0.893,0.945,0.847,0.411,0.667,2.971
2023-10-25,3.569,5.467,1.815,0.891,0.944,0.864,0.408,0.666,2.994
2023-10-26,3.582,5.491,1.829,0.892,0.943,0.872,0.412,0.657,3.004
2023-10-27,3.636,5.595,1.881,0.906,0.947,0.89,0.426,0.684,3.015
2023-10-30,3.652,5.64,1.926,0.92,0.943,0.901,0.438,0.692,2.974
2023-10-31,3.644,5.627,1.916,0.917,0.945,0.905,0.438,0.68,2.982
2023-11-01,3.642,5.615,1.908,0.913,0.942,0.914,0.435,0.676,2.979
2023-11-02,3.625,5.564,1.89,0.903,0.935,0.905,0.433,0.663,2.988
2023-11-03,3.653,5.605,1.918,0.918,0.946,0.913,0.435,0.671,2.974
2023-11-06,3.701,5.7,1.981,0.934,0.984,0.912,0.445,0.694,2.955
2023-11-07,3.69,5.709,1.967,0.935,0.987,0.908,0.442,0.689,2.957
2023-11-08,3.679,5.705,1.971,0.943,0.979,0.906,0.445,0.691,2.956
2023-11-09,3.682,5.693,1.967,0.937,0.975,0.906,0.441,0.699,2.981
2023-11-10,3.655,5.673,1.955,0.931,0.975,0.899,0.44,0.689,2.973
2023-11-13,3.65,5.704,1.958,0.937,0.97,0.895,0.435,0.692,2.978
2023-11-14,3.65,5.728,1.953,0.946,0.983,0.896,0.435,0.689,2.968
2023-11-15,3.675,5.765,1.963,0.942,0.984,0.901,0.44,0.699,2.977
2023-11-16,3.639,5.707,1.925,0.928,0.975,0.891,0.432,0.682,2.979
2023-11-17,3.634,5.726,1.934,0.932,0.979,0.888,0.435,0.682,2.969
2023-11-20,3.645,5.758,1.942,0.934,0.975,0.893,0.439,0.682,2.973
2023-11-21,3.65,5.741,1.931,0.927,0.973,0.904,0.439,0.678,2.989
2023-11-22,3.611,5.668,1.899,0.913,0.964,0.898,0.433,0.662,2.981
2023-11-23,3.63,5.719,1.911,0.918,0.967,0.898,0.435,0.664,3.001
2023-11-24,3.605,5.673,1.888,0.906,0.957,0.899,0.434,0.655,3.009
2023-11-27,3.581,5.659,1.878,0.909,0.946,0.892,0.43,0.644,3.0
2023-11-28,3.585,5.685,1.89,0.913,0.945,0.889,0.436,0.647,2.994
2023-11-29,3.558,5.656,1.867,0.906,0.936,0.887,0.434,0.636,2.981
2023-11-30,3.562,5.637,1.874,0.907,0.938,0.892,0.436,0.633,2.99
2023-12-01,3.548,5.664,1.881,0.91,0.945,0.879,0.434,0.629,3.002
2023-12-04,3.524,5.652,1.858,0.906,0.942,0.874,0.422,0.624,3.008
2023-12-05,3.458,5.565,1.823,0.89,0.93,0.857,0.416,0.617,2.972
2023-12-06,3.463,5.577,1.834,0.892,0.927,0.865,0.417,0.63,2.969
2023-12-07,3.454,5.582,1.829,0.891,0.932,0.86,0.412,0.625,2.97
2023-12-08,3.461,5.594,1.843,0.91,0.925,0.861,0.416,0.623,2.971
2023-12-11,3.485,5.656,1.868,0.923,0.94,0.856,0.419,0.624,2.997
2023-12-12,3.493,5.666,1.856,0.917,0.936,0.859,0.417,0.621,3.009
2023-12-13,3.435,5.607,1.822,0.907,0.925,0.834,0.413,0.604,2.987
2023-12-14,3.419,5.588,1.812,0.902,0.921,0.823,0.412,0.601,2.995
2023-12-15,3.412,5.544,1.802,0.895,0.921,0.826,0.407,0.604,2.978
2023-12-18,3.398,5.483,1.773,0.886,0.92,0.823,0.407,0.589,2.975
2023-12-19,3.4,5.474,1.781,0.892,0.918,0.821,0.403,0.593,2.967
2023-12-20,3.369,5.412,1.755,0.881,0.893,0.811,0.401,0.587,2.965
2023-12-21,3.4,5.426,1.787,0.893,0.893,0.822,0.405,0.604,2.945
2023-12-22,3.406,5.41,1.78,0.888,0.89,0.824,0.403,0.612,2.941
2023-12-25,3.415,5.403,1.783,0.883,0.885,0.83,0.404,0.615,2.939
2023-12-26,3.395,5.356,1.761,0.868,0.874,0.825,0.401,0.613,2.922
2023-12-27,3.405,5.372,1.763,0.873,0.882,0.83,0.403,0.608,2.934
2023-12-28,3.489,5.475,1.833,0.894,0.902,0.855,0.41,0.65,2.916
2023-12-29,3.499,5.519,1.842,0.897,0.902,0.853,0.411,0.645,2.931
2024-01-02,3.453,5.497,1.806,0.886,0.891,0.839,0.407,0.631,2.97
2024-01-03,3.443,5.49,1.787,0.874,0.892,0.834,0.405,0.634,3.01
2024-01-04,3.413,5.446,1.754,0.866,0.884,0.819,0.401,0.621,3.034
2024-01-05,3.396,5.376,1.728,0.849,0.877,0.814,0.393,0.615,3.044
2024-01-08,3.349,5.25,1.699,0.824,0.86,0.8,0.389,0.606,3.015
2024-01-09,3.357,5.262,1.706,0.824,0.858,0.802,0.39,0.617,3.038
2024-01-10,3.341,5.249,1.698,0.818,0.854,0.805,0.386,0.621,3.023
2024-01-11,3.36,5.312,1.732,0.829,0.862,0.81,0.39,0.638,2.995
2024-01-12,3.349,5.292,1.714,0.818,0.853,0.806,0.384,0.636,3.01
2024-01-15,3.345,5.279,1.698,0.813,0.852,0.802,0.385,0.626,3.024
2024-01-16,3.367,5.274,1.708,0.817,0.863,0.805,0.385,0.636,3.034
2024-01-17,3.292,5.141,1.656,0.795,0.847,0.784,0.376,0.614,2.997
2024-01-18,3.268,5.146,1.683,0.806,0.855,0.795,0.381,0.632,2.972
2024-01-19,3.275,5.106,1.669,0.803,0.846,0.795,0.381,0.625,2.95
2024-01-22,3.206,4.87,1.623,0.776,0.828,0.777,0.374,0.605,2.881
2024-01-23,3.228,4.948,1.642,0.786,0.845,0.778,0.375,0.611,2.768
2024-01-24,3.279,5.018,1.65,0.788,0.887,0.784,0.379,0.607,2.836
2024-01-25,3.335,5.166,1.675,0.804,0.89,0.795,0.382,0.617,2.908
2024-01-26,3.329,5.109,1.637,0.785,0.89,0.793,0.371,0.605,2.949
2024-01-29,3.299,5.013,1.58,0.764,0.875,0.798,0.36,0.576,2.964
2024-01-30,3.243,4.911,1.544,0.735,0.864,0.778,0.353,0.562,2.93
2024-01-31,3.222,4.783,1.533,0.722,0.855,0.771,0.341,0.551,2.934
2024-02-01,3.218,4.765,1.548,0.726,0.852,0.774,0.344,0.553,2.904
2024-02-02,3.188,4.637,1.508,0.707,0.833,0.774,0.334,0.534,2.912
2024-02-05,3.208,4.535,1.527,0.709,0.815,0.779,0.34,0.523,2.918
2024-02-06,3.311,4.913,1.623,0.757,0.863,0.81,0.363,0.555,2.96
2024-02-07,3.34,5.225,1.66,0.777,0.873,0.828,0.372,0.567,3.004
2024-02-08,3.362,5.249,1.681,0.786,0.881,0.825,0.368,0.58,3.005
2024-02-19,3.389,5.215,1.697,0.798,0.871,0.827,0.369,0.577,3.075
2024-02-20,3.401,5.215,1.696,0.79,0.882,0.821,0.371,0.575,3.119
2024-02-21,3.449,5.212,1.703,0.791,0.891,0.846,0.375,0.583,3.112
2024-02-22,3.475,5.257,1.71,0.799,0.901,0.848,0.376,0.587,3.17
2024-02-23,3.478,5.281,1.709,0.801,0.902,0.849,0.375,0.593,3.152
2024-02-26,3.443,5.271,1.704,0.806,0.895,0.84,0.374,0.587,3.083
2024-02-27,3.484,5.398,1.746,0.836,0.909,0.842,0.378,0.597,3.1
2024-02-28,3.448,5.259,1.701,0.808,0.895,0.834,0.372,0.588,3.094
2024-02-29,3.503,5.431,1.761,0.847,0.913,0.848,0.379,0.61,3.112
2024-03-01,3.53,5.467,1.775,0.855,0.92,0.846,0.378,0.614,3.107
2024-03-04,3.527,5.465,1.783,0.856,0.908,0.841,0.387,0.616,3.134
2024-03-05,3.556,5.438,1.78,0.857,0.901,0.854,0.386,0.607,3.155
2024-03-06,3.542,5.433,1.782,0.85,0.902,0.843,0.384,0.618,3.153
2024-03-07,3.523,5.363,1.742,0.832,0.89,0.84,0.369,0.603,3.172
2024-03-08,3.533,5.434,1.756,0.841,0.892,0.834,0.37,0.616,3.189
2024-03-11,3.581,5.536,1.84,0.857,0.906,0.852,0.38,0.65,3.157
2024-03-12,3.586,5.505,1.851,0.856,0.912,0.875,0.389,0.65,3.086
2024-03-13,3.565,5.497,1.841,0.853,0.898,0.867,0.385,0.646,3.068
2024-03-14,3.552,5.474,1.832,0.842,0.891,0.864,0.387,0.637,3.077
2024-03-15,3.561,5.549,1.833,0.847,0.896,0.867,0.384,0.637,3.071
2024-03-18,3.592,5.62,1.875,0.864,0.917,0.87,0.386,0.651,3.054
2024-03-19,3.569,5.561,1.853,0.852,0.9,0.88,0.381,0.642,3.052
2024-03-20,3.572,5.575,1.856,0.854,0.902,0.878,0.379,0.643,3.058
2024-03-21,3.57,5.548,1.846,0.846,0.906,0.885,0.376,0.635,3.062
2024-03-22,3.539,5.465,1.817,0.832,0.89,0.866,0.371,0.618,3.068
2024-03-25,3.52,5.384,1.781,0.82,0.864,0.862,0.369,0.608,3.078
2024-03-26,3.531,5.36,1.792,0.81,0.866,0.871,0.367,0.622,3.061
2024-03-27,3.493,5.236,1.742,0.789,0.851,0.86,0.363,0.602,3.06
2024-03-28,3.51,5.303,1.758,0.799,0.853,0.86,0.365,0.606,3.052
2024-03-29,3.526,5.371,1.768,0.8,0.856,0.865,0.363,0.613,3.072
2024-04-01,3.584,5.484,1.822,0.813,0.869,0.882,0.369,0.633,3.067
2024-04-02,3.572,5.462,1.808,0.806,0.863,0.876,0.363,0.638,3.088
2024-04-03,3.558,5.459,1.79,0.794,0.856,0.88,0.361,0.634,3.125
2024-04-08,3.529,5.379,1.758,0.778,0.842,0.855,0.354,0.621,3.135
2024-04-09,3.523,5.424,1.777,0.785,0.845,0.855,0.361,0.635,3.12
2024-04-10,3.497,5.361,1.739,0.773,0.829,0.843,0.355,0.623,3.131
2024-04-11,3.494,5.386,1.731,0.774,0.826,0.839,0.353,0.62,3.171
2024-04-12,3.466,5.357,1.713,0.773,0.811,0.825,0.348,0.604,3.164
2024-04-15,3.539,5.428,1.746,0.785,0.824,0.848,0.352,0.614,3.23
2024-04-16,3.507,5.28,1.713,0.768,0.809,0.84,0.348,0.594,3.244
2024-04-17,3.553,5.421,1.747,0.785,0.825,0.845,0.354,0.608,3.277
2024-04-18,3.559,5.431,1.738,0.781,0.832,0.85,0.35,0.606,3.286
2024-04-19,3.531,5.394,1.705,0.765,0.827,0.842,0.347,0.589,3.308
2024-04-22,3.524,5.349,1.703,0.766,0.829,0.859,0.349,0.587,3.221
2024-04-23,3.499,5.287,1.705,0.763,0.827,0.865,0.353,0.58,3.173
2024-04-24,3.513,5.349,1.719,0.773,0.828,0.863,0.351,0.575,3.174
2024-04-25,3.523,5.341,1.716,0.768,0.827,0.861,0.351,0.575,3.193
2024-04-26,3.573,5.461,1.774,0.787,0.878,0.873,0.359,0.586,3.164
2024-04-29,3.616,5.567,1.837,0.812,0.889,0.879,0.369,0.613,3.13
2024-04-30,3.598,5.529,1.816,0.804,0.873,0.88,0.368,0.601,3.143
2024-05-06,3.648,5.614,1.853,0.813,0.878,0.898,0.377,0.612,3.16
2024-05-07,3.65,5.613,1.85,0.806,0.875,0.899,0.377,0.615,3.16
2024-05-08,3.621,5.542,1.821,0.797,0.862,0.9,0.372,0.603,3.182
2024-05-09,3.656,5.643,1.856,0.815,0.87,0.903,0.373,0.622,3.193
2024-05-10,3.658,5.623,1.84,0.804,0.876,0.9,0.371,0.615,3.212
2024-05-13,3.655,5.594,1.817,0.798,0.878,0.893,0.371,0.608,3.216
2024-05-14,3.649,5.588,1.813,0.796,0.883,0.894,0.376,0.606,3.203
2024-05-15,3.623,5.539,1.797,0.784,0.859,0.885,0.37,0.599,3.202
2024-05-16,3.635,5.513,1.801,0.781,0.858,0.89,0.369,0.596,3.209
2024-05-17,3.676,5.504,1.824,0.79,0.871,0.903,0.369,0.601,3.23
2024-05-20,3.684,5.524,1.831,0.789,0.872,0.912,0.369,0.604,3.269
2024-05-21,3.672,5.484,1.818,0.783,0.866,0.91,0.365,0.597,3.285
2024-05-22,3.68,5.478,1.839,0.789,0.869,0.903,0.364,0.621,3.285
2024-05-23,3.643,5.383,1.811,0.777,0.851,0.893,0.359,0.604,3.243
2024-05-24,3.602,5.331,1.781,0.761,0.84,0.883,0.355,0.599,3.238
2024-05-27,3.632,5.383,1.792,0.772,0.848,0.888,0.357,0.598,3.295
2024-05-28,3.609,5.336,1.769,0.769,0.84,0.876,0.355,0.594,3.286
2024-05-29,3.61,5.347,1.772,0.769,0.841,0.876,0.355,0.605,3.289
2024-05-30,3.596,5.336,1.777,0.777,0.84,0.866,0.353,0.605,3.266
2024-05-31,3.582,5.335,1.772,0.778,0.839,0.866,0.352,0.598,3.273
2024-06-03,3.587,5.294,1.782,0.785,0.828,0.867,0.35,0.598,3.242
2024-06-04,3.612,5.365,1.806,0.789,0.834,0.874,0.357,0.606,3.255
2024-06-05,3.599,5.307,1.796,0.788,0.831,0.866,0.357,0.6,3.217
2024-06-06,3.599,5.269,1.785,0.779,0.82,0.859,0.353,0.592,3.234
2024-06-07,3.576,5.244,1.748,0.775,0.815,0.851,0.352,0.581,3.261
2024-06-11,3.551,5.256,1.752,0.794,0.816,0.837,0.353,0.58,3.205
2024-06-12,3.547,5.271,1.743,0.793,0.816,0.837,0.354,0.576,3.246
2024-06-13,3.534,5.244,1.742,0.796,0.815,0.823,0.349,0.575,3.218
2024-06-14,3.554,5.269,1.756,0.791,0.833,0.831,0.347,0.574,3.223
2024-06-17,3.544,5.251,1.768,0.794,0.832,0.824,0.347,0.577,3.181
2024-06-18,3.555,5.278,1.776,0.794,0.838,0.814,0.343,0.576,3.188
2024-06-19,3.545,5.224,1.753,0.787,0.827,0.808,0.341,0.567,3.188
2024-06-20,3.522,5.146,1.728,0.791,0.82,0.8,0.336,0.555,3.194
2024-06-21,3.516,5.155,1.723,0.795,0.821,0.796,0.334,0.553,3.199
2024-06-24,3.499,5.047,1.696,0.774,0.813,0.795,0.331,0.542,3.157
2024-06-25,3.478,5.003,1.666,0.751,0.799,0.791,0.329,0.534,3.17
2024-06-26,3.499,5.072,1.699,0.764,0.81,0.794,0.334,0.543,3.178
2024-06-27,3.48,4.988,1.67,0.75,0.801,0.786,0.329,0.531,3.178
2024-06-28,3.487,4.996,1.652,0.745,0.783,0.78,0.326,0.526,3.201
2024-07-01,3.501,5.055,1.65,0.743,0.784,0.782,0.327,0.53,3.269
2024-07-02,3.496,5.009,1.633,0.732,0.782,0.785,0.323,0.522,3.271
2024-07-03,3.49,4.966,1.629,0.734,0.782,0.781,0.322,0.523,3.249
2024-07-04,3.475,4.895,1.616,0.723,0.767,0.772,0.317,0.514,3.235
2024-07-05,3.458,4.93,1.623,0.731,0.768,0.768,0.325,0.516,3.218
2024-07-08,3.434,4.848,1.596,0.724,0.748,0.756,0.317,0.505,3.207
2024-07-09,3.471,4.936,1.62,0.742,0.763,0.756,0.319,0.508,3.233
2024-07-10,3.463,4.908,1.618,0.743,0.764,0.758,0.319,0.508,3.167
2024-07-11,3.509,5.007,1.654,0.751,0.776,0.775,0.329,0.526,3.162
2024-07-12,3.519,4.985,1.653,0.752,0.775,0.775,0.329,0.527,3.158
2024-07-15,3.526,4.949,1.64,0.748,0.773,0.78,0.326,0.521,3.195
2024-07-16,3.551,4.966,1.664,0.764,0.78,0.78,0.327,0.531,3.182
2024-07-17,3.556,4.931,1.663,0.762,0.786,0.795,0.335,0.531,3.169
2024-07-18,3.577,4.954,1.686,0.769,0.79,0.798,0.338,0.537,3.173
2024-07-19,3.6,4.946,1.692,0.784,0.799,0.807,0.341,0.542,3.15
2024-07-22,3.571,4.934,1.693,0.787,0.805,0.793,0.342,0.541,3.118
2024-07-23,3.501,4.794,1.64,0.756,0.786,0.765,0.332,0.529,3.097
2024-07-24,3.479,4.737,1.619,0.746,0.777,0.756,0.328,0.525,3.099
2024-07-25,3.459,4.731,1.614,0.748,0.787,0.758,0.328,0.535,3.085
2024-07-26,3.474,4.806,1.627,0.753,0.801,0.758,0.328,0.54,3.067
2024-07-29,3.454,4.776,1.604,0.74,0.793,0.744,0.322,0.529,3.079
2024-07-30,3.431,4.772,1.601,0.743,0.797,0.744,0.32,0.526,3.064
2024-07-31,3.508,4.975,1.658,0.778,0.841,0.768,0.334,0.54,3.093
2024-08-01,3.483,4.93,1.636,0.774,0.835,0.752,0.332,0.534,3.096
2024-08-02,3.447,4.864,1.609,0.762,0.819,0.752,0.334,0.525,3.088
2024-08-05,3.408,4.77,1.576,0.738,0.812,0.76,0.334,0.52,3.047
2024-08-06,3.408,4.821,1.597,0.748,0.815,0.765,0.338,0.53,3.036
2024-08-07,3.401,4.823,1.589,0.742,0.81,0.759,0.336,0.531,3.048
2024-08-08,3.405,4.833,1.582,0.745,0.813,0.772,0.338,0.527,3.059
2024-08-09,3.393,4.792,1.566,0.742,0.806,0.766,0.331,0.521,3.048
2024-08-12,3.389,4.794,1.563,0.742,0.804,0.767,0.336,0.518,3.068
2024-08-13,3.394,4.804,1.578,0.746,0.815,0.762,0.332,0.522,3.069
2024-08-14,3.37,4.737,1.555,0.736,0.808,0.749,0.328,0.515,3.062
2024-08-15,3.408,4.774,1.565,0.743,0.817,0.755,0.329,0.519,3.091
2024-08-16,3.41,4.746,1.561,0.74,0.812,0.748,0.329,0.514,3.096
2024-08-19,3.419,4.754,1.559,0.739,0.811,0.742,0.326,0.512,3.126
2024-08-20,3.403,4.672,1.539,0.728,0.805,0.73,0.322,0.508,3.091
2024-08-21,3.388,4.663,1.529,0.726,0.8,0.723,0.32,0.506,3.058
2024-08-22,3.379,4.607,1.516,0.719,0.788,0.714,0.318,0.502,3.061
2024-08-23,3.393,4.608,1.517,0.72,0.795,0.715,0.317,0.499,3.059
2024-08-26,3.394,4.613,1.515,0.715,0.795,0.711,0.315,0.506,3.043
2024-08-27,3.377,4.567,1.5,0.708,0.788,0.703,0.315,0.502,3.05
2024-08-28,3.357,4.568,1.501,0.704,0.789,0.696,0.314,0.502,3.037
2024-08-29,3.347,4.632,1.513,0.713,0.794,0.705,0.317,0.512,2.981
2024-08-30,3.392,4.712,1.552,0.728,0.814,0.722,0.323,0.52,2.99
2024-09-02,3.332,4.617,1.507,0.703,0.793,0.701,0.316,0.507,3.005
2024-09-03,3.344,4.666,1.525,0.708,0.799,0.709,0.32,0.512,2.978
2024-09-04,3.323,4.654,1.525,0.705,0.798,0.703,0.319,0.515,2.977
2024-09-05,3.33,4.675,1.536,0.705,0.806,0.708,0.322,0.516,2.979
2024-09-06,3.302,4.611,1.508,0.696,0.809,0.699,0.316,0.505,2.955
2024-09-09,3.261,4.578,1.513,0.687,0.808,0.691,0.316,0.502,2.9
2024-09-10,3.261,4.576,1.512,0.692,0.805,0.691,0.314,0.5,2.907
2024-09-11,3.254,4.588,1.528,0.695,0.804,0.69,0.315,0.507,2.843
2024-09-12,3.243,4.57,1.525,0.69,0.803,0.677,0.311,0.509,2.853
2024-09-13,3.228,4.522,1.509,0.683,0.805,0.667,0.31,0.497,2.845
2024-09-18,3.238,4.537,1.504,0.678,0.806,0.658,0.309,1.597,2.878
2024-09-19,3.265,4.6,1.519,0.683,0.816,0.673,0.312,1.614,2.873
2024-09-20,3.274,4.568,1.508,0.678,0.816,0.67,0.308,1.594,2.874
2024-09-23,3.283,4.567,1.501,0.674,0.816,0.669,0.307,1.586,2.905
2024-09-24,3.427,4.779,1.587,0.699,0.866,0.712,0.317,1.662,3.039
2024-09-25,3.474,4.813,1.61,0.7,0.882,0.714,0.322,1.683,3.085
2024-09-26,3.64,5.061,1.686,0.728,0.938,0.785,0.335,1.737,3.189
2024-09-27,3.869,5.493,1.86,0.792,1.006,0.849,0.363,1.854,3.178
2024-09-30,4.233,5.995,2.232,0.95,1.107,0.934,0.399,2.039,3.399
2024-10-08,4.412,6.246,2.678,1.14,1.218,0.926,0.439,2.243,3.404
2024-10-09,4.022,5.863,2.242,1.096,1.179,0.834,0.4,2.089,3.148
2024-10-10,4.086,5.789,2.174,1.026,1.113,0.859,0.4,2.082,3.27
2024-10-11,3.977,5.556,2.06,0.951,1.116,0.836,0.379,1.976,3.226
2024-10-14,4.04,5.693,2.116,0.974,1.124,0.842,0.382,2.01,3.312
2024-10-15,3.931,5.551,2.045,0.946,1.087,0.814,0.37,1.957,3.231
2024-10-16,3.906,5.546,2.0,0.923,1.094,0.804,0.363,1.915,3.279
2024-10-17,3.863,5.502,1.995,0.926,1.088,0.789,0.36,1.889,3.231
2024-10-18,4.016,5.737,2.156,1.041,1.169,0.812,0.376,1.988,3.252
2024-10-21,4.016,5.793,2.167,1.05,1.137,0.818,0.377,2.026,3.232
2024-10-22,4.04,5.846,2.175,1.037,1.146,0.828,0.381,2.066,3.244
2024-10-23,4.055,5.869,2.162,1.032,1.14,0.836,0.382,2.133,3.245
2024-10-24,4.011,5.818,2.132,1.029,1.138,0.823,0.376,2.072,3.226
2024-10-25,4.04,5.907,2.196,1.045,1.147,0.83,0.382,2.198,3.224
2024-10-28,4.046,5.975,2.188,1.039,1.149,0.85,0.385,2.192,3.245
2024-10-29,4.013,5.916,2.135,1.028,1.136,0.83,0.378,2.142,3.2
2024-10-30,3.971,5.934,2.111,1.008,1.133,0.825,0.373,2.12,3.165
2024-10-31,3.971,6.0,2.122,1.02,1.166,0.823,0.37,2.164,3.146
2024-11-01,3.979,5.946,2.084,0.99,1.153,0.83,0.371,2.14,3.175
2024-11-04,4.032,6.033,2.145,1.004,1.198,0.841,0.375,2.156,3.189
2024-11-05,4.137,6.216,2.249,1.05,1.265,0.857,0.383,2.217,3.218
2024-11-06,4.111,6.223,2.223,1.053,1.257,0.854,0.382,2.216,3.19
2024-11-07,4.248,6.343,2.306,1.087,1.364,0.907,0.397,2.232,3.259
2024-11-08,4.194,6.326,2.282,1.081,1.32,0.886,0.394,2.23,3.226
2024-11-11,4.215,6.432,2.349,1.13,1.321,0.879,0.397,2.306,3.193
2024-11-12,4.169,6.372,2.345,1.105,1.289,0.873,0.402,2.299,3.173
2024-11-13,4.195,6.353,2.372,1.116,1.286,0.872,0.399,2.318,3.193
2024-11-14,4.124,6.181,2.288,1.08,1.265,0.858,0.387,2.245,3.167
2024-11-15,4.055,6.021,2.204,1.04,1.215,0.848,0.38,2.168,3.17
2024-11-18,4.038,5.931,2.149,1.02,1.199,0.839,0.375,2.138,3.218
2024-11-19,4.058,6.024,2.215,1.052,1.225,0.84,0.379,2.216,3.209
2024-11-20,4.068,6.085,2.223,1.055,1.225,0.842,0.387,2.21,3.215
2024-11-21,4.073,6.08,2.223,1.064,1.237,0.841,0.385,2.209,3.218
2024-11-22,3.953,5.84,2.136,1.022,1.178,0.813,0.371,2.13,3.142
2024-11-25,3.931,5.825,2.132,1.008,1.167,0.812,0.368,2.152,3.148
2024-11-26,3.923,5.785,2.109,1.002,1.167,0.816,0.37,2.112,3.159
2024-11-27,3.987,5.896,2.165,1.038,1.196,0.827,0.376,2.153,3.189
2024-11-28,3.958,5.858,2.128,1.034,1.184,0.817,0.373,2.135,3.186
2024-11-29,4.001,5.944,2.179,1.06,1.216,0.828,0.377,2.16,3.201
2024-12-02,4.031,6.036,2.211,1.068,1.23,0.837,0.381,2.176,3.209
2024-12-03,4.035,6.026,2.198,1.057,1.229,0.836,0.379,2.174,3.241
2024-12-04,4.014,5.981,2.17,1.05,1.214,0.829,0.374,2.129,3.266
2024-12-05,4.007,5.998,2.177,1.053,1.228,0.825,0.373,2.128,3.259
2024-12-06,4.057,6.076,2.224,1.067,1.244,0.833,0.382,2.15,3.302
2024-12-09,4.054,6.043,2.206,1.054,1.232,0.828,0.383,2.134,3.31
2024-12-10,4.085,6.095,2.221,1.063,1.244,0.84,0.381,2.132,3.306
2024-12-11,4.075,6.141,2.218,1.059,1.241,0.853,0.381,2.122,3.319
2024-12-12,4.117,6.197,2.248,1.063,1.259,0.87,0.385,2.14,3.325
2024-12-13,4.02,6.099,2.193,1.042,1.219,0.846,0.374,2.09,3.288
2024-12-16,3.996,6.005,2.158,1.025,1.201,0.834,0.37,2.055,3.317
2024-12-17,4.007,5.941,2.159,1.019,1.203,0.836,0.369,2.052,3.312
2024-12-18,4.024,5.979,2.158,1.033,1.202,0.835,0.37,2.046,3.332
2024-12-19,4.03,5.997,2.171,1.045,1.198,0.828,0.369,2.033,3.292
2024-12-20,4.018,6.009,2.169,1.065,1.203,0.826,0.368,2.024,3.264
2024-12-23,4.022,5.915,2.147,1.052,1.188,0.821,0.366,2.018,3.278
2024-12-24,4.069,5.982,2.17,1.069,1.209,0.829,0.37,2.047,3.311
2024-12-25,4.072,5.932,2.156,1.072,1.201,0.824,0.369,2.027,3.326
2024-12-26,4.073,5.977,2.166,1.081,1.204,0.823,0.367,2.017,3.316
2024-12-27,4.067,5.991,2.163,1.074,1.213,0.826,0.366,2.014,3.315
2024-12-30,4.086,5.989,2.165,1.077,1.225,0.822,0.366,2.018,3.362
2024-12-31,4.022,5.811,2.102,1.045,1.17,0.817,0.361,1.978,3.351
2025-01-02,3.909,5.637,2.019,1.009,1.106,0.799,0.351,1.92,3.279
2025-01-03,3.869,5.523,1.978,0.993,1.076,0.791,0.348,1.883,3.248
2025-01-06,3.853,5.51,1.976,0.989,1.077,0.781,0.349,1.888,3.248
2025-01-07,3.88,5.568,1.99,1.018,1.089,0.783,0.344,1.891,3.234
2025-01-08,3.874,5.545,1.968,1.017,1.077,0.781,0.341,1.879,3.228
2025-01-09,3.866,5.541,1.971,1.015,1.073,0.778,0.341,1.877,3.184
2025-01-10,3.823,5.459,1.938,1.005,1.054,0.768,0.336,1.833,3.151
2025-01-13,3.808,5.468,1.942,1.005,1.057,0.77,0.338,1.84,3.124
2025-01-14,3.906,5.655,2.036,1.037,1.103,0.788,0.346,1.899,3.174
2025-01-15,3.883,5.61,1.999,1.032,1.09,0.78,0.343,1.897,3.183
2025-01-16,3.885,5.537,2.01,1.011,1.092,0.775,0.34,1.91,3.213
2025-01-17,3.898,5.581,2.026,1.02,1.094,0.783,0.341,1.908,3.196
2025-01-20,3.917,5.608,2.062,1.022,1.099,0.785,0.347,1.928,3.185
2025-01-21,3.922,5.628,2.07,1.031,1.103,0.781,0.346,1.901,3.027
2025-01-22,3.886,5.607,2.059,1.029,1.097,0.769,0.342,1.874,3.003
2025-01-23,3.897,5.584,2.052,1.021,1.101,0.77,0.343,1.87,3.052
2025-01-24,3.929,5.652,2.084,1.029,1.114,0.773,0.346,1.892,3.067
2025-01-27,3.907,5.585,2.028,1.009,1.086,0.773,0.346,1.875,3.105
2025-02-05,3.887,5.608,2.024,1.037,1.086,0.761,0.346,1.866,3.043
2025-02-06,3.932,5.74,2.08,1.067,1.104,0.765,0.349,1.908,3.041
2025-02-07,3.988,5.831,2.131,1.076,1.128,0.772,0.354,1.963,3.054
2025-02-10,3.992,5.882,2.142,1.094,1.13,0.77,0.357,1.95,3.047
2025-02-11,3.976,5.859,2.113,1.08,1.12,0.763,0.353,1.913,3.06
2025-02-12,4.014,5.936,2.15,1.099,1.139,0.77,0.354,1.937,3.062
2025-02-13,4.004,5.907,2.135,1.073,1.131,0.787,0.353,1.931,3.065
2025-02-14,4.034,5.953,2.174,1.078,1.133,0.787,0.362,1.947,3.068
2025-02-17,4.041,5.944,2.182,1.093,1.139,0.788,0.364,1.949,3.055
2025-02-18,4.012,5.844,2.14,1.066,1.108,0.78,0.357,1.938,3.053
2025-02-19,4.033,5.937,2.185,1.092,1.122,0.787,0.358,1.962,3.035
2025-02-20,4.021,5.952,2.184,1.091,1.119,0.784,0.365,1.944,3.022
2025-02-21,4.075,6.054,2.239,1.157,1.141,0.786,0.373,1.963,3.0
2025-02-24,4.062,6.036,2.221,1.161,1.135,0.792,0.368,1.971,2.996
2025-02-25,4.021,5.973,2.197,1.162,1.117,0.778,0.362,1.969,2.975
2025-02-26,4.054,6.045,2.223,1.186,1.149,0.784,0.367,2.011,3.001
2025-02-27,4.067,6.029,2.212,1.185,1.144,0.798,0.367,2.011,3.028
2025-02-28,3.994,5.867,2.128,1.133,1.109,0.797,0.357,1.97,3.01
2025-03-03,3.981,5.877,2.154,1.119,1.105,0.795,0.358,2.02,2.997
2025-03-04,3.977,5.929,2.149,1.139,1.112,0.791,0.359,1.993,2.996
2025-03-05,3.994,5.944,2.149,1.142,1.112,0.789,0.356,1.97,3.004
2025-03-06,4.049,6.039,2.191,1.181,1.14,0.799,0.362,1.998,2.998
2025-03-07,4.039,6.013,2.16,1.167,1.12,0.805,0.358,1.98,2.997
2025-03-10,4.023,6.006,2.159,1.163,1.111,0.804,0.359,1.982,3.001
2025-03-11,4.035,6.036,2.159,1.158,1.114,0.82,0.36,1.985,3.022
2025-03-12,4.025,6.04,2.149,1.15,1.121,0.813,0.357,1.98,3.018
2025-03-13,4.005,5.989,2.125,1.126,1.114,0.812,0.356,1.966,3.046
2025-03-14,4.106,6.098,2.186,1.146,1.152,0.845,0.366,2.002,3.068
2025-03-17,4.094,6.1,2.173,1.14,1.139,0.846,0.365,2.005,3.077
2025-03-18,4.103,6.126,2.185,1.146,1.14,0.839,0.37,2.009,3.065
2025-03-19,4.109,6.102,2.178,1.131,1.139,0.834,0.37,2.007,3.066
2025-03-20,4.076,6.06,2.158,1.119,1.13,0.824,0.366,1.991,3.061
2025-03-21,4.01,5.968,2.112,1.095,1.111,0.815,0.36,1.961,3.055
2025-03-24,4.027,5.961,2.112,1.101,1.11,0.818,0.359,1.953,3.078
2025-03-25,4.029,5.941,2.105,1.083,1.107,0.817,0.36,1.969,3.1
2025-03-26,4.013,5.941,2.098,1.081,1.106,0.821,0.359,1.977,3.101
2025-03-27,4.027,5.956,2.103,1.092,1.107,0.827,0.366,1.959,3.099
2025-03-28,4.008,5.909,2.089,1.081,1.107,0.821,0.366,1.942,3.082
2025-03-31,3.984,5.854,2.064,1.074,1.085,0.812,0.362,1.898,3.073
2025-04-01,3.982,5.886,2.062,1.076,1.083,0.818,0.374,1.906,3.097
2025-04-02,3.979,5.893,2.064,1.074,1.088,0.815,0.369,1.903,3.112
2025-04-03,3.959,5.842,2.027,1.068,1.088,0.826,0.366,1.874,3.117
2025-04-07,3.695,5.28,1.775,0.97,0.979,0.8,0.342,1.687,2.938
2025-04-08,3.73,5.313,1.804,0.986,0.993,0.83,0.344,1.684,3.003
2025-04-09,3.766,5.428,1.823,1.028,1.014,0.842,0.343,1.687,3.007
2025-04-10,3.829,5.535,1.863,1.042,1.027,0.843,0.348,1.721,3.038
2025-04-11,3.84,5.573,1.892,1.061,1.031,0.834,0.349,1.732,3.023
2025-04-14,3.848,5.617,1.895,1.064,1.031,0.83,0.35,1.745,3.051
2025-04-15,3.851,5.594,1.893,1.054,1.026,0.831,0.347,1.744,3.066
2025-04-16,3.86,5.545,1.87,1.061,1.024,0.834,0.348,1.727,3.082
2025-04-17,3.863,5.548,1.873,1.066,1.024,0.838,0.348,1.724,3.075
2025-04-18,3.873,5.55,1.878,1.059,1.031,0.832,0.347,1.729,3.077
2025-04-21,3.875,5.632,1.908,1.07,1.037,0.827,0.348,1.747,3.067
2025-04-22,3.878,5.617,1.899,1.066,1.035,0.829,0.352,1.742,3.077
2025-04-23,3.882,5.628,1.919,1.063,1.036,0.823,0.351,1.752,3.061
2025-04-24,3.882,5.605,1.907,1.052,1.032,0.822,0.352,1.746,3.074
2025-04-25,3.882,5.621,1.92,1.054,1.041,0.82,0.351,1.755,3.071
2025-04-28,3.876,5.595,1.906,1.051,1.033,0.817,0.349,1.751,3.074
2025-04-29,3.869,5.598,1.903,1.053,1.03,0.815,0.35,1.743,3.062
2025-04-30,3.866,5.626,1.921,1.062,1.033,0.817,0.354,1.745,3.038
2025-05-06,3.903,5.733,1.958,1.078,1.048,0.819,0.357,1.777,3.03
2025-05-07,3.927,5.743,1.967,1.081,1.055,0.82,0.357,1.782,3.049
2025-05-08,3.95,5.767,2.001,1.077,1.059,0.822,0.357,1.812,3.053
2025-05-09,3.945,5.72,1.984,1.056,1.046,0.823,0.358,1.799,3.07
2025-05-12,3.99,5.792,2.037,1.063,1.07,0.823,0.357,1.844,3.083
2025-05-13,3.994,5.778,2.03,1.06,1.062,0.823,0.36,1.856,3.105
2025-05-14,4.045,5.798,2.054,1.065,1.099,0.833,0.363,1.86,3.133
2025-05-15,4.011,5.721,2.012,1.05,1.079,0.831,0.363,1.828,3.124
2025-05-16,3.989,5.711,2.008,1.044,1.067,0.823,0.363,1.829,3.106
2025-05-19,3.983,5.725,2.002,1.045,1.068,0.818,0.363,1.828,3.117
2025-05-20,4.003,5.749,2.018,1.048,1.068,0.824,0.368,1.835,3.121
2025-05-21,4.019,5.756,2.034,1.045,1.065,0.826,0.371,1.853,3.15
2025-05-22,4.017,5.711,2.016,1.039,1.057,0.822,0.369,1.83,3.151
2025-05-23,3.988,5.662,1.994,1.03,1.043,0.818,0.37,1.816,3.123
2025-05-26,3.967,5.671,1.977,1.035,1.042,0.816,0.365,1.801,3.107
2025-05-27,3.946,5.657,1.967,1.028,1.042,0.816,0.367,1.792,3.095
2025-05-28,3.942,5.647,1.959,1.023,1.036,0.82,0.367,1.779,3.1
2025-05-29,3.966,5.727,1.989,1.04,1.049,0.82,0.372,1.791,3.108
2025-05-30,3.959,5.694,1.972,1.03,1.043,0.82,0.373,1.774,3.122
2025-06-03,3.957,5.703,1.977,1.034,1.052,0.823,0.375,1.774,3.134
2025-06-04,3.974,5.749,2.0,1.04,1.065,0.824,0.379,1.792,3.142
2025-06-05,3.984,5.784,2.023,1.051,1.075,0.82,0.376,1.796,3.124
2025-06-06,3.986,5.785,2.017,1.047,1.068,0.819,0.373,1.793,3.124
2025-06-09,3.995,5.825,2.034,1.053,1.084,0.823,0.378,1.808,3.128
2025-06-10,3.972,5.777,2.012,1.032,1.07,0.816,0.379,1.792,3.133
2025-06-11,4.004,5.814,2.038,1.031,1.089,0.823,0.378,1.818,3.142
2025-06-12,4.006,5.825,2.04,1.027,1.087,0.814,0.383,1.809,3.14
2025-06-13,3.98,5.776,2.02,1.022,1.076,0.798,0.377,1.794,3.125
2025-06-16,3.99,5.797,2.037,1.021,1.092,0.795,0.374,1.795,3.131
2025-06-17,3.989,5.785,2.028,1.012,1.095,0.793,0.367,1.8,3.134
2025-06-18,3.904,5.776,2.034,1.018,1.082,0.795,0.365,1.806,3.138
2025-06-19,3.873,5.718,2.005,1.012,1.061,0.788,0.361,1.785,3.124
2025-06-20,3.878,5.679,1.988,1.006,1.059,0.794,0.363,1.78,3.14
2025-06-23,3.891,5.712,1.998,1.012,1.072,0.788,0.363,1.802,3.153
2025-06-24,3.936,5.804,2.044,1.029,1.099,0.794,0.365,1.844,3.157
2025-06-25,4.001,5.913,2.109,1.048,1.158,0.798,0.369,1.869,3.173
2025-06-26,3.986,5.888,2.093,1.041,1.138,0.796,0.366,1.858,3.18
2025-06-27,3.963,5.91,2.101,1.041,1.138,0.792,0.365,1.865,3.154
2025-06-30,3.982,5.963,2.133,1.056,1.136,0.794,0.368,1.891,3.152
2025-07-01,3.988,5.982,2.126,1.048,1.13,0.794,0.37,1.885,3.175
2025-07-02,3.992,5.947,2.104,1.035,1.124,0.795,0.368,1.907,3.199
2025-07-03,4.015,5.971,2.141,1.036,1.131,0.797,0.37,1.929,3.198
2025-07-04,4.032,5.963,2.133,1.035,1.131,0.798,0.371,1.913,3.222
2025-07-07,4.014,5.951,2.11,1.029,1.132,0.794,0.367,1.905,3.235
2025-07-08,4.048,6.031,2.159,1.044,1.146,0.798,0.369,1.967,3.229
2025-07-09,4.045,6.005,2.163,1.036,1.141,0.803,0.374,1.962,3.245
2025-07-10,4.065,6.038,2.169,1.033,1.155,0.804,0.375,1.978,3.271
2025-07-11,4.079,6.09,2.185,1.047,1.181,0.808,0.381,1.97,3.25
2025-07-14,4.078,6.079,2.177,1.046,1.17,0.809,0.38,1.974,3.272
2025-07-15,4.078,6.077,2.212,1.048,1.164,0.801,0.381,1.952,3.233
2025-07-16,4.069,6.076,2.206,1.049,1.16,0.803,0.381,1.948,3.221
2025-07-17,4.102,6.146,2.247,1.057,1.166,0.808,0.387,1.968,3.212
2025-07-18,4.132,6.165,2.252,1.06,1.171,0.816,0.391,1.98,3.226
2025-07-21,4.157,6.226,2.275,1.061,1.187,0.82,0.39,2.006,3.247
2025-07-22,4.201,6.292,2.289,1.069,1.189,0.836,0.392,2.051,3.3
2025-07-23,4.199,6.27,2.287,1.074,1.199,0.834,0.393,2.033,3.297
2025-07-24,4.225,6.363,2.325,1.086,1.232,0.836,0.401,2.086,3.307
2025-07-25,4.203,6.365,2.318,1.109,1.227,0.828,0.401,2.077,3.293
2025-07-28,4.214,6.391,2.342,1.11,1.238,0.823,0.41,2.07,3.26
2025-07-29,4.235,6.431,2.383,1.125,1.243,0.818,0.421,2.088,3.251
2025-07-30,4.232,6.389,2.345,1.112,1.225,0.824,0.424,2.048,3.262
2025-07-31,4.155,6.297,2.301,1.101,1.198,0.805,0.416,1.988,3.211
2025-08-01,4.133,6.287,2.303,1.091,1.191,0.806,0.409,2.0,3.208
2025-08-04,4.152,6.335,2.313,1.104,1.193,0.808,0.409,1.994,3.222
2025-08-05,4.183,6.376,2.32,1.109,1.205,0.816,0.411,2.007,3.254
2025-08-06,4.194,6.428,2.336,1.113,1.21,0.817,0.41,2.013,3.267
2025-08-07,4.193,6.408,2.32,1.112,1.209,0.816,0.407,2.003,3.279
2025-08-08,4.183,6.397,2.312,1.096,1.199,0.814,0.406,2.024,3.278
2025-08-11,4.202,6.464,2.357,1.103,1.215,0.822,0.407,2.077,3.26
2025-08-12,4.228,6.497,2.385,1.124,1.221,0.821,0.408,2.069,3.278
2025-08-13,4.263,6.582,2.473,1.133,1.242,0.822,0.418,2.092,3.258
2025-08-14,4.256,6.514,2.446,1.142,1.241,0.821,0.415,2.063,3.237
2025-08-15,4.295,6.658,2.509,1.158,1.3,0.822,0.417,2.123,3.231
2025-08-18,4.327,6.748,2.582,1.183,1.317,0.828,0.418,2.146,3.223
2025-08-19,4.305,6.733,2.575,1.17,1.291,0.833,0.411,2.139,3.217
2025-08-20,4.364,6.824,2.588,1.208,1.303,0.843,0.415,2.153,3.24
2025-08-21,4.378,6.786,2.572,1.208,1.293,0.848,0.42,2.143,3.256
2025-08-22,4.479,6.915,2.662,1.323,1.338,0.852,0.424,2.192,3.253
2025-08-25,4.565,7.037,2.737,1.356,1.352,0.875,0.434,2.242,3.273
2025-08-26,4.541,7.048,2.716,1.336,1.335,0.882,0.429,2.232,3.261
2025-08-27,4.475,6.953,2.696,1.337,1.3,0.861,0.42,2.184,3.208
2025-08-28,4.559,7.104,2.806,1.433,1.326,0.857,0.419,2.227,3.205
2025-08-29,4.601,7.141,2.865,1.412,1.328,0.877,0.431,2.296,3.189
2025-09-01,4.616,7.206,2.927,1.431,1.314,0.875,0.446,2.319,3.171
2025-09-02,4.59,7.055,2.848,1.394,1.296,0.871,0.448,2.289,3.186
2025-09-03,4.549,6.94,2.87,1.365,1.25,0.857,0.447,2.33,3.153
2025-09-04,4.456,6.779,2.751,1.282,1.248,0.858,0.431,2.338,3.172
2025-09-05,4.554,7.011,2.944,1.326,1.257,0.865,0.446,2.552,3.162
2025-09-08,4.555,7.073,2.908,1.328,1.248,0.881,0.456,2.567,3.168
2025-09-09,4.528,7.006,2.845,1.307,1.247,0.88,0.445,2.532,3.17
2025-09-10,4.538,7.003,2.875,1.321,1.245,0.878,0.443,2.49,3.169
2025-09-11,4.66,7.224,3.025,1.393,1.284,0.89,0.44,2.546,3.174
2025-09-12,4.621,7.242,2.995,1.406,1.266,0.88,0.441,2.528,3.159
2025-09-15,4.629,7.226,3.037,1.409,1.262,0.884,0.443,2.566,3.142
2025-09-16,4.62,7.282,3.059,1.426,1.263,0.878,0.441,2.567,3.135
2025-09-17,4.653,7.357,3.119,1.44,1.269,0.872,0.445,2.606,3.149
2025-09-18,4.594,7.292,3.067,1.45,1.232,0.858,0.443,2.569,3.096
2025-09-19,4.604,7.261,3.062,1.431,1.221,0.86,0.439,2.57,3.113
2025-09-22,4.619,7.318,3.082,1.479,1.234,0.849,0.44,2.557,3.087
2025-09-23,4.622,7.277,3.093,1.475,1.212,0.843,0.432,2.574,3.105
2025-09-24,4.663,7.432,3.16,1.53,1.224,0.847,0.435,2.664,3.111
2025-09-25,4.695,7.441,3.211,1.548,1.224,0.84,0.443,2.709,3.097
2025-09-26,4.651,7.336,3.129,1.524,1.219,0.839,0.433,2.69,3.098
2025-09-29,4.728,7.462,3.213,1.543,1.28,0.848,0.435,2.779,3.093
2025-09-30,4.741,7.519,3.217,1.57,1.263,0.846,0.446,2.841,3.082
2025-10-09,4.816,7.649,3.235,1.618,1.267,0.844,0.448,2.949,3.103
2025-10-10,4.719,7.505,3.095,1.528,1.27,0.846,0.437,2.77,3.136
2025-10-13,4.692,7.469,3.054,1.546,1.254,0.838,0.426,2.789,3.14
2025-10-14,4.645,7.289,2.934,1.481,1.248,0.848,0.416,2.73,3.204
2025-10-15,4.706,7.393,3.003,1.501,1.265,0.852,0.422,2.779,3.207
2025-10-16,4.721,7.336,3.014,1.487,1.259,0.853,0.424,2.791,3.239
2025-10-17,4.624,7.114,2.915,1.433,1.233,0.843,0.415,2.658,3.229
2025-10-20,4.64,7.16,2.971,1.437,1.235,0.837,0.414,2.667,3.256
2025-10-21,4.71,7.28,3.062,1.477,1.246,0.839,0.419,2.711,3.248
2025-10-22,4.695,7.224,3.039,1.476,1.234,0.833,0.416,2.671,3.253
2025-10-23,4.713,7.249,3.038,1.473,1.245,0.834,0.416,2.712,3.278
2025-10-24,4.77,7.369,3.147,1.535,1.257,0.826,0.417,2.763,3.259
2025-10-27,4.826,7.478,3.209,1.558,1.272,0.829,0.423,2.789,3.272
2025-10-28,4.802,7.441,3.205,1.545,1.264,0.825,0.416,2.767,3.267
2025-10-29,4.862,7.594,3.3,1.565,1.292,0.826,0.42,2.94,3.249
2025-10-30,4.823,7.497,3.239,1.535,1.267,0.824,0.409,2.966,3.248
2025-10-31,4.756,7.436,3.166,1.488,1.254,0.831,0.413,2.927,3.24
2025-11-03,4.763,7.439,3.176,1.47,1.249,0.833,0.409,2.963,3.283
2025-11-04,4.729,7.313,3.112,1.455,1.243,0.822,0.402,2.877,3.313
2025-11-05,4.735,7.33,3.142,1.46,1.24,0.82,0.402,2.979,3.322
2025-11-06,4.805,7.451,3.201,1.509,1.254,0.821,0.404,3.027,3.326
2025-11-07,4.795,7.44,3.185,1.487,1.244,0.822,0.401,3.083,3.331
2025-11-10,4.807,7.448,3.158,1.478,1.26,0.848,0.405,3.063,3.356
2025-11-11,4.763,7.394,3.113,1.457,1.245,0.848,0.404,3.039,3.347
2025-11-12,4.765,7.356,3.108,1.449,1.238,0.849,0.405,2.961,3.36
2025-11-13,4.812,7.465,3.182,1.469,1.248,0.853,0.411,3.099,3.361
2025-11-14,4.741,7.338,3.093,1.431,1.232,0.842,0.408,3.051,3.348
2025-11-17,4.71,7.336,3.084,1.422,1.218,0.837,0.401,3.064,3.329
2025-11-18,4.683,7.262,3.051,1.427,1.22,0.839,0.399,2.972,3.284
2025-11-19,4.697,7.227,3.057,1.413,1.221,0.836,0.398,2.988,3.3
2025-11-20,4.676,7.17,3.026,1.396,1.217,0.831,0.394,2.941,3.3
2025-11-21,4.564,6.922,2.904,1.351,1.173,0.825,0.387,2.76,3.255
2025-11-24,4.557,6.97,2.908,1.36,1.175,0.825,0.392,2.73,3.227
2025-11-25,4.597,7.054,2.961,1.369,1.179,0.827,0.393,2.783,3.243
2025-11-26,4.626,7.065,3.027,1.382,1.176,0.825,0.394,2.789,3.226
2025-11-27,4.622,7.05,3.012,1.379,1.175,0.825,0.392,2.785,3.23
2025-11-28,4.635,7.135,3.035,1.393,1.18,0.829,0.393,2.829,3.23
2025-12-01,4.687,7.202,3.073,1.404,1.183,0.827,0.393,2.834,3.245
2025-12-02,4.666,7.141,3.052,1.387,1.172,0.821,0.388,2.798,3.249
2025-12-03,4.645,7.103,3.019,1.375,1.161,0.814,0.386,2.763,3.241
2025-12-04,4.657,7.125,3.051,1.394,1.164,0.807,0.387,2.766,3.228
2025-12-05,4.698,7.216,3.089,1.394,1.194,0.809,0.389,2.793,3.226
2025-12-08,4.732,7.278,3.171,1.42,1.217,0.802,0.391,2.844,3.21
2025-12-09,4.708,7.224,3.188,1.414,1.201,0.793,0.391,2.831,3.184
2025-12-10,4.702,7.263,3.192,1.415,1.206,0.795,0.392,2.813,3.171
2025-12-11,4.668,7.201,3.146,1.392,1.19,0.791,0.39,2.808,3.155
2025-12-12,4.694,7.285,3.174,1.418,1.196,0.796,0.391,2.815,3.142
2025-12-15,4.667,7.236,3.12,1.389,1.202,0.801,0.384,2.766,3.168
2025-12-16,4.62,7.126,3.06,1.361,1.193,0.799,0.378,2.702,3.14
2025-12-17,4.699,7.259,3.164,1.396,1.218,0.805,0.383,2.777,3.143
2025-12-18,4.668,7.221,3.092,1.376,1.206,0.801,0.383,2.722,3.175
2025-12-19,4.688,7.286,3.107,1.38,1.211,0.811,0.388,2.744,3.174
2025-12-22,4.73,7.368,3.175,1.405,1.211,0.809,0.387,2.785,3.159
2025-12-23,4.74,7.374,3.185,1.41,1.207,0.802,0.385,2.831,3.16
2025-12-24,4.757,7.47,3.212,1.423,1.218,0.799,0.384,2.855,3.165
2025-12-25,4.766,7.534,3.222,1.422,1.221,0.804,0.388,2.861,3.174
2025-12-26,4.784,7.58,3.226,1.419,1.229,0.8,0.387,2.927,3.187
2025-12-29,4.763,7.548,3.205,1.417,1.222,0.798,0.383,2.881,3.185
2025-12-30,4.773,7.581,3.229,1.433,1.216,0.798,0.381,2.888,3.188
2025-12-31,4.753,7.588,3.186,1.417,1.211,0.793,0.378,2.859,3.183
2026-01-05,4.844,7.792,3.281,1.479,1.235,0.802,0.392,2.917,3.18
2026-01-06,4.919,7.961,3.303,1.505,1.286,0.809,0.396,2.966,3.218
2026-01-07,4.901,7.999,3.311,1.52,1.267,0.804,0.397,2.984,3.232
2026-01-08,4.863,8.024,3.287,1.531,1.233,0.798,0.399,2.982,3.221
2026-01-09,4.885,8.216,3.314,1.554,1.237,0.801,0.403,2.999,3.234
2026-01-12,4.913,8.416,3.371,1.594,1.254,0.806,0.404,3.021,3.231
2026-01-13,4.896,8.306,3.306,1.549,1.246,0.798,0.41,3.009,3.229
2026-01-14,4.866,8.365,3.332,1.579,1.237,0.794,0.407,3.004,3.199
2026-01-15,4.875,8.339,3.352,1.573,1.218,0.79,0.404,3.027,3.188
2026-01-16,4.859,8.295,3.346,1.593,1.208,0.779,0.399,3.036,3.163
2026-01-19,4.738,8.348,3.318,1.586,1.203,0.782,0.396,3.06,3.179
2026-01-20,4.724,8.324,3.263,1.56,1.207,0.784,0.393,2.992,3.217
2026-01-21,4.73,8.432,3.281,1.616,1.201,0.775,0.39,3.019,3.057
2026-01-22,4.727,8.469,3.315,1.622,1.203,0.772,0.388,3.015,3.077
2026-01-23,4.704,8.719,3.337,1.635,1.2,0.771,0.388,3.164,3.069
2026-01-26,4.712,8.564,3.305,1.615,1.211,0.771,0.387,3.123,3.106
2026-01-27,4.71,8.619,3.327,1.64,1.197,0.758,0.381,3.11,3.081
2026-01-28,4.725,8.691,3.307,1.635,1.197,0.756,0.378,3.083,3.132
2026-01-29,4.768,8.591,3.292,1.589,1.212,0.8,0.386,3.028,3.166
2026-01-30,4.711,8.44,3.335,1.588,1.194,0.778,0.38,2.97,3.144
2026-02-02,4.6,8.049,3.252,1.528,1.178,0.777,0.372,2.924,3.046
2026-02-03,4.664,8.366,3.313,1.548,1.174,0.783,0.377,3.026,3.051
2026-02-04,4.707,8.388,3.297,1.531,1.191,0.8,0.38,3.084,3.15
2026-02-05,4.679,8.217,3.238,1.508,1.193,0.808,0.384,2.958,3.136
2026-02-06,4.649,8.213,3.229,1.499,1.186,0.798,0.383,3.0,3.126
2026-02-09,4.727,8.395,3.321,1.535,1.197,0.799,0.383,3.069,3.144
2026-02-10,4.733,8.377,3.311,1.55,1.196,0.789,0.388,3.038,3.156
2026-02-11,4.723,8.411,3.273,1.533,1.194,0.789,0.388,3.062,3.183
2026-02-12,4.727,8.514,3.319,1.559,1.185,0.78,0.387,3.103,3.18
2026-02-13,4.671,8.373,3.265,1.548,1.174,0.777,0.382,3.038,3.137
2026-02-24,4.716,8.469,3.295,1.543,1.172,0.771,0.381,3.079,3.19
2026-02-25,4.75,8.602,3.344,1.552,1.179,0.775,0.382,3.132,3.194
2026-02-26,4.735,8.63,3.336,1.564,1.166,0.771,0.38,3.093,3.195
2026-02-27,4.725,8.737,3.301,1.566,1.169,0.775,0.379,3.12,3.232
2026-03-02,4.739,8.733,3.282,1.544,1.154,0.768,0.371,3.117,3.303
2026-03-03,4.678,8.375,3.205,1.464,1.144,0.765,0.366,3.033,3.367
2026-03-04,4.61,8.317,3.154,1.459,1.115,0.759,0.361,3.024,3.304
2026-03-05,4.654,8.371,3.206,1.482,1.117,0.756,0.363,3.051,3.291
2026-03-06,4.667,8.421,3.225,1.491,1.131,0.773,0.372,3.048,3.285
2026-03-09,4.629,8.356,3.201,1.465,1.112,0.771,0.367,3.087,3.309
2026-03-10,4.683,8.481,3.296,1.495,1.12,0.772,0.374,3.142,3.27
2026-03-11,4.711,8.468,3.335,1.477,1.123,0.776,0.373,3.229,3.313
2026-03-12,4.694,8.426,3.308,1.456,1.121,0.779,0.371,3.25,3.381
2026-03-13,4.677,8.311,3.3,1.45,1.112,0.781,0.368,3.239,3.364
2026-03-16,4.68,8.259,3.349,1.458,1.106,0.79,0.369,3.188,3.335
2026-03-17,4.646,8.078,3.273,1.428,1.118,0.788,0.371,3.116,3.309
2026-03-18,4.662,8.156,3.338,1.445,1.114,0.782,0.37,3.102,3.296
2026-03-19,4.599,7.945,3.303,1.411,1.101,0.77,0.365,3.037,3.305
2026-03-20,4.576,7.812,3.341,1.388,1.083,0.764,0.362,3.114,3.296
2026-03-23,4.43,7.512,3.228,1.329,1.036,0.736,0.348,3.061,3.234
2026-03-24,4.479,7.652,3.237,1.359,1.047,0.742,0.357,3.082,3.269
2026-03-25,4.544,7.826,3.307,1.385,1.059,0.747,0.359,3.13,3.256
2026-03-26,4.488,7.7,3.263,1.357,1.035,0.739,0.353,3.112,3.268
2026-03-27,4.508,7.803,3.293,1.37,1.041,0.752,0.365,3.168,3.267
2026-03-30,4.5,7.818,3.264,1.359,1.037,0.753,0.365,3.11,3.299
2026-03-31,4.463,7.683,3.182,1.324,1.029,0.742,0.364,2.999,3.251
2026-04-01,4.534,7.809,3.232,1.369,1.045,0.751,0.377,2.988,3.241
2026-04-02,4.489,7.672,3.164,1.33,1.025,0.756,0.374,2.928,3.258
2026-04-03,4.454,7.603,3.141,1.324,1.016,0.747,0.368,2.856,3.216
2026-04-07,4.446,7.629,3.151,1.342,1.015,0.745,0.369,2.865,3.228
2026-04-08,4.602,8.026,3.345,1.425,1.054,0.757,0.375,2.976,3.227
2026-04-09,4.572,7.964,3.32,1.415,1.031,0.747,0.373,2.953,3.212
2026-04-10,4.642,8.035,3.437,1.437,1.068,0.743,0.373,3.051,3.218
2026-04-13,4.652,8.028,3.468,1.448,1.075,0.744,0.371,3.117,3.223
2026-04-14,4.712,8.159,3.55,1.479,1.081,0.751,0.375,3.167,3.223
2026-04-15,4.694,8.111,3.511,1.482,1.073,0.752,0.377,3.113,3.24
2026-04-16,4.746,8.253,3.624,1.498,1.081,0.753,0.377,3.189,3.244
2026-04-17,4.739,8.29,3.67,1.499,1.076,0.742,0.366,3.194,3.218
2026-04-20,4.765,8.355,3.672,1.527,1.075,0.742,0.365,3.201,3.225
2026-04-21,4.776,8.331,3.681,1.504,1.066,0.742,0.365,3.24,3.265
2026-04-22,4.811,8.455,3.758,1.529,1.075,0.737,0.363,3.245,3.269
2026-04-23,4.801,8.375,3.728,1.508,1.066,0.737,0.365,3.197,3.293
2026-04-24,4.782,8.323,3.674,1.531,1.056,0.737,0.366,3.236,3.28
2026-04-27,4.782,8.368,3.652,1.591,1.057,0.731,0.364,3.224,3.275
2026-04-28,4.77,8.273,3.602,1.568,1.07,0.732,0.372,3.171,3.325
2026-04-29,4.821,8.422,3.694,1.575,1.076,0.745,0.374,3.299,3.347
2026-04-30,4.824,8.43,3.689,1.654,1.078,0.747,0.37,3.286,3.341
2026-05-06,4.888,8.658,3.786,1.744,1.094,0.742,0.368,3.383,3.341
2026-05-07,4.912,8.771,3.845,1.769,1.089,0.739,0.368,3.359,3.272
2026-05-08,4.886,8.769,3.806,1.727,1.08,0.734,0.366,3.299,3.261
2026-05-11,4.966,8.912,3.947,1.811,1.097,0.736,0.37,3.345,3.263
2026-05-12,4.963,8.862,3.94,1.816,1.102,0.725,0.372,3.297,3.257
2026-05-13,5.017,9.009,4.048,1.865,1.095,0.719,0.37,3.328,3.244
2026-05-14,4.941,8.772,3.961,1.815,1.071,0.72,0.36,3.223,3.223
2026-05-15,4.878,8.612,3.97,1.787,1.048,0.708,0.356,3.199,3.223
2026-05-18,4.852,8.631,3.923,1.803,1.047,0.7,0.349,3.196,3.217
2026-05-19,4.869,8.703,3.922,1.871,1.056,0.7,0.349,3.196,3.222
2026-05-20,4.871,8.748,3.932,1.931,1.049,0.699,0.347,3.231,3.215
2026-05-21,4.808,8.503,3.846,1.86,1.054,0.69,0.349,3.146,3.172
2026-05-22,4.862,8.658,3.946,1.887,1.037,0.682,0.345,3.196,3.156
2026-05-25,4.937,8.786,4.034,1.998,1.045,0.681,0.34,3.174,3.185
2026-05-26,4.972,8.752,4.055,1.968,1.056,0.68,0.34,3.18,3.186
2026-05-27,4.932,8.614,4.056,1.911,1.043,0.682,0.342,3.18,3.17
2026-05-28,4.932,8.649,4.138,1.942,1.021,0.67,0.336,3.201,3.17
2026-05-29,4.923,8.443,4.053,1.844,1.033,0.689,0.344,3.117,3.206
