date,base_position,end_position,strategy_return,equity,stop_flag
2020-01-02,cash,cash,0.0,1.0,False
2020-01-03,cash,cash,0.0,1.0,False
2020-01-06,cash,cash,0.0,1.0,False
2020-01-07,cash,cash,0.0,1.0,False
2020-01-08,cash,cash,0.0,1.0,False
2020-01-09,cash,cash,0.0,1.0,False
2020-01-10,cash,cash,0.0,1.0,False
2020-01-13,cash,cash,0.0,1.0,False
2020-01-14,cash,cash,0.0,1.0,False
2020-01-15,cash,cash,0.0,1.0,False
2020-01-16,cash,cash,0.0,1.0,False
2020-01-17,cash,cash,0.0,1.0,False
2020-01-20,cash,cash,0.0,1.0,False
2020-01-21,cash,cash,0.0,1.0,False
2020-01-22,cash,cash,0.0,1.0,False
2020-01-23,cash,cash,0.0,1.0,False
2020-02-03,cash,cash,0.0,1.0,False
2020-02-04,cash,cash,0.0,1.0,False
2020-02-05,cash,cash,0.0,1.0,False
2020-02-06,cash,cash,0.0,1.0,False
2020-02-07,cash,cash,0.0,1.0,False
2020-02-10,cash,cash,0.0,1.0,False
2020-02-11,cash,cash,0.0,1.0,False
2020-02-12,cash,cash,0.0,1.0,False
2020-02-13,cash,cash,0.0,1.0,False
2020-02-14,cash,cash,0.0,1.0,False
2020-02-17,cash,cash,0.0,1.0,False
2020-02-18,cash,cash,0.0,1.0,False
2020-02-19,cash,cash,0.0,1.0,False
2020-02-20,cash,cash,0.0,1.0,False
2020-02-21,cash,cash,0.0,1.0,False
2020-02-24,cash,cash,0.0,1.0,False
2020-02-25,cash,cash,0.0,1.0,False
2020-02-26,cash,cash,0.0,1.0,False
2020-02-27,cash,cash,0.0,1.0,False
2020-02-28,cash,cash,0.0,1.0,False
2020-03-02,cash,cash,0.0,1.0,False
2020-03-03,cash,cash,0.0,1.0,False
2020-03-04,cash,cash,0.0,1.0,False
2020-03-05,cash,cash,0.0,1.0,False
2020-03-06,cash,cash,0.0,1.0,False
2020-03-09,cash,cash,0.0,1.0,False
2020-03-10,cash,cash,0.0,1.0,False
2020-03-11,cash,cash,0.0,1.0,False
2020-03-12,cash,cash,0.0,1.0,False
2020-03-13,cash,cash,0.0,1.0,False
2020-03-16,cash,cash,0.0,1.0,False
2020-03-17,cash,cash,0.0,1.0,False
2020-03-18,cash,cash,0.0,1.0,False
2020-03-19,cash,cash,0.0,1.0,False
2020-03-20,cash,cash,0.0,1.0,False
2020-03-23,cash,cash,0.0,1.0,False
2020-03-24,cash,cash,0.0,1.0,False
2020-03-25,cash,cash,0.0,1.0,False
2020-03-26,cash,cash,0.0,1.0,False
2020-03-27,cash,cash,0.0,1.0,False
2020-03-30,cash,cash,0.0,1.0,False
2020-03-31,cash,cash,0.0,1.0,False
2020-04-01,cash,cash,0.0,1.0,False
2020-04-02,cash,cash,0.0,1.0,False
2020-04-03,cash,cash,0.0,1.0,False
2020-04-07,cash,cash,0.0,1.0,False
2020-04-08,cash,cash,0.0,1.0,False
2020-04-09,cash,cash,0.0,1.0,False
2020-04-10,cash,cash,0.0,1.0,False
2020-04-13,cash,cash,0.0,1.0,False
2020-04-14,cash,cash,0.0,1.0,False
2020-04-15,cash,cash,0.0,1.0,False
2020-04-16,cash,cash,0.0,1.0,False
2020-04-17,cash,cash,0.0,1.0,False
2020-04-20,cash,cash,0.0,1.0,False
2020-04-21,cash,cash,0.0,1.0,False
2020-04-22,cash,cash,0.0,1.0,False
2020-04-23,cash,cash,0.0,1.0,False
2020-04-24,cash,cash,0.0,1.0,False
2020-04-27,cash,cash,0.0,1.0,False
2020-04-28,cash,cash,0.0,1.0,False
2020-04-29,cash,cash,0.0,1.0,False
2020-04-30,cash,cash,0.0,1.0,False
2020-05-06,cash,cash,0.0,1.0,False
2020-05-07,cash,cash,0.0,1.0,False
2020-05-08,cash,cash,0.0,1.0,False
2020-05-11,cash,cash,0.0,1.0,False
2020-05-12,cash,cash,0.0,1.0,False
2020-05-13,cash,cash,0.0,1.0,False
2020-05-14,cash,cash,0.0,1.0,False
2020-05-15,cash,cash,0.0,1.0,False
2020-05-18,cash,cash,0.0,1.0,False
2020-05-19,cash,cash,0.0,1.0,False
2020-05-20,cash,cash,0.0,1.0,False
2020-05-21,cash,cash,0.0,1.0,False
2020-05-22,cash,cash,0.0,1.0,False
2020-05-25,cash,cash,0.0,1.0,False
2020-05-26,cash,cash,0.0,1.0,False
2020-05-27,cash,cash,0.0,1.0,False
2020-05-28,cash,cash,0.0,1.0,False
2020-05-29,cash,cash,0.0,1.0,False
2020-06-01,cash,cash,0.0,1.0,False
2020-06-02,cash,cash,0.0,1.0,False
2020-06-03,cash,cash,0.0,1.0,False
2020-06-04,cash,cash,0.0,1.0,False
2020-06-05,cash,cash,0.0,1.0,False
2020-06-08,cash,cash,0.0,1.0,False
2020-06-09,cash,cash,0.0,1.0,False
2020-06-10,cash,cash,0.0,1.0,False
2020-06-11,cash,cash,0.0,1.0,False
2020-06-12,cash,cash,0.0,1.0,False
2020-06-15,cash,cash,0.0,1.0,False
2020-06-16,cash,cash,0.0,1.0,False
2020-06-17,cash,cash,0.0,1.0,False
2020-06-18,cash,cash,0.0,1.0,False
2020-06-19,cash,cash,0.0,1.0,False
2020-06-22,cash,cash,0.0,1.0,False
2020-06-23,cash,cash,0.0,1.0,False
2020-06-24,cash,cash,0.0,1.0,False
2020-06-29,cash,cash,0.0,1.0,False
2020-06-30,cash,cash,0.0,1.0,False
2020-07-01,cash,cash,0.0,1.0,False
2020-07-02,cash,cash,0.0,1.0,False
2020-07-03,cash,cash,0.0,1.0,False
2020-07-06,cash,cash,0.0,1.0,False
2020-07-07,cash,cash,0.0,1.0,False
2020-07-08,cash,cash,0.0,1.0,False
2020-07-09,cash,cash,0.0,1.0,False
2020-07-10,cash,cash,0.0,1.0,False
2020-07-13,cash,cash,0.0,1.0,False
2020-07-14,cash,cash,0.0,1.0,False
2020-07-15,cash,cash,0.0,1.0,False
2020-07-16,cash,cash,0.0,1.0,False
2020-07-17,cash,cash,0.0,1.0,False
2020-07-20,cash,cash,0.0,1.0,False
2020-07-21,cash,cash,0.0,1.0,False
2020-07-22,cash,cash,0.0,1.0,False
2020-07-23,cash,cash,0.0,1.0,False
2020-07-24,cash,cash,0.0,1.0,False
2020-07-27,cash,cash,0.0,1.0,False
2020-07-28,cash,cash,0.0,1.0,False
2020-07-29,cash,cash,0.0,1.0,False
2020-07-30,cash,cash,0.0,1.0,False
2020-07-31,cash,cash,0.0,1.0,False
2020-08-03,cash,cash,0.0,1.0,False
2020-08-04,cash,cash,0.0,1.0,False
2020-08-05,cash,cash,0.0,1.0,False
2020-08-06,cash,cash,0.0,1.0,False
2020-08-07,cash,cash,0.0,1.0,False
2020-08-10,cash,cash,0.0,1.0,False
2020-08-11,cash,cash,0.0,1.0,False
2020-08-12,cash,cash,0.0,1.0,False
2020-08-13,cash,cash,0.0,1.0,False
2020-08-14,cash,cash,0.0,1.0,False
2020-08-17,cash,cash,0.0,1.0,False
2020-08-18,cash,cash,0.0,1.0,False
2020-08-19,cash,cash,0.0,1.0,False
2020-08-20,cash,cash,0.0,1.0,False
2020-08-21,cash,cash,0.0,1.0,False
2020-08-24,cash,cash,0.0,1.0,False
2020-08-25,cash,cash,0.0,1.0,False
2020-08-26,cash,cash,0.0,1.0,False
2020-08-27,cash,cash,0.0,1.0,False
2020-08-28,cash,cash,0.0,1.0,False
2020-08-31,cash,cash,0.0,1.0,False
2020-09-01,cash,cash,0.0,1.0,False
2020-09-02,cash,cash,0.0,1.0,False
2020-09-03,cash,cash,0.0,1.0,False
2020-09-04,cash,cash,0.0,1.0,False
2020-09-07,cash,cash,0.0,1.0,False
2020-09-08,cash,cash,0.0,1.0,False
2020-09-09,cash,cash,0.0,1.0,False
2020-09-10,cash,cash,0.0,1.0,False
2020-09-11,cash,cash,0.0,1.0,False
2020-09-14,cash,cash,0.0,1.0,False
2020-09-15,cash,cash,0.0,1.0,False
2020-09-16,cash,cash,0.0,1.0,False
2020-09-17,cash,cash,0.0,1.0,False
2020-09-18,cash,cash,0.0,1.0,False
2020-09-21,cash,cash,0.0,1.0,False
2020-09-22,cash,cash,0.0,1.0,False
2020-09-23,cash,cash,0.0,1.0,False
2020-09-24,cash,cash,0.0,1.0,False
2020-09-25,cash,cash,0.0,1.0,False
2020-09-28,cash,cash,0.0,1.0,False
2020-09-29,cash,cash,0.0,1.0,False
2020-09-30,cash,cash,0.0,1.0,False
2020-10-09,cash,cash,0.0,1.0,False
2020-10-12,cash,cash,0.0,1.0,False
2020-10-13,cash,cash,0.0,1.0,False
2020-10-14,cash,cash,0.0,1.0,False
2020-10-15,cash,cash,0.0,1.0,False
2020-10-16,cash,cash,0.0,1.0,False
2020-10-19,cash,cash,0.0,1.0,False
2020-10-20,cash,cash,0.0,1.0,False
2020-10-21,cash,cash,0.0,1.0,False
2020-10-22,cash,cash,0.0,1.0,False
2020-10-23,cash,cash,0.0,1.0,False
2020-10-26,cash,cash,0.0,1.0,False
2020-10-27,cash,cash,0.0,1.0,False
2020-10-28,cash,cash,0.0,1.0,False
2020-10-29,cash,cash,0.0,1.0,False
2020-10-30,cash,cash,0.0,1.0,False
2020-11-02,cash,cash,0.0,1.0,False
2020-11-03,cash,cash,0.0,1.0,False
2020-11-04,cash,cash,0.0,1.0,False
2020-11-05,cash,cash,0.0,1.0,False
2020-11-06,cash,cash,0.0,1.0,False
2020-11-09,cash,cash,0.0,1.0,False
2020-11-10,cash,cash,0.0,1.0,False
2020-11-11,cash,cash,0.0,1.0,False
2020-11-12,cash,cash,0.0,1.0,False
2020-11-13,cash,cash,0.0,1.0,False
2020-11-16,cash,cash,0.0,1.0,False
2020-11-17,cash,cash,0.0,1.0,False
2020-11-18,cash,cash,0.0,1.0,False
2020-11-19,cash,cash,0.0,1.0,False
2020-11-20,cash,cash,0.0,1.0,False
2020-11-23,cash,cash,0.0,1.0,False
2020-11-24,cash,cash,0.0,1.0,False
2020-11-25,cash,cash,0.0,1.0,False
2020-11-26,cash,cash,0.0,1.0,False
2020-11-27,cash,cash,0.0,1.0,False
2020-11-30,cash,cash,0.0,1.0,False
2020-12-01,cash,cash,0.0,1.0,False
2020-12-02,cash,cash,0.0,1.0,False
2020-12-03,cash,cash,0.0,1.0,False
2020-12-04,cash,cash,0.0,1.0,False
2020-12-07,cash,cash,0.0,1.0,False
2020-12-08,cash,cash,0.0,1.0,False
2020-12-09,cash,cash,0.0,1.0,False
2020-12-10,cash,cash,0.0,1.0,False
2020-12-11,cash,cash,0.0,1.0,False
2020-12-14,cash,cash,0.0,1.0,False
2020-12-15,cash,cash,0.0,1.0,False
2020-12-16,cash,cash,0.0,1.0,False
2020-12-17,cash,cash,0.0,1.0,False
2020-12-18,cash,cash,0.0,1.0,False
2020-12-21,cash,cash,0.0,1.0,False
2020-12-22,cash,cash,0.0,1.0,False
2020-12-23,cash,cash,0.0,1.0,False
2020-12-24,cash,cash,0.0,1.0,False
2020-12-25,cash,cash,0.0,1.0,False
2020-12-28,cash,cash,0.0,1.0,False
2020-12-29,cash,cash,0.0,1.0,False
2020-12-30,cash,cash,0.0,1.0,False
2020-12-31,cash,cash,0.0,1.0,False
2021-01-04,cyb,cyb,0.03738101884159095,1.0373810188415908,False
2021-01-05,cyb,cyb,0.0040322580645162365,1.041564006820791,False
2021-01-06,cyb,cyb,0.005020080321285203,1.046792741794791,False
2021-01-07,cyb,cyb,0.017649017649017607,1.0652676053695909,False
2021-01-08,cyb,cyb,-0.00654450261780104,1.0582959587375909,False
2021-01-11,cyb,cyb,-0.015480895915678583,1.041912589152391,False
2021-01-12,cyb,cyb,0.029106724657075977,1.0722392520015909,False
2021-01-13,cyb,cyb,-0.016579973992197683,1.054461553089991,False
2021-01-14,cyb,cyb,-0.01256198347107429,1.0412154244891911,False
2021-01-15,cyb,cyb,0.001004352192835567,1.0422611714839911,False
2021-01-18,cyb,cyb,0.0187290969899665,1.0617817820535909,False
2021-01-19,cyb,cyb,-0.022980958634274407,1.037381018841591,False
2021-01-20,cyb,cyb,0.040322580645161255,1.0792108986335907,False
2021-01-21,cyb,cyb,0.025839793281653867,1.1070974851615905,False
2021-01-22,cyb,cyb,0.02046599496221657,1.1297553367155901,False
2021-01-25,cyb,cyb,0.000308546744831828,1.1301039190471902,False
2021-01-26,cyb,cyb,-0.02776064157927205,1.0987315092031904,False
2021-01-27,cyb,cyb,0.004441624365482122,1.1036116618455902,False
2021-01-28,cyb,cyb,-0.03442830069488312,1.0656161877011905,False
2021-01-29,cyb,cyb,-0.009159306509650023,1.0558558824163906,False
2021-02-01,cash,cash,-0.001,1.0548000265339743,False
2021-02-02,cash,cash,0.0,1.0548000265339743,False
2021-02-03,cash,cash,0.0,1.0548000265339743,False
2021-02-04,cash,cash,0.0,1.0548000265339743,False
2021-02-05,cash,cash,0.0,1.0548000265339743,False
2021-02-08,cash,cash,0.0,1.0548000265339743,False
2021-02-09,cash,cash,0.0,1.0548000265339743,False
2021-02-10,cash,cash,0.0,1.0548000265339743,False
2021-02-18,cash,cash,0.0,1.0548000265339743,False
2021-02-19,cash,cash,0.0,1.0548000265339743,False
2021-02-22,cash,cash,0.0,1.0548000265339743,False
2021-02-23,cash,cash,0.0,1.0548000265339743,False
2021-02-24,cash,cash,0.0,1.0548000265339743,False
2021-02-25,cash,cash,0.0,1.0548000265339743,False
2021-02-26,cash,cash,0.0,1.0548000265339743,False
2021-03-01,dividend,dividend,0.012272658323852936,1.0677452268596168,False
2021-03-02,dividend,dividend,-0.0056137724550898715,1.0617511481160187,False
2021-03-03,dividend,dividend,0.024463680843056057,1.0877254893382773,False
2021-03-04,dividend,dividend,-0.0014695077149154967,1.0861270683399844,False
2021-03-05,dividend,dividend,-0.010301692420897735,1.0749381213519345,False
2021-03-08,dividend,dividend,-0.004089219330855043,1.0705424636066292,False
2021-03-09,dividend,dividend,-0.004106009705113767,1.066146805861324,False
2021-03-10,dividend,dividend,-0.005622188905547221,1.0601527271177258,False
2021-03-11,dividend,dividend,0.017715793441387184,1.0789341738476668,False
2021-03-12,dividend,dividend,0.009999999999999787,1.089723515586143,False
2021-03-15,dividend,dividend,0.009167583425009118,1.0997136468254733,False
2021-03-16,dividend,dividend,0.0010901162790697416,1.1009124625741928,False
2021-03-17,dividend,dividend,-0.005081669691469948,1.095317989080168,False
2021-03-18,dividend,dividend,0.0,1.095317989080168,False
2021-03-19,dividend,dividend,-0.006202116016052472,1.0885246998374236,False
2021-03-22,dividend,dividend,0.009544787077826689,1.098914436326327,False
2021-03-23,dividend,dividend,-0.007636363636363552,1.0905227260852897,False
2021-03-24,dividend,dividend,-0.01758886038842067,1.0713416741057755,False
2021-03-25,dividend,dividend,0.0007459903021260761,1.0721408846049219,False
2021-03-26,dividend,dividend,0.011926947446887715,1.0849282525912645,False
2021-03-29,dividend,dividend,0.013259668508287303,1.0993140415759,False
2021-03-30,dividend,dividend,-0.00036350418029806875,1.0989144363263268,False
2021-03-31,dividend,dividend,-0.0025454545454546285,1.0961171995793142,False
2021-04-01,medicine,medicine,0.018083102493074987,1.1159383992437293,False
2021-04-02,medicine,medicine,0.00746775288526802,1.124271951444463,False
2021-04-06,medicine,medicine,-0.016846361185983816,1.1053320600791587,False
2021-04-07,medicine,medicine,-0.005483207676490798,1.0992712948422614,False
2021-04-08,medicine,medicine,0.019986216402480883,1.1212415688260142,False
2021-04-09,medicine,medicine,-0.01858108108108114,1.1004076883241793,False
2021-04-12,medicine,medicine,-0.02857142857142847,1.0689674686577744,False
2021-04-13,medicine,medicine,0.009567682494684648,1.0791950099950387,False
2021-04-14,medicine,medicine,0.0,1.0791950099950387,False
2021-04-15,medicine,medicine,-0.008424008424008478,1.0701038621396926,False
2021-04-16,medicine,medicine,-0.005663716814159336,1.0640430969027952,False
2021-04-19,medicine,medicine,0.02990388038447822,1.0958621143965062,False
2021-04-20,medicine,medicine,0.0024196335983408535,1.0985136991876487,False
2021-04-21,medicine,medicine,0.02172413793103445,1.1223779623079322,False
2021-04-22,medicine,medicine,0.0003374957813027102,1.1227567601352382,False
2021-04-23,medicine,medicine,0.02294197031039147,1.1485150123920522,False
2021-04-26,medicine,medicine,-0.004617414248021201,1.1432118428097668,False
2021-04-27,medicine,medicine,0.02650762094102066,1.1735156689942539,False
2021-04-28,medicine,medicine,0.020658489347966436,1.1977587299418433,False
2021-04-29,medicine,medicine,-0.003795066413662229,1.1932131560141703,False
2021-04-30,medicine,medicine,0.016507936507936583,1.2129106430340868,False
2021-05-06,medicine,medicine,-0.044034978138663305,1.1595001493839288,False
2021-05-07,medicine,medicine,-0.02482848742241095,1.1307115145086664,False
2021-05-10,medicine,medicine,0.019765494137353512,1.1530605863197254,False
2021-05-11,medicine,medicine,0.019382391590013093,1.1754096581307845,False
2021-05-12,medicine,medicine,0.014824363519174932,1.1928343581868643,False
2021-05-13,medicine,medicine,0.0057161003493171325,1.1996527190783737,False
2021-05-14,medicine,medicine,0.0236817177139248,1.22806255612633,False
2021-05-17,medicine,medicine,0.02128315854410845,1.25419960621045,False
2021-05-18,medicine,medicine,-0.008758683177287785,1.2432144692185734,False
2021-05-19,medicine,medicine,-0.0030469226081658585,1.2394264909455124,False
2021-05-20,medicine,medicine,-0.003667481662591676,1.2348809170178394,False
2021-05-21,medicine,medicine,-0.01411042944785268,1.2174562169617595,False
2021-05-24,medicine,medicine,-0.005289359054138076,1.2110166538975562,False
2021-05-25,medicine,medicine,0.030028151391930047,1.2473812453189406,False
2021-05-26,medicine,medicine,-0.001214697843911372,1.2458660540097162,False
2021-05-27,medicine,medicine,0.007601094557616372,1.2553359996923683,False
2021-05-28,medicine,medicine,-0.01991550995775493,1.2303353430901667,False
2021-05-31,medicine,medicine,0.01477832512315258,1.2485176388008585,False
2021-06-01,new_energy,new_energy,-0.008018054162487463,1.2385069567501323,False
2021-06-02,new_energy,new_energy,-0.007063572149344055,1.2297586735036632,False
2021-06-03,new_energy,new_energy,-0.016260162601625994,1.2097625975117337,False
2021-06-04,new_energy,new_energy,0.01446280991735538,1.227259164004672,False
2021-06-07,new_energy,new_energy,-0.016293279022403295,1.2072630880127424,False
2021-06-08,new_energy,new_energy,-0.009316770186335366,1.196015295267282,False
2021-06-09,new_energy,new_energy,0.0052246603970742544,1.2022640690147601,False
2021-06-10,new_energy,new_energy,0.042619542619542594,1.2535040137440794,False
2021-06-11,new_energy,new_energy,0.017946161515453696,1.2759995992350002,False
2021-06-15,new_energy,new_energy,-0.009794319294809006,1.2635020517400442,False
2021-06-16,new_energy,new_energy,-0.05143422354104843,1.1985148047662735,False
2021-06-17,new_energy,new_energy,0.01772679874869665,1.2197606355076986,False
2021-06-18,new_energy,new_energy,0.035860655737704805,1.2635020517400442,False
2021-06-21,new_energy,new_energy,0.013847675568743778,1.2809986182329824,False
2021-06-22,new_energy,new_energy,0.0029268292682926855,1.2847478824814693,False
2021-06-23,new_energy,new_energy,0.02237354085603105,1.3134922417198678,False
2021-06-24,new_energy,new_energy,0.007611798287345373,1.3234902797158326,False
2021-06-25,new_energy,new_energy,0.014164305949008638,1.3422366009582667,False
2021-06-28,new_energy,new_energy,0.01582867783985087,1.3634824316996916,False
2021-06-29,new_energy,new_energy,0.013748854262144894,1.3822287529421255,False
2021-06-30,new_energy,new_energy,0.020795660036166286,1.410973112180524,False
2021-07-01,new_energy,new_energy,-0.024800708591674048,1.3759799791946474,False
2021-07-02,new_energy,new_energy,-0.0072661217075385975,1.3659819411986827,False
2021-07-05,new_energy,new_energy,0.02104300091491318,1.3947263004370813,False
2021-07-06,new_energy,new_energy,-0.010752688172043001,1.3797292434431343,False
2021-07-07,new_energy,new_energy,0.061594202898550554,1.4647125664088343,False
2021-07-08,new_energy,new_energy,0.026450511945392607,1.5034549636431978,False
2021-07-09,new_energy,new_energy,0.011637572734829682,1.5209515301361363,False
2021-07-12,new_energy,new_energy,0.03697617091207883,1.5771904938634378,False
2021-07-13,new_energy,new_energy,0.002377179080824021,1.5809397581119244,False
2021-07-14,new_energy,new_energy,-0.03320158102766779,1.5284500586331098,False
2021-07-15,new_energy,new_energy,0.03352412101390012,1.5796900033624288,False
2021-07-16,new_energy,new_energy,-0.02848101265822789,1.5346988323805875,False
2021-07-19,new_energy,new_energy,-0.017100977198696965,1.5084539826411802,False
2021-07-20,new_energy,new_energy,0.014084507042253502,1.5296998133826052,False
2021-07-21,new_energy,new_energy,0.0490196078431373,1.6046850983523409,False
2021-07-22,new_energy,new_energy,0.01791277258566981,1.6334294575907395,False
2021-07-23,new_energy,new_energy,-0.007651109410864554,1.6209319100957837,False
2021-07-26,new_energy,new_energy,-0.005397070161912043,1.6121836268493146,False
2021-07-27,new_energy,new_energy,-0.06279069767441858,1.5109534921401717,False
2021-07-28,new_energy,new_energy,-0.00413564929693977,1.5047047183926936,False
2021-07-29,new_energy,new_energy,0.07225913621262459,1.6134333815988102,False
2021-07-30,new_energy,new_energy,0.013942680092951187,1.6359289670897308,False
2021-08-02,cash,cash,-0.001,1.634293038122641,False
2021-08-03,cash,cash,0.0,1.634293038122641,False
2021-08-04,cash,cash,0.0,1.634293038122641,False
2021-08-05,cash,cash,0.0,1.634293038122641,False
2021-08-06,cash,cash,0.0,1.634293038122641,False
2021-08-09,cash,cash,0.0,1.634293038122641,False
2021-08-10,cash,cash,0.0,1.634293038122641,False
2021-08-11,cash,cash,0.0,1.634293038122641,False
2021-08-12,cash,cash,0.0,1.634293038122641,False
2021-08-13,cash,cash,0.0,1.634293038122641,False
2021-08-16,cash,cash,0.0,1.634293038122641,False
2021-08-17,cash,cash,0.0,1.634293038122641,False
2021-08-18,cash,cash,0.0,1.634293038122641,False
2021-08-19,cash,cash,0.0,1.634293038122641,False
2021-08-20,cash,cash,0.0,1.634293038122641,False
2021-08-23,cash,cash,0.0,1.634293038122641,False
2021-08-24,cash,cash,0.0,1.634293038122641,False
2021-08-25,cash,cash,0.0,1.634293038122641,False
2021-08-26,cash,cash,0.0,1.634293038122641,False
2021-08-27,cash,cash,0.0,1.634293038122641,False
2021-08-30,cash,cash,0.0,1.634293038122641,False
2021-08-31,cash,cash,0.0,1.634293038122641,False
2021-09-01,cash,cash,0.0,1.634293038122641,False
2021-09-02,cash,cash,0.0,1.634293038122641,False
2021-09-03,cash,cash,0.0,1.634293038122641,False
2021-09-06,cash,cash,0.0,1.634293038122641,False
2021-09-07,cash,cash,0.0,1.634293038122641,False
2021-09-08,cash,cash,0.0,1.634293038122641,False
2021-09-09,cash,cash,0.0,1.634293038122641,False
2021-09-10,cash,cash,0.0,1.634293038122641,False
2021-09-13,cash,cash,0.0,1.634293038122641,False
2021-09-14,cash,cash,0.0,1.634293038122641,False
2021-09-15,cash,cash,0.0,1.634293038122641,False
2021-09-16,cash,cash,0.0,1.634293038122641,False
2021-09-17,cash,cash,0.0,1.634293038122641,False
2021-09-22,cash,cash,0.0,1.634293038122641,False
2021-09-23,cash,cash,0.0,1.634293038122641,False
2021-09-24,cash,cash,0.0,1.634293038122641,False
2021-09-27,cash,cash,0.0,1.634293038122641,False
2021-09-28,cash,cash,0.0,1.634293038122641,False
2021-09-29,cash,cash,0.0,1.634293038122641,False
2021-09-30,cash,cash,0.0,1.634293038122641,False
2021-10-08,cash,cash,0.0,1.634293038122641,False
2021-10-11,cash,cash,0.0,1.634293038122641,False
2021-10-12,cash,cash,0.0,1.634293038122641,False
2021-10-13,cash,cash,0.0,1.634293038122641,False
2021-10-14,cash,cash,0.0,1.634293038122641,False
2021-10-15,cash,cash,0.0,1.634293038122641,False
2021-10-18,cash,cash,0.0,1.634293038122641,False
2021-10-19,cash,cash,0.0,1.634293038122641,False
2021-10-20,cash,cash,0.0,1.634293038122641,False
2021-10-21,cash,cash,0.0,1.634293038122641,False
2021-10-22,cash,cash,0.0,1.634293038122641,False
2021-10-25,cash,cash,0.0,1.634293038122641,False
2021-10-26,cash,cash,0.0,1.634293038122641,False
2021-10-27,cash,cash,0.0,1.634293038122641,False
2021-10-28,cash,cash,0.0,1.634293038122641,False
2021-10-29,cash,cash,0.0,1.634293038122641,False
2021-11-01,cash,cash,0.0,1.634293038122641,False
2021-11-02,cash,cash,0.0,1.634293038122641,False
2021-11-03,cash,cash,0.0,1.634293038122641,False
2021-11-04,cash,cash,0.0,1.634293038122641,False
2021-11-05,cash,cash,0.0,1.634293038122641,False
2021-11-08,cash,cash,0.0,1.634293038122641,False
2021-11-09,cash,cash,0.0,1.634293038122641,False
2021-11-10,cash,cash,0.0,1.634293038122641,False
2021-11-11,cash,cash,0.0,1.634293038122641,False
2021-11-12,cash,cash,0.0,1.634293038122641,False
2021-11-15,cash,cash,0.0,1.634293038122641,False
2021-11-16,cash,cash,0.0,1.634293038122641,False
2021-11-17,cash,cash,0.0,1.634293038122641,False
2021-11-18,cash,cash,0.0,1.634293038122641,False
2021-11-19,cash,cash,0.0,1.634293038122641,False
2021-11-22,cash,cash,0.0,1.634293038122641,False
2021-11-23,cash,cash,0.0,1.634293038122641,False
2021-11-24,cash,cash,0.0,1.634293038122641,False
2021-11-25,cash,cash,0.0,1.634293038122641,False
2021-11-26,cash,cash,0.0,1.634293038122641,False
2021-11-29,cash,cash,0.0,1.634293038122641,False
2021-11-30,cash,cash,0.0,1.634293038122641,False
2021-12-01,cash,cash,0.0,1.634293038122641,False
2021-12-02,cash,cash,0.0,1.634293038122641,False
2021-12-03,cash,cash,0.0,1.634293038122641,False
2021-12-06,cash,cash,0.0,1.634293038122641,False
2021-12-07,cash,cash,0.0,1.634293038122641,False
2021-12-08,cash,cash,0.0,1.634293038122641,False
2021-12-09,cash,cash,0.0,1.634293038122641,False
2021-12-10,cash,cash,0.0,1.634293038122641,False
2021-12-13,cash,cash,0.0,1.634293038122641,False
2021-12-14,cash,cash,0.0,1.634293038122641,False
2021-12-15,cash,cash,0.0,1.634293038122641,False
2021-12-16,cash,cash,0.0,1.634293038122641,False
2021-12-17,cash,cash,0.0,1.634293038122641,False
2021-12-20,cash,cash,0.0,1.634293038122641,False
2021-12-21,cash,cash,0.0,1.634293038122641,False
2021-12-22,cash,cash,0.0,1.634293038122641,False
2021-12-23,cash,cash,0.0,1.634293038122641,False
2021-12-24,cash,cash,0.0,1.634293038122641,False
2021-12-27,cash,cash,0.0,1.634293038122641,False
2021-12-28,cash,cash,0.0,1.634293038122641,False
2021-12-29,cash,cash,0.0,1.634293038122641,False
2021-12-30,cash,cash,0.0,1.634293038122641,False
2021-12-31,cash,cash,0.0,1.634293038122641,False
2022-01-04,cash,cash,0.0,1.634293038122641,False
2022-01-05,cash,cash,0.0,1.634293038122641,False
2022-01-06,cash,cash,0.0,1.634293038122641,False
2022-01-07,cash,cash,0.0,1.634293038122641,False
2022-01-10,cash,cash,0.0,1.634293038122641,False
2022-01-11,cash,cash,0.0,1.634293038122641,False
2022-01-12,cash,cash,0.0,1.634293038122641,False
2022-01-13,cash,cash,0.0,1.634293038122641,False
2022-01-14,cash,cash,0.0,1.634293038122641,False
2022-01-17,cash,cash,0.0,1.634293038122641,False
2022-01-18,cash,cash,0.0,1.634293038122641,False
2022-01-19,cash,cash,0.0,1.634293038122641,False
2022-01-20,cash,cash,0.0,1.634293038122641,False
2022-01-21,cash,cash,0.0,1.634293038122641,False
2022-01-24,cash,cash,0.0,1.634293038122641,False
2022-01-25,cash,cash,0.0,1.634293038122641,False
2022-01-26,cash,cash,0.0,1.634293038122641,False
2022-01-27,cash,cash,0.0,1.634293038122641,False
2022-01-28,cash,cash,0.0,1.634293038122641,False
2022-02-07,cash,cash,0.0,1.634293038122641,False
2022-02-08,cash,cash,0.0,1.634293038122641,False
2022-02-09,cash,cash,0.0,1.634293038122641,False
2022-02-10,cash,cash,0.0,1.634293038122641,False
2022-02-11,cash,cash,0.0,1.634293038122641,False
2022-02-14,cash,cash,0.0,1.634293038122641,False
2022-02-15,cash,cash,0.0,1.634293038122641,False
2022-02-16,cash,cash,0.0,1.634293038122641,False
2022-02-17,cash,cash,0.0,1.634293038122641,False
2022-02-18,cash,cash,0.0,1.634293038122641,False
2022-02-21,cash,cash,0.0,1.634293038122641,False
2022-02-22,cash,cash,0.0,1.634293038122641,False
2022-02-23,cash,cash,0.0,1.634293038122641,False
2022-02-24,cash,cash,0.0,1.634293038122641,False
2022-02-25,cash,cash,0.0,1.634293038122641,False
2022-02-28,cash,cash,0.0,1.634293038122641,False
2022-03-01,cash,cash,0.0,1.634293038122641,False
2022-03-02,cash,cash,0.0,1.634293038122641,False
2022-03-03,cash,cash,0.0,1.634293038122641,False
2022-03-04,cash,cash,0.0,1.634293038122641,False
2022-03-07,cash,cash,0.0,1.634293038122641,False
2022-03-08,cash,cash,0.0,1.634293038122641,False
2022-03-09,cash,cash,0.0,1.634293038122641,False
2022-03-10,cash,cash,0.0,1.634293038122641,False
2022-03-11,cash,cash,0.0,1.634293038122641,False
2022-03-14,cash,cash,0.0,1.634293038122641,False
2022-03-15,cash,cash,0.0,1.634293038122641,False
2022-03-16,cash,cash,0.0,1.634293038122641,False
2022-03-17,cash,cash,0.0,1.634293038122641,False
2022-03-18,cash,cash,0.0,1.634293038122641,False
2022-03-21,cash,cash,0.0,1.634293038122641,False
2022-03-22,cash,cash,0.0,1.634293038122641,False
2022-03-23,cash,cash,0.0,1.634293038122641,False
2022-03-24,cash,cash,0.0,1.634293038122641,False
2022-03-25,cash,cash,0.0,1.634293038122641,False
2022-03-28,cash,cash,0.0,1.634293038122641,False
2022-03-29,cash,cash,0.0,1.634293038122641,False
2022-03-30,cash,cash,0.0,1.634293038122641,False
2022-03-31,cash,cash,0.0,1.634293038122641,False
2022-04-01,cash,cash,0.0,1.634293038122641,False
2022-04-06,cash,cash,0.0,1.634293038122641,False
2022-04-07,cash,cash,0.0,1.634293038122641,False
2022-04-08,cash,cash,0.0,1.634293038122641,False
2022-04-11,cash,cash,0.0,1.634293038122641,False
2022-04-12,cash,cash,0.0,1.634293038122641,False
2022-04-13,cash,cash,0.0,1.634293038122641,False
2022-04-14,cash,cash,0.0,1.634293038122641,False
2022-04-15,cash,cash,0.0,1.634293038122641,False
2022-04-18,cash,cash,0.0,1.634293038122641,False
2022-04-19,cash,cash,0.0,1.634293038122641,False
2022-04-20,cash,cash,0.0,1.634293038122641,False
2022-04-21,cash,cash,0.0,1.634293038122641,False
2022-04-22,cash,cash,0.0,1.634293038122641,False
2022-04-25,cash,cash,0.0,1.634293038122641,False
2022-04-26,cash,cash,0.0,1.634293038122641,False
2022-04-27,cash,cash,0.0,1.634293038122641,False
2022-04-28,cash,cash,0.0,1.634293038122641,False
2022-04-29,cash,cash,0.0,1.634293038122641,False
2022-05-05,cash,cash,0.0,1.634293038122641,False
2022-05-06,cash,cash,0.0,1.634293038122641,False
2022-05-09,cash,cash,0.0,1.634293038122641,False
2022-05-10,cash,cash,0.0,1.634293038122641,False
2022-05-11,cash,cash,0.0,1.634293038122641,False
2022-05-12,cash,cash,0.0,1.634293038122641,False
2022-05-13,cash,cash,0.0,1.634293038122641,False
2022-05-16,cash,cash,0.0,1.634293038122641,False
2022-05-17,cash,cash,0.0,1.634293038122641,False
2022-05-18,cash,cash,0.0,1.634293038122641,False
2022-05-19,cash,cash,0.0,1.634293038122641,False
2022-05-20,cash,cash,0.0,1.634293038122641,False
2022-05-23,cash,cash,0.0,1.634293038122641,False
2022-05-24,cash,cash,0.0,1.634293038122641,False
2022-05-25,cash,cash,0.0,1.634293038122641,False
2022-05-26,cash,cash,0.0,1.634293038122641,False
2022-05-27,cash,cash,0.0,1.634293038122641,False
2022-05-30,cash,cash,0.0,1.634293038122641,False
2022-05-31,cash,cash,0.0,1.634293038122641,False
2022-06-01,cash,cash,0.0,1.634293038122641,False
2022-06-02,cash,cash,0.0,1.634293038122641,False
2022-06-06,cash,cash,0.0,1.634293038122641,False
2022-06-07,cash,cash,0.0,1.634293038122641,False
2022-06-08,cash,cash,0.0,1.634293038122641,False
2022-06-09,cash,cash,0.0,1.634293038122641,False
2022-06-10,cash,cash,0.0,1.634293038122641,False
2022-06-13,cash,cash,0.0,1.634293038122641,False
2022-06-14,cash,cash,0.0,1.634293038122641,False
2022-06-15,cash,cash,0.0,1.634293038122641,False
2022-06-16,cash,cash,0.0,1.634293038122641,False
2022-06-17,cash,cash,0.0,1.634293038122641,False
2022-06-20,cash,cash,0.0,1.634293038122641,False
2022-06-21,cash,cash,0.0,1.634293038122641,False
2022-06-22,cash,cash,0.0,1.634293038122641,False
2022-06-23,cash,cash,0.0,1.634293038122641,False
2022-06-24,cash,cash,0.0,1.634293038122641,False
2022-06-27,cash,cash,0.0,1.634293038122641,False
2022-06-28,cash,cash,0.0,1.634293038122641,False
2022-06-29,cash,cash,0.0,1.634293038122641,False
2022-06-30,cash,cash,0.0,1.634293038122641,False
2022-07-01,cash,cash,0.0,1.634293038122641,False
2022-07-04,cash,cash,0.0,1.634293038122641,False
2022-07-05,cash,cash,0.0,1.634293038122641,False
2022-07-06,cash,cash,0.0,1.634293038122641,False
2022-07-07,cash,cash,0.0,1.634293038122641,False
2022-07-08,cash,cash,0.0,1.634293038122641,False
2022-07-11,cash,cash,0.0,1.634293038122641,False
2022-07-12,cash,cash,0.0,1.634293038122641,False
2022-07-13,cash,cash,0.0,1.634293038122641,False
2022-07-14,cash,cash,0.0,1.634293038122641,False
2022-07-15,cash,cash,0.0,1.634293038122641,False
2022-07-18,cash,cash,0.0,1.634293038122641,False
2022-07-19,cash,cash,0.0,1.634293038122641,False
2022-07-20,cash,cash,0.0,1.634293038122641,False
2022-07-21,cash,cash,0.0,1.634293038122641,False
2022-07-22,cash,cash,0.0,1.634293038122641,False
2022-07-25,cash,cash,0.0,1.634293038122641,False
2022-07-26,cash,cash,0.0,1.634293038122641,False
2022-07-27,cash,cash,0.0,1.634293038122641,False
2022-07-28,cash,cash,0.0,1.634293038122641,False
2022-07-29,cash,cash,0.0,1.634293038122641,False
2022-08-01,cash,cash,0.0,1.634293038122641,False
2022-08-02,cash,cash,0.0,1.634293038122641,False
2022-08-03,cash,cash,0.0,1.634293038122641,False
2022-08-04,cash,cash,0.0,1.634293038122641,False
2022-08-05,cash,cash,0.0,1.634293038122641,False
2022-08-08,cash,cash,0.0,1.634293038122641,False
2022-08-09,cash,cash,0.0,1.634293038122641,False
2022-08-10,cash,cash,0.0,1.634293038122641,False
2022-08-11,cash,cash,0.0,1.634293038122641,False
2022-08-12,cash,cash,0.0,1.634293038122641,False
2022-08-15,cash,cash,0.0,1.634293038122641,False
2022-08-16,cash,cash,0.0,1.634293038122641,False
2022-08-17,cash,cash,0.0,1.634293038122641,False
2022-08-18,cash,cash,0.0,1.634293038122641,False
2022-08-19,cash,cash,0.0,1.634293038122641,False
2022-08-22,cash,cash,0.0,1.634293038122641,False
2022-08-23,cash,cash,0.0,1.634293038122641,False
2022-08-24,cash,cash,0.0,1.634293038122641,False
2022-08-25,cash,cash,0.0,1.634293038122641,False
2022-08-26,cash,cash,0.0,1.634293038122641,False
2022-08-29,cash,cash,0.0,1.634293038122641,False
2022-08-30,cash,cash,0.0,1.634293038122641,False
2022-08-31,cash,cash,0.0,1.634293038122641,False
2022-09-01,cash,cash,0.0,1.634293038122641,False
2022-09-02,cash,cash,0.0,1.634293038122641,False
2022-09-05,cash,cash,0.0,1.634293038122641,False
2022-09-06,cash,cash,0.0,1.634293038122641,False
2022-09-07,cash,cash,0.0,1.634293038122641,False
2022-09-08,cash,cash,0.0,1.634293038122641,False
2022-09-09,cash,cash,0.0,1.634293038122641,False
2022-09-13,cash,cash,0.0,1.634293038122641,False
2022-09-14,cash,cash,0.0,1.634293038122641,False
2022-09-15,cash,cash,0.0,1.634293038122641,False
2022-09-16,cash,cash,0.0,1.634293038122641,False
2022-09-19,cash,cash,0.0,1.634293038122641,False
2022-09-20,cash,cash,0.0,1.634293038122641,False
2022-09-21,cash,cash,0.0,1.634293038122641,False
2022-09-22,cash,cash,0.0,1.634293038122641,False
2022-09-23,cash,cash,0.0,1.634293038122641,False
2022-09-26,cash,cash,0.0,1.634293038122641,False
2022-09-27,cash,cash,0.0,1.634293038122641,False
2022-09-28,cash,cash,0.0,1.634293038122641,False
2022-09-29,cash,cash,0.0,1.634293038122641,False
2022-09-30,cash,cash,0.0,1.634293038122641,False
2022-10-10,cash,cash,0.0,1.634293038122641,False
2022-10-11,cash,cash,0.0,1.634293038122641,False
2022-10-12,cash,cash,0.0,1.634293038122641,False
2022-10-13,cash,cash,0.0,1.634293038122641,False
2022-10-14,cash,cash,0.0,1.634293038122641,False
2022-10-17,cash,cash,0.0,1.634293038122641,False
2022-10-18,cash,cash,0.0,1.634293038122641,False
2022-10-19,cash,cash,0.0,1.634293038122641,False
2022-10-20,cash,cash,0.0,1.634293038122641,False
2022-10-21,cash,cash,0.0,1.634293038122641,False
2022-10-24,cash,cash,0.0,1.634293038122641,False
2022-10-25,cash,cash,0.0,1.634293038122641,False
2022-10-26,cash,cash,0.0,1.634293038122641,False
2022-10-27,cash,cash,0.0,1.634293038122641,False
2022-10-28,cash,cash,0.0,1.634293038122641,False
2022-10-31,cash,cash,0.0,1.634293038122641,False
2022-11-01,cash,cash,0.0,1.634293038122641,False
2022-11-02,cash,cash,0.0,1.634293038122641,False
2022-11-03,cash,cash,0.0,1.634293038122641,False
2022-11-04,cash,cash,0.0,1.634293038122641,False
2022-11-07,cash,cash,0.0,1.634293038122641,False
2022-11-08,cash,cash,0.0,1.634293038122641,False
2022-11-09,cash,cash,0.0,1.634293038122641,False
2022-11-10,cash,cash,0.0,1.634293038122641,False
2022-11-11,cash,cash,0.0,1.634293038122641,False
2022-11-14,cash,cash,0.0,1.634293038122641,False
2022-11-15,cash,cash,0.0,1.634293038122641,False
2022-11-16,cash,cash,0.0,1.634293038122641,False
2022-11-17,cash,cash,0.0,1.634293038122641,False
2022-11-18,cash,cash,0.0,1.634293038122641,False
2022-11-21,cash,cash,0.0,1.634293038122641,False
2022-11-22,cash,cash,0.0,1.634293038122641,False
2022-11-23,cash,cash,0.0,1.634293038122641,False
2022-11-24,cash,cash,0.0,1.634293038122641,False
2022-11-25,cash,cash,0.0,1.634293038122641,False
2022-11-28,cash,cash,0.0,1.634293038122641,False
2022-11-29,cash,cash,0.0,1.634293038122641,False
2022-11-30,cash,cash,0.0,1.634293038122641,False
2022-12-01,cash,cash,0.0,1.634293038122641,False
2022-12-02,cash,cash,0.0,1.634293038122641,False
2022-12-05,cash,cash,0.0,1.634293038122641,False
2022-12-06,cash,cash,0.0,1.634293038122641,False
2022-12-07,cash,cash,0.0,1.634293038122641,False
2022-12-08,cash,cash,0.0,1.634293038122641,False
2022-12-09,cash,cash,0.0,1.634293038122641,False
2022-12-12,cash,cash,0.0,1.634293038122641,False
2022-12-13,cash,cash,0.0,1.634293038122641,False
2022-12-14,cash,cash,0.0,1.634293038122641,False
2022-12-15,cash,cash,0.0,1.634293038122641,False
2022-12-16,cash,cash,0.0,1.634293038122641,False
2022-12-19,cash,cash,0.0,1.634293038122641,False
2022-12-20,cash,cash,0.0,1.634293038122641,False
2022-12-21,cash,cash,0.0,1.634293038122641,False
2022-12-22,cash,cash,0.0,1.634293038122641,False
2022-12-23,cash,cash,0.0,1.634293038122641,False
2022-12-26,cash,cash,0.0,1.634293038122641,False
2022-12-27,cash,cash,0.0,1.634293038122641,False
2022-12-28,cash,cash,0.0,1.634293038122641,False
2022-12-29,cash,cash,0.0,1.634293038122641,False
2022-12-30,cash,cash,0.0,1.634293038122641,False
2023-01-03,cash,cash,0.0,1.634293038122641,False
2023-01-04,cash,cash,0.0,1.634293038122641,False
2023-01-05,cash,cash,0.0,1.634293038122641,False
2023-01-06,cash,cash,0.0,1.634293038122641,False
2023-01-09,cash,cash,0.0,1.634293038122641,False
2023-01-10,cash,cash,0.0,1.634293038122641,False
2023-01-11,cash,cash,0.0,1.634293038122641,False
2023-01-12,cash,cash,0.0,1.634293038122641,False
2023-01-13,cash,cash,0.0,1.634293038122641,False
2023-01-16,cash,cash,0.0,1.634293038122641,False
2023-01-17,cash,cash,0.0,1.634293038122641,False
2023-01-18,cash,cash,0.0,1.634293038122641,False
2023-01-19,cash,cash,0.0,1.634293038122641,False
2023-01-20,cash,cash,0.0,1.634293038122641,False
2023-01-30,cash,cash,0.0,1.634293038122641,False
2023-01-31,cash,cash,0.0,1.634293038122641,False
2023-02-01,securities,securities,0.025150627615062704,1.675396533738353,False
2023-02-02,securities,securities,-0.020387359836901098,1.6412396217355323,False
2023-02-03,securities,securities,-0.008324661810613976,1.627576856934404,False
2023-02-06,securities,securities,-0.018887722980062915,1.5968356361318654,False
2023-02-07,securities,securities,0.0032085561497325887,1.6019591729322884,False
2023-02-08,securities,securities,-0.00959488272921094,1.5865885625310194,False
2023-02-09,securities,securities,0.016146393972012785,1.6122062465331346,False
2023-02-10,securities,securities,-0.008474576271186307,1.5985434817320066,False
2023-02-13,securities,securities,0.0064102564102563875,1.6087905553328528,False
2023-02-14,securities,securities,-0.002123142250530785,1.6053748641325707,False
2023-02-15,securities,securities,-0.009574468085106314,1.5900042537313015,False
2023-02-16,securities,securities,-0.00537056928034374,1.5814650257305962,False
2023-02-17,securities,securities,-0.018358531317494653,1.5524316505281985,False
2023-02-20,securities,securities,0.040704070407040716,1.6156219377334167,False
2023-02-21,securities,securities,0.0021141649048626032,1.6190376289336987,False
2023-02-22,securities,securities,-0.009493670886076,1.6036670185324293,False
2023-02-23,securities,securities,0.008519701810436597,1.6173297833335576,False
2023-02-24,securities,securities,-0.0168954593453009,1.590004253731301,False
2023-02-27,securities,securities,-0.012889366272824887,1.5695101065296087,False
2023-02-28,securities,securities,0.008705114254624613,1.583172871330737,False
2023-03-01,cash,cash,-0.001,1.5815896984594062,False
2023-03-02,cash,cash,0.0,1.5815896984594062,False
2023-03-03,cash,cash,0.0,1.5815896984594062,False
2023-03-06,cash,cash,0.0,1.5815896984594062,False
2023-03-07,cash,cash,0.0,1.5815896984594062,False
2023-03-08,cash,cash,0.0,1.5815896984594062,False
2023-03-09,cash,cash,0.0,1.5815896984594062,False
2023-03-10,cash,cash,0.0,1.5815896984594062,False
2023-03-13,cash,cash,0.0,1.5815896984594062,False
2023-03-14,cash,cash,0.0,1.5815896984594062,False
2023-03-15,cash,cash,0.0,1.5815896984594062,False
2023-03-16,cash,cash,0.0,1.5815896984594062,False
2023-03-17,cash,cash,0.0,1.5815896984594062,False
2023-03-20,cash,cash,0.0,1.5815896984594062,False
2023-03-21,cash,cash,0.0,1.5815896984594062,False
2023-03-22,cash,cash,0.0,1.5815896984594062,False
2023-03-23,cash,cash,0.0,1.5815896984594062,False
2023-03-24,cash,cash,0.0,1.5815896984594062,False
2023-03-27,cash,cash,0.0,1.5815896984594062,False
2023-03-28,cash,cash,0.0,1.5815896984594062,False
2023-03-29,cash,cash,0.0,1.5815896984594062,False
2023-03-30,cash,cash,0.0,1.5815896984594062,False
2023-03-31,cash,cash,0.0,1.5815896984594062,False
2023-04-03,cash,cash,0.0,1.5815896984594062,False
2023-04-04,cash,cash,0.0,1.5815896984594062,False
2023-04-06,cash,cash,0.0,1.5815896984594062,False
2023-04-07,cash,cash,0.0,1.5815896984594062,False
2023-04-10,cash,cash,0.0,1.5815896984594062,False
2023-04-11,cash,cash,0.0,1.5815896984594062,False
2023-04-12,cash,cash,0.0,1.5815896984594062,False
2023-04-13,cash,cash,0.0,1.5815896984594062,False
2023-04-14,cash,cash,0.0,1.5815896984594062,False
2023-04-17,cash,cash,0.0,1.5815896984594062,False
2023-04-18,cash,cash,0.0,1.5815896984594062,False
2023-04-19,cash,cash,0.0,1.5815896984594062,False
2023-04-20,cash,cash,0.0,1.5815896984594062,False
2023-04-21,cash,cash,0.0,1.5815896984594062,False
2023-04-24,cash,cash,0.0,1.5815896984594062,False
2023-04-25,cash,cash,0.0,1.5815896984594062,False
2023-04-26,cash,cash,0.0,1.5815896984594062,False
2023-04-27,cash,cash,0.0,1.5815896984594062,False
2023-04-28,cash,cash,0.0,1.5815896984594062,False
2023-05-04,cash,cash,0.0,1.5815896984594062,False
2023-05-05,cash,cash,0.0,1.5815896984594062,False
2023-05-08,cash,cash,0.0,1.5815896984594062,False
2023-05-09,cash,cash,0.0,1.5815896984594062,False
2023-05-10,cash,cash,0.0,1.5815896984594062,False
2023-05-11,cash,cash,0.0,1.5815896984594062,False
2023-05-12,cash,cash,0.0,1.5815896984594062,False
2023-05-15,cash,cash,0.0,1.5815896984594062,False
2023-05-16,cash,cash,0.0,1.5815896984594062,False
2023-05-17,cash,cash,0.0,1.5815896984594062,False
2023-05-18,cash,cash,0.0,1.5815896984594062,False
2023-05-19,cash,cash,0.0,1.5815896984594062,False
2023-05-22,cash,cash,0.0,1.5815896984594062,False
2023-05-23,cash,cash,0.0,1.5815896984594062,False
2023-05-24,cash,cash,0.0,1.5815896984594062,False
2023-05-25,cash,cash,0.0,1.5815896984594062,False
2023-05-26,cash,cash,0.0,1.5815896984594062,False
2023-05-29,cash,cash,0.0,1.5815896984594062,False
2023-05-30,cash,cash,0.0,1.5815896984594062,False
2023-05-31,cash,cash,0.0,1.5815896984594062,False
2023-06-01,cash,cash,0.0,1.5815896984594062,False
2023-06-02,cash,cash,0.0,1.5815896984594062,False
2023-06-05,cash,cash,0.0,1.5815896984594062,False
2023-06-06,cash,cash,0.0,1.5815896984594062,False
2023-06-07,cash,cash,0.0,1.5815896984594062,False
2023-06-08,cash,cash,0.0,1.5815896984594062,False
2023-06-09,cash,cash,0.0,1.5815896984594062,False
2023-06-12,cash,cash,0.0,1.5815896984594062,False
2023-06-13,cash,cash,0.0,1.5815896984594062,False
2023-06-14,cash,cash,0.0,1.5815896984594062,False
2023-06-15,cash,cash,0.0,1.5815896984594062,False
2023-06-16,cash,cash,0.0,1.5815896984594062,False
2023-06-19,cash,cash,0.0,1.5815896984594062,False
2023-06-20,cash,cash,0.0,1.5815896984594062,False
2023-06-21,cash,cash,0.0,1.5815896984594062,False
2023-06-26,cash,cash,0.0,1.5815896984594062,False
2023-06-27,cash,cash,0.0,1.5815896984594062,False
2023-06-28,cash,cash,0.0,1.5815896984594062,False
2023-06-29,cash,cash,0.0,1.5815896984594062,False
2023-06-30,cash,cash,0.0,1.5815896984594062,False
2023-07-03,cash,cash,0.0,1.5815896984594062,False
2023-07-04,cash,cash,0.0,1.5815896984594062,False
2023-07-05,cash,cash,0.0,1.5815896984594062,False
2023-07-06,cash,cash,0.0,1.5815896984594062,False
2023-07-07,cash,cash,0.0,1.5815896984594062,False
2023-07-10,cash,cash,0.0,1.5815896984594062,False
2023-07-11,cash,cash,0.0,1.5815896984594062,False
2023-07-12,cash,cash,0.0,1.5815896984594062,False
2023-07-13,cash,cash,0.0,1.5815896984594062,False
2023-07-14,cash,cash,0.0,1.5815896984594062,False
2023-07-17,cash,cash,0.0,1.5815896984594062,False
2023-07-18,cash,cash,0.0,1.5815896984594062,False
2023-07-19,cash,cash,0.0,1.5815896984594062,False
2023-07-20,cash,cash,0.0,1.5815896984594062,False
2023-07-21,cash,cash,0.0,1.5815896984594062,False
2023-07-24,cash,cash,0.0,1.5815896984594062,False
2023-07-25,cash,cash,0.0,1.5815896984594062,False
2023-07-26,cash,cash,0.0,1.5815896984594062,False
2023-07-27,cash,cash,0.0,1.5815896984594062,False
2023-07-28,cash,cash,0.0,1.5815896984594062,False
2023-07-31,cash,cash,0.0,1.5815896984594062,False
2023-08-01,securities,securities,-0.002974333662388972,1.5768855229791907,False
2023-08-02,securities,securities,0.006923837784372111,1.5878036225448233,False
2023-08-03,securities,securities,0.035363457760314354,1.6439538488823613,False
2023-08-04,securities,securities,0.008538899430740043,1.6579914054667457,False
2023-08-07,securities,securities,0.002822201317027373,1.662670590994874,False
2023-08-08,securities,securities,-0.0065666041275798115,1.6517524914292414,False
2023-08-09,securities,securities,-0.005665722379603388,1.642394120372985,False
2023-08-10,securities,securities,0.019943019943020168,1.6751484190698827,False
2023-08-11,securities,securities,-0.043761638733705865,1.601841179129208,False
2023-08-14,securities,securities,-0.009737098344693274,1.5862438940354475,False
2023-08-15,securities,securities,0.01868239921337289,1.6158787357135929,False
2023-08-16,securities,securities,0.0019305019305020377,1.6189981927323451,False
2023-08-17,securities,securities,0.0,1.6189981927323451,False
2023-08-18,securities,securities,-0.016377649325626353,1.592482808072952,False
2023-08-21,securities,securities,-0.03525954946131238,1.536332581735414,False
2023-08-22,securities,securities,0.019289340101522834,1.5659674234135592,False
2023-08-23,securities,securities,-0.02689243027888444,1.5238547536604057,False
2023-08-24,securities,securities,0.01535312180143289,1.5472506813010465,False
2023-08-25,securities,securities,0.006048387096774244,1.5566090523573028,False
2023-08-28,securities,securities,0.02505010020040066,1.595602265091704,False
2023-08-29,securities,securities,-0.006842619745845435,1.584684165526072,False
2023-08-30,securities,securities,-0.028543307086614234,1.5394520387541661,False
2023-08-31,securities,securities,-0.019250253292806496,1.509817197076021,False
2023-09-01,cash,cash,-0.001,1.508307379878945,False
2023-09-04,cash,cash,0.0,1.508307379878945,False
2023-09-05,cash,cash,0.0,1.508307379878945,False
2023-09-06,cash,cash,0.0,1.508307379878945,False
2023-09-07,cash,cash,0.0,1.508307379878945,False
2023-09-08,cash,cash,0.0,1.508307379878945,False
2023-09-11,cash,cash,0.0,1.508307379878945,False
2023-09-12,cash,cash,0.0,1.508307379878945,False
2023-09-13,cash,cash,0.0,1.508307379878945,False
2023-09-14,cash,cash,0.0,1.508307379878945,False
2023-09-15,cash,cash,0.0,1.508307379878945,False
2023-09-18,cash,cash,0.0,1.508307379878945,False
2023-09-19,cash,cash,0.0,1.508307379878945,False
2023-09-20,cash,cash,0.0,1.508307379878945,False
2023-09-21,cash,cash,0.0,1.508307379878945,False
2023-09-22,cash,cash,0.0,1.508307379878945,False
2023-09-25,cash,cash,0.0,1.508307379878945,False
2023-09-26,cash,cash,0.0,1.508307379878945,False
2023-09-27,cash,cash,0.0,1.508307379878945,False
2023-09-28,cash,cash,0.0,1.508307379878945,False
2023-10-09,cash,cash,0.0,1.508307379878945,False
2023-10-10,cash,cash,0.0,1.508307379878945,False
2023-10-11,cash,cash,0.0,1.508307379878945,False
2023-10-12,cash,cash,0.0,1.508307379878945,False
2023-10-13,cash,cash,0.0,1.508307379878945,False
2023-10-16,cash,cash,0.0,1.508307379878945,False
2023-10-17,cash,cash,0.0,1.508307379878945,False
2023-10-18,cash,cash,0.0,1.508307379878945,False
2023-10-19,cash,cash,0.0,1.508307379878945,False
2023-10-20,cash,cash,0.0,1.508307379878945,False
2023-10-23,cash,cash,0.0,1.508307379878945,False
2023-10-24,cash,cash,0.0,1.508307379878945,False
2023-10-25,cash,cash,0.0,1.508307379878945,False
2023-10-26,cash,cash,0.0,1.508307379878945,False
2023-10-27,cash,cash,0.0,1.508307379878945,False
2023-10-30,cash,cash,0.0,1.508307379878945,False
2023-10-31,cash,cash,0.0,1.508307379878945,False
2023-11-01,cash,cash,0.0,1.508307379878945,False
2023-11-02,cash,cash,0.0,1.508307379878945,False
2023-11-03,cash,cash,0.0,1.508307379878945,False
2023-11-06,cash,cash,0.0,1.508307379878945,False
2023-11-07,cash,cash,0.0,1.508307379878945,False
2023-11-08,cash,cash,0.0,1.508307379878945,False
2023-11-09,cash,cash,0.0,1.508307379878945,False
2023-11-10,cash,cash,0.0,1.508307379878945,False
2023-11-13,cash,cash,0.0,1.508307379878945,False
2023-11-14,cash,cash,0.0,1.508307379878945,False
2023-11-15,cash,cash,0.0,1.508307379878945,False
2023-11-16,cash,cash,0.0,1.508307379878945,False
2023-11-17,cash,cash,0.0,1.508307379878945,False
2023-11-20,cash,cash,0.0,1.508307379878945,False
2023-11-21,cash,cash,0.0,1.508307379878945,False
2023-11-22,cash,cash,0.0,1.508307379878945,False
2023-11-23,cash,cash,0.0,1.508307379878945,False
2023-11-24,cash,cash,0.0,1.508307379878945,False
2023-11-27,cash,cash,0.0,1.508307379878945,False
2023-11-28,cash,cash,0.0,1.508307379878945,False
2023-11-29,cash,cash,0.0,1.508307379878945,False
2023-11-30,cash,cash,0.0,1.508307379878945,False
2023-12-01,cash,cash,0.0,1.508307379878945,False
2023-12-04,cash,cash,0.0,1.508307379878945,False
2023-12-05,cash,cash,0.0,1.508307379878945,False
2023-12-06,cash,cash,0.0,1.508307379878945,False
2023-12-07,cash,cash,0.0,1.508307379878945,False
2023-12-08,cash,cash,0.0,1.508307379878945,False
2023-12-11,cash,cash,0.0,1.508307379878945,False
2023-12-12,cash,cash,0.0,1.508307379878945,False
2023-12-13,cash,cash,0.0,1.508307379878945,False
2023-12-14,cash,cash,0.0,1.508307379878945,False
2023-12-15,cash,cash,0.0,1.508307379878945,False
2023-12-18,cash,cash,0.0,1.508307379878945,False
2023-12-19,cash,cash,0.0,1.508307379878945,False
2023-12-20,cash,cash,0.0,1.508307379878945,False
2023-12-21,cash,cash,0.0,1.508307379878945,False
2023-12-22,cash,cash,0.0,1.508307379878945,False
2023-12-25,cash,cash,0.0,1.508307379878945,False
2023-12-26,cash,cash,0.0,1.508307379878945,False
2023-12-27,cash,cash,0.0,1.508307379878945,False
2023-12-28,cash,cash,0.0,1.508307379878945,False
2023-12-29,cash,cash,0.0,1.508307379878945,False
2024-01-02,cash,cash,0.0,1.508307379878945,False
2024-01-03,cash,cash,0.0,1.508307379878945,False
2024-01-04,cash,cash,0.0,1.508307379878945,False
2024-01-05,cash,cash,0.0,1.508307379878945,False
2024-01-08,cash,cash,0.0,1.508307379878945,False
2024-01-09,cash,cash,0.0,1.508307379878945,False
2024-01-10,cash,cash,0.0,1.508307379878945,False
2024-01-11,cash,cash,0.0,1.508307379878945,False
2024-01-12,cash,cash,0.0,1.508307379878945,False
2024-01-15,cash,cash,0.0,1.508307379878945,False
2024-01-16,cash,cash,0.0,1.508307379878945,False
2024-01-17,cash,cash,0.0,1.508307379878945,False
2024-01-18,cash,cash,0.0,1.508307379878945,False
2024-01-19,cash,cash,0.0,1.508307379878945,False
2024-01-22,cash,cash,0.0,1.508307379878945,False
2024-01-23,cash,cash,0.0,1.508307379878945,False
2024-01-24,cash,cash,0.0,1.508307379878945,False
2024-01-25,cash,cash,0.0,1.508307379878945,False
2024-01-26,cash,cash,0.0,1.508307379878945,False
2024-01-29,cash,cash,0.0,1.508307379878945,False
2024-01-30,cash,cash,0.0,1.508307379878945,False
2024-01-31,cash,cash,0.0,1.508307379878945,False
2024-02-01,cash,cash,0.0,1.508307379878945,False
2024-02-02,cash,cash,0.0,1.508307379878945,False
2024-02-05,cash,cash,0.0,1.508307379878945,False
2024-02-06,cash,cash,0.0,1.508307379878945,False
2024-02-07,cash,cash,0.0,1.508307379878945,False
2024-02-08,cash,cash,0.0,1.508307379878945,False
2024-02-19,cash,cash,0.0,1.508307379878945,False
2024-02-20,cash,cash,0.0,1.508307379878945,False
2024-02-21,cash,cash,0.0,1.508307379878945,False
2024-02-22,cash,cash,0.0,1.508307379878945,False
2024-02-23,cash,cash,0.0,1.508307379878945,False
2024-02-26,cash,cash,0.0,1.508307379878945,False
2024-02-27,cash,cash,0.0,1.508307379878945,False
2024-02-28,cash,cash,0.0,1.508307379878945,False
2024-02-29,cash,cash,0.0,1.508307379878945,False
2024-03-01,cash,cash,0.0,1.508307379878945,False
2024-03-04,cash,cash,0.0,1.508307379878945,False
2024-03-05,cash,cash,0.0,1.508307379878945,False
2024-03-06,cash,cash,0.0,1.508307379878945,False
2024-03-07,cash,cash,0.0,1.508307379878945,False
2024-03-08,cash,cash,0.0,1.508307379878945,False
2024-03-11,cash,cash,0.0,1.508307379878945,False
2024-03-12,cash,cash,0.0,1.508307379878945,False
2024-03-13,cash,cash,0.0,1.508307379878945,False
2024-03-14,cash,cash,0.0,1.508307379878945,False
2024-03-15,cash,cash,0.0,1.508307379878945,False
2024-03-18,cash,cash,0.0,1.508307379878945,False
2024-03-19,cash,cash,0.0,1.508307379878945,False
2024-03-20,cash,cash,0.0,1.508307379878945,False
2024-03-21,cash,cash,0.0,1.508307379878945,False
2024-03-22,cash,cash,0.0,1.508307379878945,False
2024-03-25,cash,cash,0.0,1.508307379878945,False
2024-03-26,cash,cash,0.0,1.508307379878945,False
2024-03-27,cash,cash,0.0,1.508307379878945,False
2024-03-28,cash,cash,0.0,1.508307379878945,False
2024-03-29,cash,cash,0.0,1.508307379878945,False
2024-04-01,cash,cash,0.0,1.508307379878945,False
2024-04-02,cash,cash,0.0,1.508307379878945,False
2024-04-03,cash,cash,0.0,1.508307379878945,False
2024-04-08,cash,cash,0.0,1.508307379878945,False
2024-04-09,cash,cash,0.0,1.508307379878945,False
2024-04-10,cash,cash,0.0,1.508307379878945,False
2024-04-11,cash,cash,0.0,1.508307379878945,False
2024-04-12,cash,cash,0.0,1.508307379878945,False
2024-04-15,cash,cash,0.0,1.508307379878945,False
2024-04-16,cash,cash,0.0,1.508307379878945,False
2024-04-17,cash,cash,0.0,1.508307379878945,False
2024-04-18,cash,cash,0.0,1.508307379878945,False
2024-04-19,cash,cash,0.0,1.508307379878945,False
2024-04-22,cash,cash,0.0,1.508307379878945,False
2024-04-23,cash,cash,0.0,1.508307379878945,False
2024-04-24,cash,cash,0.0,1.508307379878945,False
2024-04-25,cash,cash,0.0,1.508307379878945,False
2024-04-26,cash,cash,0.0,1.508307379878945,False
2024-04-29,cash,cash,0.0,1.508307379878945,False
2024-04-30,cash,cash,0.0,1.508307379878945,False
2024-05-06,cash,cash,0.0,1.508307379878945,False
2024-05-07,cash,cash,0.0,1.508307379878945,False
2024-05-08,cash,cash,0.0,1.508307379878945,False
2024-05-09,cash,cash,0.0,1.508307379878945,False
2024-05-10,cash,cash,0.0,1.508307379878945,False
2024-05-13,cash,cash,0.0,1.508307379878945,False
2024-05-14,cash,cash,0.0,1.508307379878945,False
2024-05-15,cash,cash,0.0,1.508307379878945,False
2024-05-16,cash,cash,0.0,1.508307379878945,False
2024-05-17,cash,cash,0.0,1.508307379878945,False
2024-05-20,cash,cash,0.0,1.508307379878945,False
2024-05-21,cash,cash,0.0,1.508307379878945,False
2024-05-22,cash,cash,0.0,1.508307379878945,False
2024-05-23,cash,cash,0.0,1.508307379878945,False
2024-05-24,cash,cash,0.0,1.508307379878945,False
2024-05-27,cash,cash,0.0,1.508307379878945,False
2024-05-28,cash,cash,0.0,1.508307379878945,False
2024-05-29,cash,cash,0.0,1.508307379878945,False
2024-05-30,cash,cash,0.0,1.508307379878945,False
2024-05-31,cash,cash,0.0,1.508307379878945,False
2024-06-03,cash,cash,0.0,1.508307379878945,False
2024-06-04,cash,cash,0.0,1.508307379878945,False
2024-06-05,cash,cash,0.0,1.508307379878945,False
2024-06-06,cash,cash,0.0,1.508307379878945,False
2024-06-07,cash,cash,0.0,1.508307379878945,False
2024-06-11,cash,cash,0.0,1.508307379878945,False
2024-06-12,cash,cash,0.0,1.508307379878945,False
2024-06-13,cash,cash,0.0,1.508307379878945,False
2024-06-14,cash,cash,0.0,1.508307379878945,False
2024-06-17,cash,cash,0.0,1.508307379878945,False
2024-06-18,cash,cash,0.0,1.508307379878945,False
2024-06-19,cash,cash,0.0,1.508307379878945,False
2024-06-20,cash,cash,0.0,1.508307379878945,False
2024-06-21,cash,cash,0.0,1.508307379878945,False
2024-06-24,cash,cash,0.0,1.508307379878945,False
2024-06-25,cash,cash,0.0,1.508307379878945,False
2024-06-26,cash,cash,0.0,1.508307379878945,False
2024-06-27,cash,cash,0.0,1.508307379878945,False
2024-06-28,cash,cash,0.0,1.508307379878945,False
2024-07-01,cash,cash,0.0,1.508307379878945,False
2024-07-02,cash,cash,0.0,1.508307379878945,False
2024-07-03,cash,cash,0.0,1.508307379878945,False
2024-07-04,cash,cash,0.0,1.508307379878945,False
2024-07-05,cash,cash,0.0,1.508307379878945,False
2024-07-08,cash,cash,0.0,1.508307379878945,False
2024-07-09,cash,cash,0.0,1.508307379878945,False
2024-07-10,cash,cash,0.0,1.508307379878945,False
2024-07-11,cash,cash,0.0,1.508307379878945,False
2024-07-12,cash,cash,0.0,1.508307379878945,False
2024-07-15,cash,cash,0.0,1.508307379878945,False
2024-07-16,cash,cash,0.0,1.508307379878945,False
2024-07-17,cash,cash,0.0,1.508307379878945,False
2024-07-18,cash,cash,0.0,1.508307379878945,False
2024-07-19,cash,cash,0.0,1.508307379878945,False
2024-07-22,cash,cash,0.0,1.508307379878945,False
2024-07-23,cash,cash,0.0,1.508307379878945,False
2024-07-24,cash,cash,0.0,1.508307379878945,False
2024-07-25,cash,cash,0.0,1.508307379878945,False
2024-07-26,cash,cash,0.0,1.508307379878945,False
2024-07-29,cash,cash,0.0,1.508307379878945,False
2024-07-30,cash,cash,0.0,1.508307379878945,False
2024-07-31,cash,cash,0.0,1.508307379878945,False
2024-08-01,cash,cash,0.0,1.508307379878945,False
2024-08-02,cash,cash,0.0,1.508307379878945,False
2024-08-05,cash,cash,0.0,1.508307379878945,False
2024-08-06,cash,cash,0.0,1.508307379878945,False
2024-08-07,cash,cash,0.0,1.508307379878945,False
2024-08-08,cash,cash,0.0,1.508307379878945,False
2024-08-09,cash,cash,0.0,1.508307379878945,False
2024-08-12,cash,cash,0.0,1.508307379878945,False
2024-08-13,cash,cash,0.0,1.508307379878945,False
2024-08-14,cash,cash,0.0,1.508307379878945,False
2024-08-15,cash,cash,0.0,1.508307379878945,False
2024-08-16,cash,cash,0.0,1.508307379878945,False
2024-08-19,cash,cash,0.0,1.508307379878945,False
2024-08-20,cash,cash,0.0,1.508307379878945,False
2024-08-21,cash,cash,0.0,1.508307379878945,False
2024-08-22,cash,cash,0.0,1.508307379878945,False
2024-08-23,cash,cash,0.0,1.508307379878945,False
2024-08-26,cash,cash,0.0,1.508307379878945,False
2024-08-27,cash,cash,0.0,1.508307379878945,False
2024-08-28,cash,cash,0.0,1.508307379878945,False
2024-08-29,cash,cash,0.0,1.508307379878945,False
2024-08-30,cash,cash,0.0,1.508307379878945,False
2024-09-02,cash,cash,0.0,1.508307379878945,False
2024-09-03,cash,cash,0.0,1.508307379878945,False
2024-09-04,cash,cash,0.0,1.508307379878945,False
2024-09-05,cash,cash,0.0,1.508307379878945,False
2024-09-06,cash,cash,0.0,1.508307379878945,False
2024-09-09,cash,cash,0.0,1.508307379878945,False
2024-09-10,cash,cash,0.0,1.508307379878945,False
2024-09-11,cash,cash,0.0,1.508307379878945,False
2024-09-12,cash,cash,0.0,1.508307379878945,False
2024-09-13,cash,cash,0.0,1.508307379878945,False
2024-09-18,cash,cash,0.0,1.508307379878945,False
2024-09-19,cash,cash,0.0,1.508307379878945,False
2024-09-20,cash,cash,0.0,1.508307379878945,False
2024-09-23,cash,cash,0.0,1.508307379878945,False
2024-09-24,cash,cash,0.0,1.508307379878945,False
2024-09-25,cash,cash,0.0,1.508307379878945,False
2024-09-26,cash,cash,0.0,1.508307379878945,False
2024-09-27,cash,cash,0.0,1.508307379878945,False
2024-09-30,cash,cash,0.0,1.508307379878945,False
2024-10-08,cyb,cyb,0.19882078853046592,1.8081902424927978,False
2024-10-09,cyb,cyb,-0.16280806572068707,1.5138022866575254,False
2024-10-10,cyb,cyb,-0.030330062444246186,1.4678885687749599,False
2024-10-11,cyb,cyb,-0.05243790248390057,1.390915571148306,False
2024-10-14,cyb,cyb,0.027184466019417597,1.428726868228066,False
2024-10-15,cyb,cyb,-0.03355387523629494,1.380787545144799,False
2024-10-16,cyb,cyb,-0.022004889975550057,1.350403467134278,False
2024-10-17,cyb,cyb,-0.0024999999999999467,1.3470274584664423,False
2024-10-18,cyb,cyb,0.08070175438596494,1.4557349375707518,False
2024-10-21,cyb,cyb,0.005102040816326481,1.4631621566399902,False
2024-10-22,cyb,cyb,0.00369173973234882,1.4685637705085273,False
2024-10-23,cyb,cyb,-0.005977011494252782,1.4597861479721546,False
2024-10-24,cyb,cyb,-0.013876040703052595,1.4395300959651405,False
2024-10-25,cyb,cyb,0.030018761726078758,1.4827430069134373,False
2024-10-28,cyb,cyb,-0.0036429872495445936,1.4773413930449002,False
2024-10-29,cyb,cyb,-0.024223034734917936,1.4415557011658415,False
2024-10-30,cyb,cyb,-0.01124121779859466,1.4253508595602304,False
2024-10-31,cyb,cyb,0.005210800568450802,1.4327780786294688,False
2024-11-01,new_energy,new_energy,-0.01309057301293892,1.4140221925798313,False
2024-11-04,new_energy,new_energy,0.007476635514018559,1.424594321122484,False
2024-11-05,new_energy,new_energy,0.028293135435992545,1.4649005611913484,False
2024-11-06,new_energy,new_energy,-0.00045105999097883043,1.4642398031574326,False
2024-11-07,new_energy,new_energy,0.0072202166064982976,1.4748119317000856,False
2024-11-08,new_energy,new_energy,-0.0008960573476703981,1.4734904156322537,False
2024-11-11,new_energy,new_energy,0.03408071748878938,1.5237080262098555,False
2024-11-12,new_energy,new_energy,-0.0030355594102342565,1.5190827199724446,False
2024-11-13,new_energy,new_energy,0.008264462809917328,1.5316371226168448,False
2024-11-14,new_energy,new_energy,-0.031492666091458066,1.483401786140991,False
2024-11-15,new_energy,new_energy,-0.03429844097995538,1.4325234175294739,False
2024-11-18,new_energy,new_energy,-0.013837638376383965,1.4127006765119994,False
2024-11-19,new_energy,new_energy,0.036482694106641844,1.4642398031574326,False
2024-11-20,new_energy,new_energy,-0.0027075812274368616,1.4602752549539377,False
2024-11-21,new_energy,new_energy,-0.0004524886877828038,1.459614496920022,False
2024-11-22,new_energy,new_energy,-0.03576278859212323,1.407414612240673,False
2024-11-25,new_energy,new_energy,0.010328638497652642,1.4219512889868209,False
2024-11-26,new_energy,new_energy,-0.0185873605947956,1.3955209676301885,False
2024-11-27,new_energy,new_energy,0.019412878787878896,1.4226120470207368,False
2024-11-28,new_energy,new_energy,-0.00836042731072928,1.4107184024102521,False
2024-11-29,new_energy,new_energy,0.011709601873536535,1.4272373532581477,False
2024-12-02,cash,cash,-0.001,1.4258101159048895,False
2024-12-03,cash,cash,0.0,1.4258101159048895,False
2024-12-04,cash,cash,0.0,1.4258101159048895,False
2024-12-05,cash,cash,0.0,1.4258101159048895,False
2024-12-06,cash,cash,0.0,1.4258101159048895,False
2024-12-09,cash,cash,0.0,1.4258101159048895,False
2024-12-10,cash,cash,0.0,1.4258101159048895,False
2024-12-11,cash,cash,0.0,1.4258101159048895,False
2024-12-12,cash,cash,0.0,1.4258101159048895,False
2024-12-13,cash,cash,0.0,1.4258101159048895,False
2024-12-16,cash,cash,0.0,1.4258101159048895,False
2024-12-17,cash,cash,0.0,1.4258101159048895,False
2024-12-18,cash,cash,0.0,1.4258101159048895,False
2024-12-19,cash,cash,0.0,1.4258101159048895,False
2024-12-20,cash,cash,0.0,1.4258101159048895,False
2024-12-23,cash,cash,0.0,1.4258101159048895,False
2024-12-24,cash,cash,0.0,1.4258101159048895,False
2024-12-25,cash,cash,0.0,1.4258101159048895,False
2024-12-26,cash,cash,0.0,1.4258101159048895,False
2024-12-27,cash,cash,0.0,1.4258101159048895,False
2024-12-30,cash,cash,0.0,1.4258101159048895,False
2024-12-31,cash,cash,0.0,1.4258101159048895,False
2025-01-02,cash,cash,0.0,1.4258101159048895,False
2025-01-03,cash,cash,0.0,1.4258101159048895,False
2025-01-06,cash,cash,0.0,1.4258101159048895,False
2025-01-07,cash,cash,0.0,1.4258101159048895,False
2025-01-08,cash,cash,0.0,1.4258101159048895,False
2025-01-09,cash,cash,0.0,1.4258101159048895,False
2025-01-10,cash,cash,0.0,1.4258101159048895,False
2025-01-13,cash,cash,0.0,1.4258101159048895,False
2025-01-14,cash,cash,0.0,1.4258101159048895,False
2025-01-15,cash,cash,0.0,1.4258101159048895,False
2025-01-16,cash,cash,0.0,1.4258101159048895,False
2025-01-17,cash,cash,0.0,1.4258101159048895,False
2025-01-20,cash,cash,0.0,1.4258101159048895,False
2025-01-21,cash,cash,0.0,1.4258101159048895,False
2025-01-22,cash,cash,0.0,1.4258101159048895,False
2025-01-23,cash,cash,0.0,1.4258101159048895,False
2025-01-24,cash,cash,0.0,1.4258101159048895,False
2025-01-27,cash,cash,0.0,1.4258101159048895,False
2025-02-05,cyb,cyb,-0.0029723865877712132,1.4215720570396653,False
2025-02-06,cyb,cyb,0.027667984189723382,1.4609040902383912,False
2025-02-07,cyb,cyb,0.02451923076923057,1.4967243347586592,False
2025-02-10,cyb,cyb,0.005161895823557083,1.504450269851266,False
2025-02-11,cyb,cyb,-0.013538748832866432,1.4840818955162116,False
2025-02-12,cyb,cyb,0.017510648367250248,1.5100691317367982,False
2025-02-13,cyb,cyb,-0.006976744186046546,1.4995337657014252,False
2025-02-14,cyb,cyb,0.01826697892271678,1.5269257173933952,False
2025-02-17,cyb,cyb,0.0036798528058876734,1.5325445792789274,False
2025-02-18,cyb,cyb,-0.019248395967002674,1.503045554379883,False
2025-02-19,cyb,cyb,0.02102803738317749,1.5346516524860019,False
2025-02-20,cyb,cyb,-0.0004576659038900699,1.5339492947503104,False
2025-02-21,cyb,cyb,0.025183150183150094,1.5725789702133446,False
2025-02-24,cyb,cyb,-0.008039303260384045,1.559936530970897,False
2025-02-25,cyb,cyb,-0.010805943268797802,1.5430799453143003,False
2025-02-26,cyb,cyb,0.011834319526627057,1.56134124644228,False
2025-02-27,cyb,cyb,-0.004948268106162668,1.5536153113496733,False
2025-02-28,cyb,cyb,-0.03797468354430378,1.4946172615515845,False
2025-03-03,kc50,kc50,-0.014356575463371544,1.4731596760472614,False
2025-03-04,kc50,kc50,0.01787310098302064,1.499489607701368,False
2025-03-05,kc50,kc50,0.0026338893766459925,1.5034390974494836,False
2025-03-06,kc50,kc50,0.034150612959719995,1.5547824641749917,False
2025-03-07,kc50,kc50,-0.011854360711261669,1.536351512017117,False
2025-03-10,kc50,kc50,-0.003427592116538092,1.5310855256862956,False
2025-03-11,kc50,kc50,-0.004299226139295009,1.5245030427727688,False
2025-03-12,kc50,kc50,-0.006908462867012077,1.5139710701111262,False
2025-03-13,kc50,kc50,-0.02086956521739136,1.4823751521261983,False
2025-03-14,kc50,kc50,0.017761989342806483,1.5087050837803049,False
2025-03-17,kc50,kc50,-0.005235602094240788,1.500806104284073,False
2025-03-18,kc50,kc50,0.0052631578947368585,1.508705083780305,False
2025-03-19,kc50,kc50,-0.01308900523560197,1.4889576350397253,False
2025-03-20,kc50,kc50,-0.010610079575596787,1.4731596760472614,False
2025-03-21,kc50,kc50,-0.02144772117962468,1.4415637580623335,False
2025-03-24,kc50,kc50,0.005479452054794498,1.4494627375585654,False
2025-03-25,kc50,kc50,-0.016348773841961872,1.4257657990698693,False
2025-03-26,kc50,kc50,-0.001846722068328699,1.4231328059044588,False
2025-03-27,kc50,kc50,0.010175763182238784,1.4376142683142175,False
2025-03-28,kc50,kc50,-0.010073260073260148,1.4231328059044588,False
2025-03-31,kc50,kc50,-0.006475485661424529,1.4139173298255217,False
2025-04-01,cash,cash,-0.001,1.412503412495696,False
2025-04-02,cash,cash,0.0,1.412503412495696,False
2025-04-03,cash,cash,0.0,1.412503412495696,False
2025-04-07,cash,cash,0.0,1.412503412495696,False
2025-04-08,cash,cash,0.0,1.412503412495696,False
2025-04-09,cash,cash,0.0,1.412503412495696,False
2025-04-10,cash,cash,0.0,1.412503412495696,False
2025-04-11,cash,cash,0.0,1.412503412495696,False
2025-04-14,cash,cash,0.0,1.412503412495696,False
2025-04-15,cash,cash,0.0,1.412503412495696,False
2025-04-16,cash,cash,0.0,1.412503412495696,False
2025-04-17,cash,cash,0.0,1.412503412495696,False
2025-04-18,cash,cash,0.0,1.412503412495696,False
2025-04-21,cash,cash,0.0,1.412503412495696,False
2025-04-22,cash,cash,0.0,1.412503412495696,False
2025-04-23,cash,cash,0.0,1.412503412495696,False
2025-04-24,cash,cash,0.0,1.412503412495696,False
2025-04-25,cash,cash,0.0,1.412503412495696,False
2025-04-28,cash,cash,0.0,1.412503412495696,False
2025-04-29,cash,cash,0.0,1.412503412495696,False
2025-04-30,cash,cash,0.0,1.412503412495696,False
2025-05-06,cash,cash,0.0,1.412503412495696,False
2025-05-07,cash,cash,0.0,1.412503412495696,False
2025-05-08,cash,cash,0.0,1.412503412495696,False
2025-05-09,cash,cash,0.0,1.412503412495696,False
2025-05-12,cash,cash,0.0,1.412503412495696,False
2025-05-13,cash,cash,0.0,1.412503412495696,False
2025-05-14,cash,cash,0.0,1.412503412495696,False
2025-05-15,cash,cash,0.0,1.412503412495696,False
2025-05-16,cash,cash,0.0,1.412503412495696,False
2025-05-19,cash,cash,0.0,1.412503412495696,False
2025-05-20,cash,cash,0.0,1.412503412495696,False
2025-05-21,cash,cash,0.0,1.412503412495696,False
2025-05-22,cash,cash,0.0,1.412503412495696,False
2025-05-23,cash,cash,0.0,1.412503412495696,False
2025-05-26,cash,cash,0.0,1.412503412495696,False
2025-05-27,cash,cash,0.0,1.412503412495696,False
2025-05-28,cash,cash,0.0,1.412503412495696,False
2025-05-29,cash,cash,0.0,1.412503412495696,False
2025-05-30,cash,cash,0.0,1.412503412495696,False
2025-06-03,cash,cash,0.0,1.412503412495696,False
2025-06-04,cash,cash,0.0,1.412503412495696,False
2025-06-05,cash,cash,0.0,1.412503412495696,False
2025-06-06,cash,cash,0.0,1.412503412495696,False
2025-06-09,cash,cash,0.0,1.412503412495696,False
2025-06-10,cash,cash,0.0,1.412503412495696,False
2025-06-11,cash,cash,0.0,1.412503412495696,False
2025-06-12,cash,cash,0.0,1.412503412495696,False
2025-06-13,cash,cash,0.0,1.412503412495696,False
2025-06-16,cash,cash,0.0,1.412503412495696,False
2025-06-17,cash,cash,0.0,1.412503412495696,False
2025-06-18,cash,cash,0.0,1.412503412495696,False
2025-06-19,cash,cash,0.0,1.412503412495696,False
2025-06-20,cash,cash,0.0,1.412503412495696,False
2025-06-23,cash,cash,0.0,1.412503412495696,False
2025-06-24,cash,cash,0.0,1.412503412495696,False
2025-06-25,cash,cash,0.0,1.412503412495696,False
2025-06-26,cash,cash,0.0,1.412503412495696,False
2025-06-27,cash,cash,0.0,1.412503412495696,False
2025-06-30,cash,cash,0.0,1.412503412495696,False
2025-07-01,new_energy,new_energy,-0.0041729243786357,1.4066091425707867,False
2025-07-02,new_energy,new_energy,0.011671087533156488,1.4230258009986685,False
2025-07-03,new_energy,new_energy,0.011536444677504143,1.4394424594265507,False
2025-07-04,new_energy,new_energy,-0.008294453084499831,1.427503071479,False
2025-07-07,new_energy,new_energy,-0.004181913225300593,1.4215333775052248,False
2025-07-08,new_energy,new_energy,0.032545931758530156,1.4677985058019827,False
2025-07-09,new_energy,new_energy,-0.002541942043721379,1.4640674470683732,False
2025-07-10,new_energy,new_energy,0.008154943934760572,1.476006835015924,False
2025-07-11,new_energy,new_energy,-0.004044489383215444,1.4700371410421487,False
2025-07-14,new_energy,new_energy,0.0020304568527917954,1.473021988029036,False
2025-07-15,new_energy,new_energy,-0.011144883485308954,1.4566053296011543,False
2025-07-16,new_energy,new_energy,-0.002049180327868827,1.4536204826142667,False
2025-07-17,new_energy,new_energy,0.010266940451745254,1.4685447175487045,False
2025-07-18,new_energy,new_energy,0.0060975609756097615,1.4774992585093674,False
2025-07-21,new_energy,new_energy,0.013131313131312883,1.4969007639241365,False
2025-07-22,new_energy,new_energy,0.022432701894317342,1.5304802925266225,False
2025-07-23,new_energy,new_energy,-0.008776206728425273,1.5170484810856282,False
2025-07-24,new_energy,new_energy,0.026069847515986178,1.556597703661889,False
2025-07-25,new_energy,new_energy,-0.00431447746883995,1.5498817979413917,False
2025-07-28,new_energy,new_energy,-0.003370245546461259,1.5446583157143383,False
2025-07-29,new_energy,new_energy,0.008695652173913215,1.558090127155333,False
2025-07-30,new_energy,new_energy,-0.019157088122605415,1.5282416572864568,False
2025-07-31,new_energy,new_energy,-0.029296875,1.4834689524831426,False
2025-08-01,medicine,medicine,-0.01882692307692313,1.4555397966277388,False
2025-08-04,medicine,medicine,0.0,1.4555397966277388,False
2025-08-05,medicine,medicine,0.004889975550122161,1.4626573506454783,False
2025-08-06,medicine,medicine,-0.0024330900243308973,1.4590985736366084,False
2025-08-07,medicine,medicine,-0.007317073170731714,1.448422242609999,False
2025-08-08,medicine,medicine,-0.002457002457002311,1.4448634656011294,False
2025-08-11,medicine,medicine,0.0024630541871919487,1.448422242609999,False
2025-08-12,medicine,medicine,0.002457002457002533,1.451981019618869,False
2025-08-13,medicine,medicine,0.02450980392156854,1.4875687897075667,False
2025-08-14,medicine,medicine,-0.0071770334928229484,1.4768924586809573,False
2025-08-15,medicine,medicine,0.004819277108433662,1.4840100126986968,False
2025-08-18,medicine,medicine,0.0023980815347721673,1.4875687897075667,False
2025-08-19,medicine,medicine,-0.01674641148325362,1.462657350645478,False
2025-08-20,medicine,medicine,0.009732360097323589,1.476892458680957,False
2025-08-21,medicine,medicine,0.012048192771084265,1.494686343725306,False
2025-08-22,medicine,medicine,0.00952380952380949,1.508921451760785,False
2025-08-25,medicine,medicine,0.02358490566037741,1.5445092218494827,False
2025-08-26,medicine,medicine,-0.011520737327188946,1.5267153368051338,False
2025-08-27,medicine,medicine,-0.020979020979021046,1.4946863437253057,False
2025-08-28,medicine,medicine,-0.0023809523809523725,1.4911275667164359,False
2025-08-29,medicine,medicine,0.02863961813842475,1.533832890822873,False
2025-09-01,kc50,kc50,0.011456090651558172,1.5514046194644815,False
2025-09-02,kc50,kc50,-0.025856044723969407,1.511291432238635,False
2025-09-03,kc50,kc50,-0.020803443328550886,1.479851366575134,False
2025-09-04,kc50,kc50,-0.06080586080586081,1.3898677303658036,False
2025-09-05,kc50,kc50,0.03432137285491432,1.4375698989587018,False
2025-09-08,kc50,kc50,0.0015082956259426794,1.439738179349288,False
2025-09-09,kc50,kc50,-0.01581325301204828,1.416971235248132,False
2025-09-10,kc50,kc50,0.010711553175210442,1.432149197982236,False
2025-09-11,kc50,kc50,0.054504163512490544,1.510207292043342,False
2025-09-12,kc50,kc50,0.009332376166546918,1.5243011145821528,False
2025-09-15,kc50,kc50,0.002133712660028486,1.5275535351680323,False
2025-09-16,kc50,kc50,0.012065294535131166,1.5459839184880155,False
2025-09-17,kc50,kc50,0.009817671809256634,1.5611618812221195,False
2025-09-18,kc50,kc50,0.00694444444444442,1.5720032831750508,False
2025-09-19,kc50,kc50,-0.013103448275861962,1.5514046194644813,False
2025-09-22,kc50,kc50,0.03354297693920327,1.6034433488385518,False
2025-09-23,kc50,kc50,-0.0027045300878972833,1.599106788057379,False
2025-09-24,kc50,kc50,0.037288135593220195,1.6587344987985013,False
2025-09-25,kc50,kc50,0.0117647058823529,1.6782490223137778,False
2025-09-26,kc50,kc50,-0.015503875968992276,1.6522296576267426,False
2025-09-29,kc50,kc50,0.012467191601049699,1.6728283213373119,False
2025-09-30,kc50,kc50,0.017498379779650186,1.7021001066102268,False
2025-10-09,new_energy,new_energy,0.036014783526926886,1.7634008734909532,False
2025-10-10,new_energy,new_energy,-0.060698541878602685,1.656365011722598,False
2025-10-13,new_energy,new_energy,0.006859205776173383,1.6677263601784573,False
2025-10-14,new_energy,new_energy,-0.021154535675869668,1.6324463833944738,False
2025-10-15,new_energy,new_energy,0.017948717948717885,1.6617467030964257,False
2025-10-16,new_energy,new_energy,0.004318100035984207,1.668922291594863,False
2025-10-17,new_energy,new_energy,-0.04765317090648524,1.5893928524038499,False
2025-10-20,new_energy,new_energy,0.003386004514672747,1.594774543777678,False
2025-10-21,new_energy,new_energy,0.0164979377577803,1.6210850349386146,False
2025-10-22,new_energy,new_energy,-0.01475470306160076,1.5971664066104907,False
2025-10-23,new_energy,new_energy,0.015350056158742076,1.621683000646818,False
2025-10-24,new_energy,new_energy,0.01880530973451333,1.6521792517651763,False
2025-10-27,new_energy,new_energy,0.009410061527325375,1.667726360178457,False
2025-10-28,new_energy,new_energy,-0.007888131946934496,1.6545711145979887,False
2025-10-29,new_energy,new_energy,0.06252258764004326,1.7580191821171254,False
2025-10-30,new_energy,new_energy,0.008843537414966018,1.7735662905304062,False
2025-10-31,new_energy,new_energy,-0.0131490222521915,1.7502456279104852,False
2025-11-03,new_energy,new_energy,0.012299282541851753,1.771772393405797,False
2025-11-04,new_energy,new_energy,-0.029024637192035185,1.72034734250033,False
2025-11-05,new_energy,new_energy,0.035453597497393075,1.7813398447370465,False
2025-11-06,new_energy,new_energy,0.01611278952668682,1.8100421987307955,False
2025-11-07,new_energy,new_energy,0.01850016518004649,1.8435282783901699,False
2025-11-10,new_energy,new_energy,-0.00648718780408708,1.8315689642261075,False
2025-11-11,new_energy,new_energy,-0.007835455435847294,1.8172177872292328,False
2025-11-12,new_energy,new_energy,-0.02566633761105619,1.770576461989391,False
2025-11-13,new_energy,new_energy,0.04660587639311031,1.853095729721419,False
2025-11-14,new_energy,new_energy,-0.015488867376572957,1.8243933757276702,False
2025-11-17,new_energy,new_energy,0.004260898066207552,1.8321669299343102,False
2025-11-18,new_energy,new_energy,-0.030026109660574396,1.7771540847796246,False
2025-11-19,new_energy,new_energy,0.0053835800807537915,1.7867215361108744,False
2025-11-20,new_energy,new_energy,-0.015729585006693414,1.7586171478253285,False
2025-11-21,new_energy,new_energy,-0.061543692621557455,1.6503853546405665,False
2025-11-24,new_energy,new_energy,-0.010869565217391353,1.6324463833944733,False
2025-11-25,new_energy,new_energy,0.019413919413919345,1.6641385659292378,False
2025-11-26,new_energy,new_energy,0.002155946819978549,1.6677263601784567,False
2025-11-27,new_energy,new_energy,-0.0014342058085335951,1.665334497345644,False
2025-11-28,new_energy,new_energy,0.01579892280071804,1.6916449885065805,False
2025-12-01,cash,cash,-0.001,1.689953343518074,False
2025-12-02,cash,cash,0.0,1.689953343518074,False
2025-12-03,cash,cash,0.0,1.689953343518074,False
2025-12-04,cash,cash,0.0,1.689953343518074,False
2025-12-05,cash,cash,0.0,1.689953343518074,False
2025-12-08,cash,cash,0.0,1.689953343518074,False
2025-12-09,cash,cash,0.0,1.689953343518074,False
2025-12-10,cash,cash,0.0,1.689953343518074,False
2025-12-11,cash,cash,0.0,1.689953343518074,False
2025-12-12,cash,cash,0.0,1.689953343518074,False
2025-12-15,cash,cash,0.0,1.689953343518074,False
2025-12-16,cash,cash,0.0,1.689953343518074,False
2025-12-17,cash,cash,0.0,1.689953343518074,False
2025-12-18,cash,cash,0.0,1.689953343518074,False
2025-12-19,cash,cash,0.0,1.689953343518074,False
2025-12-22,cash,cash,0.0,1.689953343518074,False
2025-12-23,cash,cash,0.0,1.689953343518074,False
2025-12-24,cash,cash,0.0,1.689953343518074,False
2025-12-25,cash,cash,0.0,1.689953343518074,False
2025-12-26,cash,cash,0.0,1.689953343518074,False
2025-12-29,cash,cash,0.0,1.689953343518074,False
2025-12-30,cash,cash,0.0,1.689953343518074,False
2025-12-31,cash,cash,0.0,1.689953343518074,False
2026-01-05,zz500,zz500,0.025884554559831296,1.7336970330419372,False
2026-01-06,zz500,zz500,0.021688911704312197,1.7712990349136117,False
2026-01-07,zz500,zz500,0.004773269689737347,1.7797539229084258,False
2026-01-08,zz500,zz500,0.0031253906738342163,1.7853163492208037,False
2026-01-09,zz500,zz500,0.023928215353938187,1.828035783299866,False
2026-01-12,zz500,zz500,0.02434274586173335,1.8725351937988892,False
2026-01-13,zz500,zz500,-0.013070342205323326,1.8480605180244263,False
2026-01-14,zz500,zz500,0.007103298820130055,1.861187844121638,False
2026-01-15,zz500,zz500,-0.003108188882247398,1.8554029207567653,False
2026-01-16,zz500,zz500,-0.005276412039812994,1.84561305044698,False
2026-01-19,zz500,zz500,0.006389391199517869,1.8574053942292215,False
2026-01-20,zz500,zz500,-0.0028749401054145585,1.8520654649693384,False
2026-01-21,zz500,zz500,0.012974531475252293,1.876095146638811,False
2026-01-22,zz500,zz500,0.004388045540796748,1.8843275375811297,False
2026-01-23,zz500,zz500,0.02951942378084782,1.9399518007049086,False
2026-01-26,zz500,zz500,-0.01777726803532509,1.9054647575681658,False
2026-01-27,zz500,zz500,0.006422232601587918,1.917702095455397,False
2026-01-28,zz500,zz500,0.008353637312913387,1.9337218832350453,False
2026-01-29,zz500,zz500,-0.01150615579334957,1.9114721779855335,False
2026-01-30,zz500,zz500,-0.01757653358165523,1.8778751230587711,False
2026-02-02,cash,cash,-0.001,1.8759972479357123,False
2026-02-03,cash,cash,0.0,1.8759972479357123,False
2026-02-04,cash,cash,0.0,1.8759972479357123,False
2026-02-05,cash,cash,0.0,1.8759972479357123,False
2026-02-06,cash,cash,0.0,1.8759972479357123,False
2026-02-09,cash,cash,0.0,1.8759972479357123,False
2026-02-10,cash,cash,0.0,1.8759972479357123,False
2026-02-11,cash,cash,0.0,1.8759972479357123,False
2026-02-12,cash,cash,0.0,1.8759972479357123,False
2026-02-13,cash,cash,0.0,1.8759972479357123,False
2026-02-24,cash,cash,0.0,1.8759972479357123,False
2026-02-25,cash,cash,0.0,1.8759972479357123,False
2026-02-26,cash,cash,0.0,1.8759972479357123,False
2026-02-27,cash,cash,0.0,1.8759972479357123,False
2026-03-02,zz500,zz500,-0.0014578230513906379,1.8732623759033262,False
2026-03-03,zz500,zz500,-0.0409939310660713,1.7964699871968803,False
2026-03-04,zz500,zz500,-0.006925373134328283,1.7840287622109199,False
2026-03-05,zz500,zz500,0.006492725742455185,1.7956119716806072,False
2026-03-06,zz500,zz500,0.005973002030820629,1.8063371656340212,False
2026-03-09,zz500,zz500,-0.007718798242489,1.7923944134945828,False
2026-03-10,zz500,zz500,0.014959310674964144,1.8192073983781185,False
2026-03-11,zz500,zz500,-0.00153283810871363,1.8164188479502308,False
2026-03-12,zz500,zz500,-0.004959848842701953,1.8074096850293628,False
2026-03-13,zz500,zz500,-0.013648231663897503,1.7827417389365101,False
2026-03-16,zz500,zz500,-0.006256768138611424,1.7715875372249594,False
2026-03-17,zz500,zz500,-0.021915486136336204,1.7327623351136,False
2026-03-18,zz500,zz500,0.009655855409754999,1.7494936376809263,False
2026-03-19,zz500,zz500,-0.025870524767042657,1.7042333191975183,False
2026-03-20,zz500,zz500,-0.016740088105726914,1.6757043032814365,False
2026-03-23,zz500,zz500,-0.03840245775729656,1.611353139560951,False
2026-03-24,zz500,zz500,0.01863684771033025,1.641383682630511,False
2026-03-25,zz500,zz500,0.0227391531625718,1.6787073575883924,False
2026-03-26,zz500,zz500,-0.01610017889087645,1.6516798688257888,False
2026-03-27,zz500,zz500,0.013376623376623265,1.673773768369822,False
2026-03-30,zz500,zz500,0.0019223375624759509,1.6769913265558463,False
2026-03-31,zz500,zz500,-0.01726784343821952,1.6480333028816279,False
2026-04-01,cash,cash,-0.001,1.6463852695787462,False
2026-04-02,cash,cash,0.0,1.6463852695787462,False
2026-04-03,cash,cash,0.0,1.6463852695787462,False
2026-04-07,cash,cash,0.0,1.6463852695787462,False
2026-04-08,cash,cash,0.0,1.6463852695787462,False
2026-04-09,cash,cash,0.0,1.6463852695787462,False
2026-04-10,cash,cash,0.0,1.6463852695787462,False
2026-04-13,cash,cash,0.0,1.6463852695787462,False
2026-04-14,cash,cash,0.0,1.6463852695787462,False
2026-04-15,cash,cash,0.0,1.6463852695787462,False
2026-04-16,cash,cash,0.0,1.6463852695787462,False
2026-04-17,cash,cash,0.0,1.6463852695787462,False
2026-04-20,cash,cash,0.0,1.6463852695787462,False
2026-04-21,cash,cash,0.0,1.6463852695787462,False
2026-04-22,cash,cash,0.0,1.6463852695787462,False
2026-04-23,cash,cash,0.0,1.6463852695787462,False
2026-04-24,cash,cash,0.0,1.6463852695787462,False
2026-04-27,cash,cash,0.0,1.6463852695787462,False
2026-04-28,cash,cash,0.0,1.6463852695787462,False
2026-04-29,cash,cash,0.0,1.6463852695787462,False
2026-04-30,cash,cash,0.0,1.6463852695787462,False
2026-05-06,kc50,kc50,0.053413542926239566,1.734324539848519,False
2026-05-07,kc50,kc50,0.014334862385321001,1.7591858434587326,False
2026-05-08,kc50,kc50,-0.02374222724703212,1.7174188533935735,False
2026-05-11,kc50,kc50,0.04863925883034148,1.8009528335238918,False
2026-05-12,kc50,kc50,0.002760905577029238,1.8059250942459346,False
2026-05-13,kc50,kc50,0.02698237885462551,1.8546532493219536,False
2026-05-14,kc50,kc50,-0.02680965147453085,1.8049306421015259,False
2026-05-15,kc50,kc50,-0.015426997245179042,1.7770859820580864,False
2026-05-18,kc50,kc50,0.008953553441522155,1.7929972163686234,False
2026-05-19,kc50,kc50,0.03771491957848028,1.860619962188405,False
2026-05-20,kc50,kc50,0.032068412613575736,1.9202870908529184,False
2026-05-21,kc50,kc50,-0.03676851372345935,1.849680988599911,False
2026-05-22,kc50,kc50,0.014516129032257963,1.8765311964989417,False
2026-05-25,kc50,kc50,0.05882352941176472,1.9869153845282912,False
2026-05-26,kc50,kc50,-0.01501501501501501,1.9570818201960345,False
2026-05-27,kc50,kc50,-0.02896341463414631,1.9003980479647469,False
2026-05-28,kc50,kc50,0.016221873364730355,1.9312260644414116,False
2026-05-29,kc50,kc50,-0.05046343975283207,1.8337697542893734,False
