candidate,top_n,momentum_threshold,pool_test,invest_pool,pool_size,final_value,cumulative_return,annual_return,annual_volatility,sharpe,max_drawdown,calmar,max_dd_start,max_dd_end,cash_ratio,avg_holding_count,avg_holding_count_when_invested,rebalance_days,total_cost_rate
Top1_4.00,1,0.04,without_medicine,"hs300,zz500,cyb,kc50,securities,consumer,new_energy,dividend",8,2.12949965489385,1.1294996548938498,0.1307629749889554,0.20290880221271207,0.6444421018851355,-0.25504107542942467,0.5127133924164318,2024-10-08,2024-10-17,0.7496774193548387,0.2503225806451613,1.0,26,0.031000000000000014
Top1_4.00,1,0.04,without_defensive_group,"hs300,zz500,cyb,kc50,securities,new_energy",6,2.051308217315654,1.051308217315654,0.12390651378046846,0.20199258789702954,0.613421091686952,-0.25504107542942467,0.48582963968388715,2024-10-08,2024-10-17,0.7645161290322581,0.23548387096774193,1.0,24,0.029000000000000012
Top1_4.00,1,0.04,full_pool,"hs300,zz500,cyb,kc50,securities,consumer,medicine,new_energy,dividend",9,1.8331133008476588,0.8331133008476588,0.1035435775853426,0.19995313937237424,0.5178392192808366,-0.25504107542942467,0.40598784886317396,2024-10-08,2024-10-17,0.7361290322580645,0.26387096774193547,1.0,26,0.033000000000000015
Top1_4.00,1,0.04,without_hs300,"zz500,cyb,kc50,securities,consumer,medicine,new_energy,dividend",8,1.8331133008476588,0.8331133008476588,0.1035435775853426,0.19995313937237424,0.5178392192808366,-0.25504107542942467,0.40598784886317396,2024-10-08,2024-10-17,0.7361290322580645,0.26387096774193547,1.0,26,0.033000000000000015
Top1_4.00,1,0.04,without_consumer,"hs300,zz500,cyb,kc50,securities,medicine,new_energy,dividend",8,1.8331133008476588,0.8331133008476588,0.1035435775853426,0.19995313937237424,0.5178392192808366,-0.25504107542942467,0.40598784886317396,2024-10-08,2024-10-17,0.7361290322580645,0.26387096774193547,1.0,26,0.033000000000000015
Top1_4.00,1,0.04,without_zz500,"hs300,cyb,kc50,securities,consumer,medicine,new_energy,dividend",8,1.8050805307366338,0.8050805307366338,0.10078215315557637,0.1978972765375272,0.5092649829188786,-0.25504107542942467,0.39516047752655026,2024-10-08,2024-10-17,0.7490322580645161,0.2509677419354839,1.0,24,0.031000000000000014
Top1_4.00,1,0.04,without_dividend,"hs300,zz500,cyb,kc50,securities,consumer,medicine,new_energy",8,1.7658064120714185,0.7658064120714185,0.09685234180080005,0.199020084038439,0.4866460702634105,-0.25504107542942467,0.37975193461572887,2024-10-08,2024-10-17,0.7509677419354839,0.24903225806451612,1.0,25,0.031000000000000014
Top1_4.00,1,0.04,without_kc50,"hs300,zz500,cyb,securities,consumer,medicine,new_energy,dividend",8,1.7569320891770255,0.7569320891770255,0.0959542414128336,0.19078741952357675,0.5029379906308548,-0.25504107542942467,0.3762305395367037,2024-10-08,2024-10-17,0.7612903225806451,0.23870967741935484,1.0,24,0.030000000000000013
Top1_4.00,1,0.04,without_securities,"hs300,zz500,cyb,kc50,consumer,medicine,new_energy,dividend",8,1.6967234000977438,0.6967234000977438,0.08975861891911152,0.19646157244063567,0.4568762114852444,-0.25504107542942467,0.35193789379997203,2024-10-08,2024-10-17,0.7361290322580645,0.26387096774193547,1.0,26,0.033000000000000015
Top1_4.00,1,0.04,without_cyb,"hs300,zz500,kc50,securities,consumer,medicine,new_energy,dividend",8,1.5671750568575018,0.5671750568575018,0.0757771880496092,0.169887944694855,0.44604217318489986,-0.26586130953054166,0.2850252569033707,2023-02-01,2025-09-04,0.747741935483871,0.25225806451612903,1.0,25,0.031000000000000014
Top1_4.00,1,0.04,without_new_energy,"hs300,zz500,cyb,kc50,securities,consumer,medicine,dividend",8,1.5141100894487647,0.5141100894487647,0.0697692619629271,0.19174307995611017,0.36386847430894104,-0.25504107542942456,0.2735608836555184,2024-10-08,2024-10-17,0.7361290322580645,0.26387096774193547,1.0,26,0.033000000000000015
Top1_4.00,1,0.04,without_growth_group,"hs300,zz500,consumer,medicine,dividend",5,0.9885854724196567,-0.011414527580343337,-0.0018647132431535152,0.10921734788678261,-0.017073416258802793,-0.21925641851178757,-0.00850471450646844,2021-05-27,2024-10-17,0.8393548387096774,0.16064516129032258,1.0,19,0.022000000000000006
Top1_4.00,1,0.04,broad_plus_dividend,"hs300,zz500,dividend",3,0.9687500566125933,-0.03124994338740672,-0.0051484155977602475,0.08109791518131347,-0.06348394513286504,-0.16938458070603524,-0.030394830369449368,2026-01-23,2026-03-23,0.8909677419354839,0.10903225806451614,1.0,14,0.014000000000000005
Top1_4.00,1,0.04,no_sector_etf,"hs300,zz500,dividend",3,0.9687500566125933,-0.03124994338740672,-0.0051484155977602475,0.08109791518131347,-0.06348394513286504,-0.16938458070603524,-0.030394830369449368,2026-01-23,2026-03-23,0.8909677419354839,0.10903225806451614,1.0,14,0.014000000000000005
Top1_4.00,1,0.04,broad_index_only,"hs300,zz500",2,0.9100120030916536,-0.08998799690834636,-0.015214025956791555,0.07940534822747282,-0.19159951182643106,-0.1693845807060349,-0.08981942685323484,2026-01-23,2026-03-23,0.9058064516129032,0.09419354838709677,1.0,12,0.012000000000000004
Top3_4.00,3,0.04,without_consumer,"hs300,zz500,cyb,kc50,securities,medicine,new_energy,dividend",8,2.0216239956063426,1.0216239956063426,0.12124615205427536,0.1696443868667193,0.7147077147299433,-0.18533835353290118,0.654188136147178,2024-10-08,2024-10-17,0.7361290322580645,0.5819354838709677,2.2053789731051343,29,0.031714937713980554
Top3_4.00,3,0.04,without_defensive_group,"hs300,zz500,cyb,kc50,securities,new_energy",6,1.968168720871971,0.9681687208719709,0.11637176168651409,0.17212424017616398,0.6760916508181014,-0.18533835353290096,0.6278881810928355,2024-10-08,2024-10-17,0.7645161290322581,0.5135483870967742,2.180821917808219,27,0.028381604380647223
Top3_4.00,3,0.04,without_securities,"hs300,zz500,cyb,kc50,consumer,medicine,new_energy,dividend",8,1.893203178053458,0.893203178053458,0.1093456982989931,0.1648199865153724,0.6634249923858273,-0.2159287669481642,0.5063970856891087,2023-02-01,2024-10-17,0.7361290322580645,0.5670967741935484,2.1491442542787285,29,0.030408178153143606
Top3_4.00,3,0.04,without_medicine,"hs300,zz500,cyb,kc50,securities,consumer,new_energy,dividend",8,1.8602630642876077,0.8602630642876077,0.10618451299295661,0.16025564371838205,0.6625945303964154,-0.2021744896251726,0.5252122223225123,2023-02-01,2024-10-17,0.7496774193548387,0.567741935483871,2.268041237113402,29,0.031048271047313888
Top3_4.00,3,0.04,full_pool,"hs300,zz500,cyb,kc50,securities,consumer,medicine,new_energy,dividend",9,1.8570999858782338,0.8570999858782338,0.10587849890642276,0.15789403594569282,0.6705668030604991,-0.20217448962517237,0.5236986085767767,2023-02-01,2024-10-17,0.7361290322580645,0.5948387096774194,2.254278728606357,29,0.03238160438064722
Top3_4.00,3,0.04,without_hs300,"zz500,cyb,kc50,securities,consumer,medicine,new_energy,dividend",8,1.8570999858782338,0.8570999858782338,0.10587849890642276,0.15789403594569282,0.6705668030604991,-0.20217448962517237,0.5236986085767767,2023-02-01,2024-10-17,0.7361290322580645,0.5948387096774194,2.254278728606357,29,0.03238160438064722
Top3_4.00,3,0.04,without_cyb,"hs300,zz500,kc50,securities,consumer,medicine,new_energy,dividend",8,1.8084515421502108,0.8084515421502108,0.10111611321063241,0.15427634057902015,0.6554220357517546,-0.17896074035972664,0.5650184113419526,2023-02-01,2024-10-17,0.747741935483871,0.5045161290322581,2.0,28,0.030555861185954394
Top3_4.00,3,0.04,without_zz500,"hs300,cyb,kc50,securities,consumer,medicine,new_energy,dividend",8,1.7806252179910094,0.7806252179910094,0.09834364593598965,0.15869170891391282,0.6197150853630241,-0.20217448962517237,0.4864295496346591,2023-02-01,2024-10-17,0.7490322580645161,0.5548387096774193,2.210796915167095,27,0.029685989602692333
Top3_4.00,3,0.04,without_dividend,"hs300,zz500,cyb,kc50,securities,consumer,medicine,new_energy",8,1.7739044397647894,0.7739044397647894,0.09766858725878946,0.15701101192801054,0.6220492821457037,-0.20886778063144662,0.4676096378461002,2023-02-01,2024-10-17,0.7509677419354839,0.58,2.3290155440414506,28,0.030381604380647225
Top3_4.00,3,0.04,without_kc50,"hs300,zz500,cyb,securities,consumer,medicine,new_energy,dividend",8,1.589885602913627,0.589885602913627,0.07829649648733761,0.1451485924687262,0.539423050238723,-0.2027018111853912,0.3862644148538346,2021-07-22,2024-10-17,0.7612903225806451,0.5309677419354839,2.2243243243243245,27,0.029231014508024674
Top3_4.00,3,0.04,without_new_energy,"hs300,zz500,cyb,kc50,securities,consumer,medicine,dividend",8,1.5348619082709651,0.5348619082709651,0.07213942955721886,0.15680187626434133,0.46006738743102815,-0.1950260429687466,0.3698963915746339,2021-07-12,2024-10-17,0.7361290322580645,0.5148387096774194,1.9511002444987775,29,0.03259217998132829
Top3_4.00,3,0.04,without_growth_group,"hs300,zz500,consumer,medicine,dividend",5,1.0439846134921371,0.043984613492137115,0.007022788369350552,0.1014653357060503,0.06921367105802409,-0.16938458070603557,0.04146061194046049,2026-01-23,2026-03-23,0.8393548387096774,0.2670967741935484,1.6626506024096386,20,0.02166530037260715
Top3_4.00,3,0.04,broad_plus_dividend,"hs300,zz500,dividend",3,0.9018236942594675,-0.09817630574053249,-0.01666013148839296,0.07810157318974977,-0.21331364795836757,-0.16938458070603513,-0.09835683637170266,2026-01-23,2026-03-23,0.8909677419354839,0.16129032258064516,1.4792899408284024,15,0.01530121694890078
Top3_4.00,3,0.04,no_sector_etf,"hs300,zz500,dividend",3,0.9018236942594675,-0.09817630574053249,-0.01666013148839296,0.07810157318974977,-0.21331364795836757,-0.16938458070603513,-0.09835683637170266,2026-01-23,2026-03-23,0.8909677419354839,0.16129032258064516,1.4792899408284024,15,0.01530121694890078
Top3_4.00,3,0.04,broad_index_only,"hs300,zz500",2,0.8712294047621721,-0.12877059523782786,-0.02216245755741697,0.07843846615280387,-0.2825457794424853,-0.16938458070603502,-0.1308410568721108,2026-01-23,2026-03-23,0.9058064516129032,0.12,1.273972602739726,13,0.012967647949171764
Top4_3.75,4,0.0375,without_consumer,"hs300,zz500,cyb,kc50,securities,medicine,new_energy,dividend",8,1.9015118024453945,0.9015118024453945,0.11013577818859366,0.16091390902295008,0.6844391442438064,-0.1701478363542176,0.6472946147802345,2024-10-08,2024-10-17,0.7361290322580645,0.687741935483871,2.606356968215159,29,0.030762194494314138
Top4_3.75,4,0.0375,without_defensive_group,"hs300,zz500,cyb,kc50,securities,new_energy",6,1.8512325042023599,0.8512325042023599,0.10530968791912398,0.16352495421265842,0.6439976603336789,-0.17014783635421749,0.6189305146372122,2024-10-08,2024-10-17,0.7645161290322581,0.6193548387096774,2.6301369863013697,27,0.027428861160980807
Top4_3.75,4,0.0375,without_hs300,"zz500,cyb,kc50,securities,consumer,medicine,new_energy,dividend",8,1.8358992050893492,0.8358992050893492,0.10381607288534789,0.1602799436063128,0.6477171787653347,-0.17708505012626208,0.5862497868189708,2024-10-08,2024-10-17,0.7361290322580645,0.6993548387096774,2.650366748166259,29,0.03141964262772807
Top4_3.75,4,0.0375,without_securities,"hs300,zz500,cyb,kc50,consumer,medicine,new_energy,dividend",8,1.8347804251722515,0.8347804251722515,0.1037066842447778,0.15800638010103682,0.6563449158094933,-0.1904798540685898,0.5444496204172548,2023-02-01,2024-10-17,0.7361290322580645,0.6709677419354839,2.54278728606357,29,0.03048103103011958
Top4_3.75,4,0.0375,without_medicine,"hs300,zz500,cyb,kc50,securities,consumer,new_energy,dividend",8,1.8302896504856947,0.8302896504856947,0.10326703614615007,0.16179914266974324,0.6382421713873594,-0.1770850501262622,0.5831493741144177,2024-10-08,2024-10-17,0.7496774193548387,0.6883870967741935,2.75,29,0.029919642627728067
Top4_3.75,4,0.0375,full_pool,"hs300,zz500,cyb,kc50,securities,consumer,medicine,new_energy,dividend",9,1.8146069488494199,0.8146069488494199,0.10172457561140025,0.1591561130361055,0.6391496604866408,-0.1770850501262623,0.574439093186411,2024-10-08,2024-10-17,0.7361290322580645,0.7270967741935483,2.7555012224938875,29,0.031419642627728075
Top4_3.75,4,0.0375,without_cyb,"hs300,zz500,kc50,securities,consumer,medicine,new_energy,dividend",8,1.7450336309782721,0.7450336309782721,0.09474411190744059,0.14827634311756727,0.6389698445173998,-0.16405501504215658,0.5775142679002806,2023-02-01,2024-10-17,0.747741935483871,0.6116129032258064,2.424552429667519,28,0.0298776037841444
Top4_3.75,4,0.0375,without_dividend,"hs300,zz500,cyb,kc50,securities,consumer,medicine,new_energy",8,1.738264541015827,0.7382645410158271,0.09405257648323984,0.15842561247817694,0.593670272199172,-0.17880776776781115,0.5259982698591191,2023-02-01,2024-10-17,0.7509677419354839,0.6974193548387096,2.800518134715026,28,0.029419642627728067
Top4_3.75,4,0.0375,without_zz500,"hs300,cyb,kc50,securities,consumer,medicine,new_energy,dividend",8,1.6256186570462585,0.6256186570462585,0.08220005662285357,0.15818449750246796,0.5196467284764811,-0.18962476126650452,0.4334879900380049,2023-02-01,2024-10-17,0.7490322580645161,0.6741935483870968,2.6863753213367607,27,0.028460621134358488
Top4_3.75,4,0.0375,without_kc50,"hs300,zz500,cyb,securities,consumer,medicine,new_energy,dividend",8,1.5735562227613924,0.5735562227613924,0.07648813056775317,0.13955742439346822,0.5480763986593972,-0.18834550659094296,0.4061054173905696,2021-07-22,2024-10-17,0.7612903225806451,0.6225806451612903,2.608108108108108,27,0.02920491489264596
Top4_3.75,4,0.0375,without_new_energy,"hs300,zz500,cyb,kc50,securities,consumer,medicine,dividend",8,1.5272595857286588,0.5272595857286588,0.07127426327489106,0.15785790718062223,0.4515089839201941,-0.17708505012626208,0.40248605528288434,2024-10-08,2024-10-17,0.7361290322580645,0.6219354838709678,2.356968215158924,29,0.03193628961982053
Top4_3.75,4,0.0375,without_growth_group,"hs300,zz500,consumer,medicine,dividend",5,1.04458276064475,0.044582760644749975,0.007116570030355263,0.1002419228159947,0.07099394974115297,-0.16938458070603524,0.042014273086084374,2026-01-23,2026-03-23,0.8264516129032258,0.30451612903225805,1.754646840148699,22,0.023995579168223473
Top4_3.75,4,0.0375,broad_plus_dividend,"hs300,zz500,dividend",3,0.9185316865569416,-0.08146831344305838,-0.013720918794205894,0.08332495575766782,-0.16466757971177504,-0.16938458070603557,-0.08100453262636902,2026-01-23,2026-03-23,0.8651612903225806,0.1870967741935484,1.38755980861244,19,0.01930121694890078
Top4_3.75,4,0.0375,no_sector_etf,"hs300,zz500,dividend",3,0.9185316865569416,-0.08146831344305838,-0.013720918794205894,0.08332495575766782,-0.16466757971177504,-0.16938458070603557,-0.08100453262636902,2026-01-23,2026-03-23,0.8651612903225806,0.1870967741935484,1.38755980861244,19,0.01930121694890078
Top4_3.75,4,0.0375,broad_index_only,"hs300,zz500",2,0.8873705798907027,-0.11262942010929733,-0.019239691370838585,0.08364196103557496,-0.2300243936492053,-0.18907952824451302,-0.10175449214130833,2021-01-12,2026-03-23,0.88,0.14580645161290323,1.2150537634408602,17,0.016967647949171768
Top4_4.00,4,0.04,without_consumer,"hs300,zz500,cyb,kc50,securities,medicine,new_energy,dividend",8,1.974846211665951,0.9748462116659511,0.11698667309719801,0.16297517170549,0.7178189896839188,-0.17014783635421737,0.6875589816708141,2024-10-08,2024-10-17,0.7361290322580645,0.6348387096774194,2.4058679706601467,29,0.030931055099916165
Top4_4.00,4,0.04,without_defensive_group,"hs300,zz500,cyb,kc50,securities,new_energy",6,1.9226278233641911,0.9226278233641911,0.11213079995080033,0.16555441781934355,0.6773047885267538,-0.17391209245764072,0.644755625478497,2023-02-01,2024-10-17,0.7645161290322581,0.5664516129032258,2.4054794520547946,27,0.027597721766582834
Top4_4.00,4,0.04,without_medicine,"hs300,zz500,cyb,kc50,securities,consumer,new_energy,dividend",8,1.8765745480404241,0.8765745480404241,0.1077556955828316,0.16311867213943446,0.660596939452288,-0.18962476126650374,0.5682575148051938,2023-02-01,2024-10-17,0.7496774193548387,0.635483870967742,2.538659793814433,29,0.030088503233330094
Top4_4.00,4,0.04,without_hs300,"zz500,cyb,kc50,securities,consumer,medicine,new_energy,dividend",8,1.8658079309857833,0.8658079309857833,0.1067199048911256,0.1606416058545309,0.6643353963217092,-0.18731072209801047,0.569747976494823,2023-02-01,2024-10-17,0.7361290322580645,0.6593548387096774,2.4987775061124693,29,0.031588503233330095
Top4_4.00,4,0.04,without_securities,"hs300,zz500,cyb,kc50,consumer,medicine,new_energy,dividend",8,1.8609909956485458,0.8609909956485458,0.1062548755053887,0.15937509759276688,0.6666968498233629,-0.21304000906626408,0.49875549654308887,2023-02-01,2024-10-17,0.7361290322580645,0.6180645161290322,2.3422982885085575,29,0.030649891635721606
Top4_4.00,4,0.04,full_pool,"hs300,zz500,cyb,kc50,securities,consumer,medicine,new_energy,dividend",9,1.860495257679286,0.8604952576792859,0.10620695952292958,0.16049753630064023,0.6617357622486191,-0.1896247612665044,0.5600901423082774,2023-02-01,2024-10-17,0.7361290322580645,0.6741935483870968,2.555012224938875,29,0.0315885032333301
Top4_4.00,4,0.04,without_dividend,"hs300,zz500,cyb,kc50,securities,consumer,medicine,new_energy",8,1.7822222808099581,0.7822222808099581,0.09850374674462259,0.15977396328114976,0.61651939228226,-0.19412871145024513,0.5074146220244652,2023-02-01,2024-10-17,0.7509677419354839,0.6445161290322581,2.588082901554404,28,0.029588503233330093
Top4_4.00,4,0.04,without_cyb,"hs300,zz500,kc50,securities,consumer,medicine,new_energy,dividend",8,1.7765207545071728,0.7765207545071728,0.09793163332205501,0.15176216458742997,0.6452967614707205,-0.18487978589669396,0.529704385187771,2023-02-01,2024-10-17,0.747741935483871,0.5587096774193548,2.214833759590793,28,0.030210937117477733
Top4_4.00,4,0.04,without_zz500,"hs300,cyb,kc50,securities,consumer,medicine,new_energy,dividend",8,1.7601176592407834,0.7601176592407834,0.09627706405188241,0.1602965617348032,0.6006183976120741,-0.1896247612665044,0.5077241147666981,2023-02-01,2024-10-17,0.7490322580645161,0.6341935483870967,2.526992287917738,27,0.02907158551738407
Top4_4.00,4,0.04,without_kc50,"hs300,zz500,cyb,securities,consumer,medicine,new_energy,dividend",8,1.5595226299551816,0.5595226299551816,0.07492140725516583,0.14105930025998556,0.5311341196013211,-0.2026431731944427,0.36972085500889934,2021-07-22,2024-10-17,0.7612903225806451,0.5967741935483871,2.5,27,0.02920491489264596
Top4_4.00,4,0.04,without_new_energy,"hs300,zz500,cyb,kc50,securities,consumer,medicine,dividend",8,1.553000255046507,0.553000255046507,0.07418922122440264,0.15885383966275482,0.4670281900765234,-0.18236387014376643,0.4068197344458396,2021-07-12,2024-10-17,0.7361290322580645,0.5690322580645162,2.156479217603912,29,0.03226962295315386
Top4_4.00,4,0.04,without_growth_group,"hs300,zz500,consumer,medicine,dividend",5,1.0401108617271773,0.04011086172717726,0.0064143430150311875,0.10314093809909944,0.062190078287519414,-0.16938458070603535,0.037868517832583555,2026-01-23,2026-03-23,0.8393548387096774,0.2787096774193548,1.7349397590361446,20,0.02199557916822347
Top4_4.00,4,0.04,broad_plus_dividend,"hs300,zz500,dividend",3,0.9018236942594675,-0.09817630574053249,-0.01666013148839296,0.07810157318974977,-0.21331364795836757,-0.16938458070603513,-0.09835683637170266,2026-01-23,2026-03-23,0.8909677419354839,0.16129032258064516,1.4792899408284024,15,0.01530121694890078
Top4_4.00,4,0.04,no_sector_etf,"hs300,zz500,dividend",3,0.9018236942594675,-0.09817630574053249,-0.01666013148839296,0.07810157318974977,-0.21331364795836757,-0.16938458070603513,-0.09835683637170266,2026-01-23,2026-03-23,0.8909677419354839,0.16129032258064516,1.4792899408284024,15,0.01530121694890078
Top4_4.00,4,0.04,broad_index_only,"hs300,zz500",2,0.8712294047621721,-0.12877059523782786,-0.02216245755741697,0.07843846615280387,-0.2825457794424853,-0.16938458070603502,-0.1308410568721108,2026-01-23,2026-03-23,0.9058064516129032,0.12,1.273972602739726,13,0.012967647949171764
